sample_id,true_label,predicted_label,confidence
0,7,7,0.9953385591506958
1,2,2,0.979097306728363
2,1,1,0.9729756712913513
3,0,0,0.9993155002593994
4,4,4,0.9469634890556335
5,1,1,0.9868559241294861
6,4,4,0.9679424166679382
7,9,9,0.9614007472991943
8,5,6,0.9937586784362793
9,9,9,0.926182210445404
10,0,0,0.9896550178527832
11,6,6,0.8638895153999329
12,9,9,0.9379079937934875
13,0,0,0.9962530136108398
14,1,1,0.994731068611145
15,5,5,0.8824868202209473
16,9,9,0.9061388969421387
17,7,7,0.9895936250686646
18,3,3,0.7937937378883362
19,4,4,0.9783187508583069
20,9,9,0.8612774610519409
21,6,6,0.981350302696228
22,6,6,0.9072866439819336
23,5,5,0.9741166234016418
24,4,4,0.8924946188926697
25,0,0,0.9999219179153442
26,7,7,0.9715483784675598
27,4,4,0.9808695316314697
28,0,0,0.9996232986450195
29,1,1,0.9363491535186768
30,3,3,0.9925454258918762
31,1,1,0.9475106000900269
32,3,3,0.9268890023231506
33,4,6,0.5282455682754517
34,7,7,0.9939324259757996
35,2,2,0.9980759620666504
36,7,7,0.9797821640968323
37,1,1,0.9919488430023193
38,2,2,0.7425568699836731
39,1,1,0.9711083769798279
40,1,1,0.968946635723114
41,7,7,0.8702916502952576
42,4,4,0.8819141983985901
43,2,2,0.9606712460517883
44,3,3,0.8626351952552795
45,5,5,0.9086263179779053
46,1,1,0.7893542647361755
47,2,2,0.887721061706543
48,4,4,0.974997341632843
49,4,4,0.9890670776367188
50,6,6,0.9915186762809753
51,3,3,0.9982494711875916
52,5,5,0.8711910247802734
53,5,5,0.888075053691864
54,6,6,0.9036564230918884
55,0,0,0.9710184335708618
56,4,4,0.9979914426803589
57,1,1,0.9666439890861511
58,9,9,0.9469159245491028
59,5,5,0.7860661149024963
60,7,7,0.9935395121574402
61,8,8,0.8986105918884277
62,9,9,0.6404658555984497
63,3,2,0.693485677242279
64,7,7,0.9786418676376343
65,4,4,0.8484693169593811
66,6,2,0.39710545539855957
67,4,4,0.9920245409011841
68,3,3,0.9916132688522339
69,0,0,0.9912217855453491
70,7,7,0.9983409643173218
71,0,0,0.9996956586837769
72,2,2,0.9928941130638123
73,9,9,0.5367237329483032
74,1,1,0.9734242558479309
75,7,7,0.9944882988929749
76,3,3,0.881725549697876
77,2,2,0.5247885584831238
78,9,9,0.6917425394058228
79,7,7,0.9995972514152527
80,7,7,0.6951497793197632
81,6,6,0.9444680213928223
82,2,2,0.9999539852142334
83,7,7,0.977379322052002
84,8,8,0.8962728977203369
85,4,4,0.998344898223877
86,7,7,0.9996046423912048
87,3,3,0.82328861951828
88,6,6,0.9958958625793457
89,1,1,0.9926196932792664
90,3,3,0.9970594048500061
91,6,6,0.9965824484825134
92,9,4,0.4367843568325043
93,3,3,0.9957042336463928
94,1,1,0.9897639751434326
95,4,4,0.9931790828704834
96,1,1,0.9050509929656982
97,7,7,0.9485288262367249
98,6,6,0.9849758744239807
99,9,9,0.9910645484924316
100,6,6,0.9640751481056213
101,0,0,0.9918699264526367
102,5,5,0.9898566007614136
103,4,4,0.9978786706924438
104,9,9,0.9029754996299744
105,9,9,0.9417006373405457
106,2,2,0.9930984377861023
107,1,1,0.8656468391418457
108,9,9,0.9480945467948914
109,4,4,0.9300887584686279
110,8,8,0.9089369177818298
111,7,7,0.597751796245575
112,3,3,0.8851726651191711
113,9,9,0.973357617855072
114,7,7,0.9198392033576965
115,4,4,0.8224109411239624
116,4,4,0.893134355545044
117,4,4,0.9985178112983704
118,9,9,0.768614649772644
119,2,2,0.7572687864303589
120,5,5,0.8051483035087585
121,4,4,0.6479362845420837
122,7,7,0.9780786633491516
123,6,6,0.9857382774353027
124,7,4,0.6125869154930115
125,9,9,0.8556061387062073
126,0,0,0.5642651319503784
127,5,5,0.9783763885498047
128,8,8,0.9919298887252808
129,5,5,0.9648923277854919
130,6,6,0.999032735824585
131,6,6,0.9997223019599915
132,5,5,0.9433774948120117
133,7,7,0.8872048854827881
134,8,8,0.9887268543243408
135,1,1,0.9903175830841064
136,0,0,0.9824537634849548
137,1,1,0.9837497472763062
138,6,6,0.9986394047737122
139,4,4,0.6919115781784058
140,6,6,0.9575546979904175
141,7,7,0.9869645237922668
142,3,3,0.9455035924911499
143,1,1,0.9926074743270874
144,7,7,0.6950271129608154
145,1,1,0.9659340381622314
146,8,8,0.9843028783798218
147,2,2,0.9999581575393677
148,0,0,0.9924029111862183
149,2,9,0.8316036462783813
150,9,9,0.9162957668304443
151,9,9,0.5589285492897034
152,5,5,0.9652385115623474
153,5,5,0.6914510726928711
154,1,1,0.9626069068908691
155,5,5,0.9765497446060181
156,6,6,0.9678347706794739
157,0,0,0.9806002974510193
158,3,3,0.8529868721961975
159,4,4,0.726740837097168
160,4,4,0.9986829161643982
161,6,6,0.997000515460968
162,5,5,0.9932591915130615
163,4,4,0.9919638633728027
164,6,6,0.9866207838058472
165,5,5,0.8232195973396301
166,4,4,0.9243693947792053
167,5,5,0.9085567593574524
168,1,1,0.9952428936958313
169,4,4,0.9688593149185181
170,4,4,0.9053452610969543
171,7,7,0.9897618889808655
172,2,2,0.8266684412956238
173,3,3,0.9095245003700256
174,2,2,0.9988499879837036
175,7,7,0.6997487545013428
176,1,1,0.9774698615074158
177,8,8,0.844844400882721
178,1,1,0.9956372380256653
179,8,8,0.9896174669265747
180,1,1,0.9801340699195862
181,8,8,0.969102680683136
182,5,5,0.8887240886688232
183,0,0,0.9963801503181458
184,8,8,0.8548296093940735
185,9,9,0.7534860372543335
186,2,2,0.968830943107605
187,5,5,0.6214650273323059
188,0,0,0.9998218417167664
189,1,1,0.9034308791160583
190,1,1,0.9557859301567078
191,1,1,0.8451271057128906
192,0,0,0.9805075526237488
193,9,3,0.46224260330200195
194,0,0,0.9760735034942627
195,3,5,0.3920261561870575
196,1,1,0.9705215692520142
197,6,6,0.9994070529937744
198,4,4,0.9069047570228577
199,2,2,0.9962413311004639
200,3,3,0.9881995916366577
201,6,6,0.9984809756278992
202,1,1,0.9585344195365906
203,1,1,0.9705694913864136
204,1,1,0.9726837873458862
205,3,3,0.9661240577697754
206,9,9,0.9814619421958923
207,5,5,0.9714329242706299
208,2,2,0.9998345375061035
209,9,9,0.9878155589103699
210,4,4,0.7830477952957153
211,5,7,0.5035147666931152
212,9,9,0.9582633972167969
213,3,3,0.8777544498443604
214,9,9,0.933859646320343
215,0,0,0.9892731308937073
216,3,3,0.9939143061637878
217,6,5,0.5381739139556885
218,5,5,0.7696574330329895
219,5,5,0.8599451780319214
220,7,7,0.8946371078491211
221,2,2,0.9853276014328003
222,2,2,0.9999480247497559
223,7,7,0.9951967597007751
224,1,1,0.8461257219314575
225,2,2,0.9729989171028137
226,8,8,0.9839995503425598
227,4,4,0.8428095579147339
228,1,1,0.9850598573684692
229,7,7,0.9384375810623169
230,3,3,0.9680383801460266
231,3,3,0.8475186228752136
232,8,8,0.8777258992195129
233,8,7,0.5410377383232117
234,7,7,0.9044698476791382
235,9,9,0.6767705082893372
236,2,2,0.9860336184501648
237,2,2,0.9685255289077759
238,4,4,0.9954427480697632
239,1,1,0.9961526989936829
240,5,5,0.65826016664505
241,9,8,0.5480592250823975
242,8,8,0.956476628780365
243,7,7,0.8702207803726196
244,2,2,0.9264000654220581
245,3,5,0.48475316166877747
246,0,0,0.9894017577171326
247,4,2,0.44657692313194275
248,4,4,0.9985942244529724
249,2,2,0.8397161364555359
250,4,4,0.9273208975791931
251,1,1,0.5928440690040588
252,9,9,0.9703723788261414
253,5,5,0.9485541582107544
254,7,7,0.9812239408493042
255,7,7,0.9298832416534424
256,2,2,0.8283294439315796
257,8,8,0.693661093711853
258,2,2,0.9993253946304321
259,6,0,0.9800053834915161
260,8,8,0.97540682554245
261,5,5,0.7078631520271301
262,7,7,0.9970971345901489
263,7,7,0.9880836606025696
264,9,9,0.5421198606491089
265,1,1,0.9953144788742065
266,8,8,0.8742581009864807
267,1,1,0.9974827170372009
268,8,8,0.9287453293800354
269,0,0,0.9875187277793884
270,3,3,0.9226858019828796
271,0,0,0.9912078380584717
272,1,1,0.9919241070747375
273,9,9,0.9497595429420471
274,9,9,0.9267151355743408
275,4,4,0.8795958757400513
276,1,1,0.9940179586410522
277,8,8,0.9739185571670532
278,2,2,0.9848567247390747
279,1,1,0.991870641708374
280,2,2,0.807027280330658
281,9,9,0.9897941946983337
282,7,7,0.7096646428108215
283,5,5,0.9329354763031006
284,9,9,0.9758852124214172
285,2,2,0.9974386692047119
286,6,6,0.9413374066352844
287,4,4,0.97272789478302
288,1,1,0.9319615960121155
289,5,5,0.8925558924674988
290,8,4,0.39611536264419556
291,2,2,0.8665227293968201
292,9,9,0.9778134822845459
293,2,2,0.9993465542793274
294,0,0,0.965932309627533
295,4,4,0.8973647356033325
296,0,0,0.9998937845230103
297,0,0,0.9808552861213684
298,2,2,0.9933974742889404
299,8,8,0.7932134866714478
300,4,6,0.5044618844985962
301,7,7,0.8731698393821716
302,1,1,0.9982768297195435
303,2,2,0.8880366086959839
304,4,4,0.7735188603401184
305,0,0,0.7811020016670227
306,2,2,0.9668682813644409
307,7,9,0.43090155720710754
308,4,4,0.9793679714202881
309,3,3,0.9684538841247559
310,3,3,0.9532674551010132
311,0,0,0.9996662139892578
312,0,0,0.9985467791557312
313,3,5,0.547223687171936
314,1,1,0.9963674545288086
315,9,9,0.9101463556289673
316,6,6,0.9964867830276489
317,5,5,0.8581879734992981
318,2,2,0.5050809383392334
319,5,5,0.9503476023674011
320,9,7,0.6864866614341736
321,2,7,0.8925178050994873
322,9,9,0.9675246477127075
323,3,3,0.9655170440673828
324,0,0,0.37661775946617126
325,4,4,0.5929545760154724
326,2,2,0.967808723449707
327,0,0,0.9977995753288269
328,7,7,0.9828375577926636
329,1,1,0.9957120418548584
330,1,1,0.9944279193878174
331,2,2,0.9246686697006226
332,1,1,0.9972025156021118
333,5,5,0.8806033134460449
334,3,3,0.9949722290039062
335,3,3,0.7444191575050354
336,9,9,0.7537429928779602
337,7,7,0.9886813163757324
338,8,8,0.890353798866272
339,6,6,0.9442899227142334
340,5,3,0.922481119632721
341,6,6,0.43692028522491455
342,1,1,0.9913913011550903
343,3,3,0.9760996103286743
344,8,8,0.6639243960380554
345,1,1,0.992102324962616
346,0,0,0.9913582801818848
347,5,5,0.9252459406852722
348,1,1,0.9775631427764893
349,3,3,0.8294270038604736
350,1,1,0.9517305493354797
351,5,5,0.9219051003456116
352,5,0,0.9035168290138245
353,6,6,0.9557443261146545
354,1,1,0.9027140736579895
355,8,8,0.9897946715354919
356,5,5,0.9845512509346008
357,1,1,0.8103090524673462
358,7,7,0.664246141910553
359,9,4,0.49415352940559387
360,4,4,0.9915928840637207
361,6,6,0.9982619881629944
362,2,7,0.7768892049789429
363,2,2,0.7640896439552307
364,5,5,0.8759627342224121
365,0,0,0.9585833549499512
366,6,6,0.5144525766372681
367,5,5,0.8311126828193665
368,6,6,0.9457783102989197
369,3,3,0.9756636619567871
370,7,7,0.9883022904396057
371,2,2,0.9703344106674194
372,0,0,0.674896776676178
373,8,8,0.9582682251930237
374,8,8,0.9561567306518555
375,5,5,0.9920133948326111
376,4,4,0.7576828002929688
377,1,1,0.9899519085884094
378,1,1,0.9973803162574768
379,4,4,0.9391794204711914
380,0,0,0.5934963226318359
381,3,7,0.5580865740776062
382,3,3,0.9105899930000305
383,7,7,0.9522790312767029
384,6,6,0.9989184141159058
385,1,1,0.9924483299255371
386,6,6,0.5917291641235352
387,2,2,0.9917631149291992
388,1,1,0.9599726796150208
389,9,9,0.5326687693595886
390,2,2,0.9999251365661621
391,8,8,0.470893919467926
392,6,6,0.9901536107063293
393,1,1,0.9853009581565857
394,9,9,0.8932797312736511
395,5,5,0.8671653270721436
396,2,2,0.9994912147521973
397,5,5,0.8919457793235779
398,4,4,0.9692736864089966
399,4,4,0.9857869148254395
400,2,2,0.9929087162017822
401,8,8,0.8984527587890625
402,3,3,0.9152264595031738
403,8,8,0.3763751983642578
404,2,2,0.9529183506965637
405,4,4,0.8770456314086914
406,5,8,0.4342193007469177
407,0,0,0.9989224672317505
408,3,3,0.9689096808433533
409,1,1,0.9771910905838013
410,7,7,0.9971689581871033
411,7,7,0.9212789535522461
412,5,3,0.7392335534095764
413,7,7,0.999798595905304
414,9,9,0.9493199586868286
415,7,7,0.9817073941230774
416,1,1,0.9957302212715149
417,9,9,0.659665048122406
418,2,2,0.9983698725700378
419,1,1,0.9854903221130371
420,4,4,0.8616845607757568
421,2,2,0.7216296792030334
422,9,9,0.9036397337913513
423,2,2,0.9977133274078369
424,0,0,0.9756952524185181
425,4,4,0.9145644903182983
426,9,9,0.9439910054206848
427,1,1,0.9912824630737305
428,4,4,0.8849613666534424
429,8,8,0.8983094692230225
430,1,1,0.9834083318710327
431,8,8,0.8607991337776184
432,4,4,0.9707284569740295
433,5,5,0.8798084855079651
434,9,9,0.9442571997642517
435,8,7,0.6255788207054138
436,8,8,0.7874709963798523
437,3,3,0.9989303946495056
438,7,7,0.9157965779304504
439,6,6,0.9447096586227417
440,0,0,0.999997615814209
441,0,0,0.9942829608917236
442,3,3,0.997114896774292
443,0,0,0.8331968784332275
444,2,8,0.6720467805862427
445,6,0,0.9850538372993469
446,6,6,0.9833943843841553
447,4,4,0.6583645343780518
448,9,8,0.6388692855834961
449,3,5,0.6096668243408203
450,3,3,0.8875578045845032
451,3,3,0.9961687922477722
452,2,2,0.9264636635780334
453,3,3,0.9230074286460876
454,9,9,0.8820427656173706
455,1,1,0.9924147725105286
456,2,2,0.815514862537384
457,6,6,0.6290295720100403
458,8,8,0.9704893231391907
459,0,0,0.971744179725647
460,5,5,0.7772665023803711
461,6,6,0.9816775918006897
462,6,6,0.9743661880493164
463,6,6,0.9994511008262634
464,3,3,0.4441474676132202
465,8,8,0.8020132780075073
466,8,8,0.9904597997665405
467,2,2,0.9745910167694092
468,7,2,0.4151388704776764
469,5,8,0.5074685215950012
470,8,8,0.9260623455047607
471,9,9,0.8548908829689026
472,6,6,0.9854822158813477
473,1,1,0.9408746361732483
474,8,8,0.9686417579650879
475,4,4,0.9898226261138916
476,1,1,0.9956411123275757
477,2,2,0.997128427028656
478,5,8,0.4537663161754608
479,9,3,0.5762380361557007
480,1,1,0.9757048487663269
481,9,9,0.962589681148529
482,7,7,0.9576696753501892
483,5,5,0.8496589660644531
484,4,4,0.975226104259491
485,0,0,0.9392044544219971
486,8,8,0.8915444016456604
487,9,9,0.9272110462188721
488,9,9,0.6123674511909485
489,1,1,0.9862073659896851
490,0,0,0.9060878753662109
491,5,5,0.899322509765625
492,2,2,0.929241955280304
493,3,3,0.9989251494407654
494,7,7,0.999446451663971
495,8,2,0.418405145406723
496,9,9,0.9671103954315186
497,4,4,0.8427256941795349
498,0,0,0.967187225818634
499,6,6,0.9446383714675903
500,3,3,0.9999282360076904
501,9,9,0.995262622833252
502,5,3,0.7603004574775696
503,2,2,0.9999008178710938
504,1,1,0.9608620405197144
505,3,3,0.9049586057662964
506,1,1,0.9285995364189148
507,3,5,0.725034236907959
508,6,6,0.7805349826812744
509,5,5,0.8281469941139221
510,7,7,0.8224011659622192
511,4,1,0.4150550663471222
512,2,2,0.980951189994812
513,2,2,0.9986636638641357
514,6,6,0.7880851030349731
515,3,3,0.5000182390213013
516,2,2,0.8554208874702454
517,6,6,0.9987875819206238
518,5,5,0.9840238094329834
519,4,4,0.7571659088134766
520,8,8,0.8069984912872314
521,9,9,0.8735164403915405
522,7,7,0.9247470498085022
523,1,1,0.8696238398551941
524,3,3,0.732820987701416
525,0,0,0.9922183752059937
526,3,3,0.9914105534553528
527,8,8,0.8736559152603149
528,3,3,0.5702158808708191
529,1,1,0.994434654712677
530,9,9,0.47978779673576355
531,3,6,0.6382793188095093
532,4,4,0.7548919916152954
533,4,4,0.990911066532135
534,6,6,0.9679770469665527
535,4,4,0.9935710430145264
536,2,1,0.5725353956222534
537,1,1,0.9887198805809021
538,8,8,0.6738423109054565
539,2,2,0.9995635151863098
540,5,5,0.7190151214599609
541,4,4,0.9935706853866577
542,8,2,0.4136119484901428
543,8,3,0.5378928780555725
544,4,4,0.9993634819984436
545,0,0,0.8218741416931152
546,0,0,0.9990566372871399
547,2,2,0.7395557165145874
548,3,3,0.901634693145752
549,2,2,0.9998358488082886
550,7,7,0.6380395889282227
551,7,1,0.7795220017433167
552,0,0,0.7232180833816528
553,8,8,0.7190485000610352
554,7,7,0.9983896017074585
555,4,4,0.926529049873352
556,4,4,0.9977420568466187
557,7,7,0.9748700857162476
558,9,9,0.9626051187515259
559,6,6,0.9992749094963074
560,9,9,0.9207704067230225
561,0,0,0.9647935628890991
562,9,9,0.8385446667671204
563,8,8,0.8890948295593262
564,0,0,0.9711733460426331
565,4,9,0.8522866368293762
566,6,6,0.8724660873413086
567,0,0,0.9099924564361572
568,6,6,0.9568265080451965
569,3,5,0.5700948238372803
570,5,5,0.9343230128288269
571,4,4,0.5038300156593323
572,8,8,0.720323383808136
573,3,3,0.9985275268554688
574,3,3,0.9935060739517212
575,9,9,0.9460423588752747
576,3,3,0.9990139007568359
577,3,3,0.9770938754081726
578,3,2,0.5883870124816895
579,7,7,0.9808727502822876
580,8,8,0.9966501593589783
581,0,0,0.9967710375785828
582,8,2,0.45517468452453613
583,2,2,0.5829243063926697
584,1,1,0.9745076894760132
585,7,7,0.9850234985351562
586,0,0,0.9685919880867004
587,6,6,0.9992417097091675
588,5,5,0.7346519231796265
589,4,4,0.9168092012405396
590,3,3,0.9972956776618958
591,8,3,0.8275468349456787
592,0,0,0.9956022500991821
593,9,9,0.794715166091919
594,6,6,0.9956135749816895
595,3,3,0.7904832363128662
596,8,8,0.9401884078979492
597,0,0,0.9420114159584045
598,9,9,0.9678061604499817
599,9,9,0.9743479490280151
600,6,6,0.9910972118377686
601,8,8,0.9442160725593567
602,6,6,0.9977328777313232
603,8,8,0.7412799000740051
604,5,5,0.890627920627594
605,7,7,0.5283649563789368
606,8,8,0.6449311375617981
607,6,6,0.9651090502738953
608,0,0,0.9457657337188721
609,2,2,0.9703707695007324
610,4,4,0.27657026052474976
611,0,0,0.9755241274833679
612,2,2,0.9970889687538147
613,2,2,0.4335140585899353
614,3,3,0.7439218759536743
615,1,1,0.890420138835907
616,9,9,0.8956531882286072
617,7,7,0.9967717528343201
618,5,5,0.9040963053703308
619,1,8,0.6076906323432922
620,0,0,0.9656162858009338
621,8,8,0.9277583360671997
622,4,4,0.9663200378417969
623,6,6,0.997927188873291
624,2,2,0.4749438166618347
625,6,6,0.9915737509727478
626,7,7,0.9992135763168335
627,9,4,0.4989130198955536
628,3,9,0.5934543013572693
629,2,6,0.7230620384216309
630,9,9,0.8492041230201721
631,8,8,0.9962834715843201
632,2,2,0.997350811958313
633,2,2,0.9964869022369385
634,9,9,0.9956009387969971
635,2,2,0.918451726436615
636,7,7,0.9984717965126038
637,3,3,0.9737946391105652
638,5,5,0.7847923636436462
639,9,9,0.9047479629516602
640,1,1,0.9779737591743469
641,8,8,0.8975768685340881
642,0,0,0.9868099689483643
643,2,2,0.9960930943489075
644,0,0,0.9906157851219177
645,5,5,0.8261156678199768
646,2,2,0.8921719789505005
647,1,1,0.9878569841384888
648,3,3,0.9990565180778503
649,7,7,0.9499961137771606
650,6,6,0.9869170188903809
651,7,7,0.999032735824585
652,1,1,0.996681272983551
653,2,2,0.9541277289390564
654,5,5,0.8353655338287354
655,8,8,0.9570141434669495
656,0,0,0.987206220626831
657,3,3,0.9902142286300659
658,7,4,0.39711737632751465
659,2,9,0.5235851407051086
660,4,4,0.9711745977401733
661,0,0,0.8886155486106873
662,9,9,0.9911924004554749
663,1,1,0.9961467981338501
664,8,8,0.9458437561988831
665,6,6,0.9987351298332214
666,7,7,0.8877710103988647
667,7,7,0.6199085712432861
668,4,4,0.8988327383995056
669,3,3,0.9681149125099182
670,4,4,0.9884495735168457
671,9,9,0.9760615825653076
672,1,1,0.9920163154602051
673,9,9,0.9144719839096069
674,5,5,0.6394065022468567
675,1,1,0.9956894516944885
676,7,7,0.9999208450317383
677,3,3,0.9960566759109497
678,9,9,0.8938113451004028
679,7,7,0.9806812405586243
680,6,6,0.9916548728942871
681,9,9,0.9762662649154663
682,1,1,0.9940516352653503
683,3,3,0.9196905493736267
684,7,3,0.5716659426689148
685,8,8,0.906907320022583
686,3,3,0.9967868328094482
687,3,3,0.7963432669639587
688,6,6,0.9431414008140564
689,7,7,0.4571648836135864
690,2,2,0.9739645719528198
691,8,4,0.9852756261825562
692,5,5,0.5257678627967834
693,8,8,0.9861477017402649
694,5,5,0.9858755469322205
695,1,1,0.9790043830871582
696,1,1,0.9403570890426636
697,4,4,0.9967578053474426
698,4,4,0.787318229675293
699,3,3,0.9080178141593933
700,1,1,0.9714924693107605
701,0,0,0.9935041069984436
702,7,7,0.9806265234947205
703,7,7,0.9859588742256165
704,0,0,0.9750257730484009
705,7,7,0.9677812457084656
706,9,9,0.8909550309181213
707,4,9,0.919422447681427
708,4,4,0.9840972423553467
709,8,8,0.9941186904907227
710,5,5,0.9293637275695801
711,5,5,0.9972666501998901
712,4,4,0.8603626489639282
713,0,0,0.9137343764305115
714,8,8,0.6018103361129761
715,2,2,0.9840911030769348
716,1,1,0.8933274149894714
717,0,6,0.8933796286582947
718,8,8,0.9709993600845337
719,4,4,0.9994322657585144
720,5,2,0.7859489321708679
721,0,0,0.9071862697601318
722,4,4,0.9861704111099243
723,0,0,0.9334384799003601
724,6,6,0.9674631357192993
725,1,1,0.9918513894081116
726,7,7,0.8411014080047607
727,3,3,0.8687162399291992
728,2,8,0.6119657754898071
729,6,6,0.9825899004936218
730,7,7,0.9430010318756104
731,2,2,0.999134361743927
732,6,6,0.999721348285675
733,9,9,0.9596278667449951
734,3,3,0.6971365809440613
735,1,1,0.991999626159668
736,4,4,0.9992897510528564
737,6,6,0.9915629625320435
738,2,8,0.6084120869636536
739,5,5,0.9289320111274719
740,4,9,0.947272777557373
741,2,8,0.517723798751831
742,0,0,0.9998667240142822
743,6,6,0.9936476349830627
744,2,2,0.9995983242988586
745,1,1,0.9772654175758362
746,7,7,0.9649181962013245
747,3,3,0.9768214821815491
748,4,4,0.8132033944129944
749,1,1,0.9624393582344055
750,0,0,0.9677947759628296
751,5,5,0.582985520362854
752,4,4,0.9552740454673767
753,3,3,0.9949846267700195
754,1,1,0.9910041093826294
755,1,1,0.9842391014099121
756,7,7,0.9404172897338867
757,4,4,0.8678982257843018
758,9,9,0.954210102558136
759,9,9,0.9368554949760437
760,4,9,0.5584970116615295
761,8,8,0.99399733543396
762,4,4,0.9845638275146484
763,0,0,0.9766392111778259
764,2,2,0.9956220984458923
765,4,4,0.972966730594635
766,5,5,0.6483861804008484
767,1,1,0.9661306142807007
768,1,1,0.9963654279708862
769,6,6,0.98582524061203
770,4,4,0.9952263832092285
771,7,7,0.9340428709983826
772,1,1,0.9761300683021545
773,9,9,0.9198502898216248
774,4,4,0.7488369941711426
775,2,2,0.993548572063446
776,4,4,0.9995591044425964
777,1,1,0.9884451627731323
778,5,5,0.9388418197631836
779,5,5,0.993328332901001
780,3,3,0.9780083894729614
781,8,8,0.4534178376197815
782,3,3,0.98384028673172
783,1,1,0.9928800463676453
784,4,4,0.990882396697998
785,5,5,0.9651082754135132
786,6,6,0.6644083857536316
787,8,8,0.9284983277320862
788,9,9,0.9555907845497131
789,4,4,0.7321926951408386
790,1,1,0.9292821884155273
791,5,9,0.5108821392059326
792,3,3,0.9998713731765747
793,8,8,0.9735585451126099
794,0,0,0.9947380423545837
795,3,3,0.6279553174972534
796,2,2,0.9997724890708923
797,5,5,0.8430729508399963
798,1,1,0.980340301990509
799,2,2,0.9998157620429993
800,8,8,0.513160765171051
801,3,3,0.9557007551193237
802,4,4,0.9979245662689209
803,4,4,0.9736331701278687
804,0,0,0.9279050827026367
805,8,8,0.9778528213500977
806,8,8,0.9241276383399963
807,3,3,0.994810938835144
808,3,3,0.9771775603294373
809,1,1,0.946307897567749
810,7,7,0.5781397819519043
811,3,3,0.9924089908599854
812,5,5,0.8704384565353394
813,9,9,0.8826428055763245
814,6,6,0.984889566898346
815,3,3,0.9971082806587219
816,2,2,0.9507143497467041
817,6,6,0.9571242332458496
818,1,1,0.9919793605804443
819,3,3,0.9997474551200867
820,6,6,0.9991729855537415
821,0,0,0.9599210619926453
822,7,7,0.9995705485343933
823,2,2,0.9427119493484497
824,1,1,0.9679657220840454
825,7,7,0.9977213740348816
826,1,1,0.9942359328269958
827,4,4,0.7689087986946106
828,2,2,0.9093269109725952
829,4,4,0.558529794216156
830,2,2,0.6122273802757263
831,1,1,0.9886218905448914
832,7,7,0.8707347512245178
833,9,9,0.9431491494178772
834,6,6,0.8747121691703796
835,1,1,0.9773486852645874
836,1,1,0.9755233526229858
837,2,2,0.9145386815071106
838,4,4,0.9704360365867615
839,8,3,0.9302046895027161
840,1,1,0.9682048559188843
841,7,7,0.9943417310714722
842,7,7,0.8202306032180786
843,4,4,0.9957537651062012
844,8,7,0.6360101103782654
845,0,0,0.964090883731842
846,7,7,0.759904146194458
847,3,3,0.9883643388748169
848,1,1,0.9848043918609619
849,3,3,0.9776500463485718
850,1,1,0.9923849105834961
851,0,0,0.9919975399971008
852,7,7,0.9364293217658997
853,7,7,0.9588497281074524
854,0,0,0.9611978530883789
855,3,3,0.9841414093971252
856,5,5,0.8478464484214783
857,5,3,0.6708769798278809
858,2,2,0.9981993436813354
859,7,7,0.859766960144043
860,6,6,0.9981195330619812
861,6,6,0.9602721333503723
862,9,9,0.917177677154541
863,2,2,0.9829709529876709
864,8,8,0.9994274377822876
865,3,3,0.8452136516571045
866,5,5,0.5270066857337952
867,2,2,0.9889819025993347
868,2,2,0.99224853515625
869,5,5,0.9634497761726379
870,6,6,0.8369625806808472
871,0,0,0.9996398687362671
872,8,8,0.8694265484809875
873,2,2,0.9945749044418335
874,9,9,0.5430269241333008
875,2,2,0.9911439418792725
876,8,8,0.9155377149581909
877,8,2,0.7341490387916565
878,8,8,0.9495421051979065
879,8,8,0.8562729358673096
880,7,7,0.995931088924408
881,4,9,0.6636693477630615
882,9,7,0.523869514465332
883,3,3,0.6989114880561829
884,0,0,0.9747602343559265
885,6,6,0.7762320041656494
886,6,6,0.9813232421875
887,3,3,0.9275938868522644
888,2,2,0.9999111890792847
889,1,1,0.9957418441772461
890,3,3,0.5262033939361572
891,2,2,0.9615569114685059
892,2,2,0.999902606010437
893,9,9,0.7272478938102722
894,3,3,0.8849204778671265
895,0,0,0.9242106080055237
896,0,0,0.6562949419021606
897,5,5,0.9826511740684509
898,7,2,0.4868842661380768
899,8,8,0.9719041585922241
900,1,1,0.650358259677887
901,4,4,0.9304720163345337
902,4,4,0.7773213386535645
903,6,6,0.9908756017684937
904,0,0,0.9836050868034363
905,2,2,0.9998544454574585
906,9,9,0.720068633556366
907,1,1,0.9643948078155518
908,4,4,0.9979293346405029
909,7,7,0.820601761341095
910,4,4,0.9872292280197144
911,7,7,0.9974406957626343
912,3,3,0.9990390539169312
913,9,9,0.9430238008499146
914,8,8,0.9223752617835999
915,8,8,0.7760009765625
916,4,4,0.974465012550354
917,7,7,0.9912005066871643
918,1,1,0.9887614846229553
919,2,2,0.949177622795105
920,1,1,0.9638122916221619
921,2,2,0.9998788833618164
922,2,2,0.9276139736175537
923,3,3,0.9999821186065674
924,2,7,0.799365758895874
925,3,3,0.9687143564224243
926,2,2,0.9397948384284973
927,3,3,0.990254819393158
928,9,9,0.8454599380493164
929,1,1,0.9752794504165649
930,7,7,0.594833493232727
931,4,4,0.8689877986907959
932,0,0,0.9147146940231323
933,3,3,0.9934005737304688
934,5,5,0.9160871505737305
935,5,5,0.940830647945404
936,8,8,0.9548342823982239
937,6,6,0.998187243938446
938,3,5,0.5649026036262512
939,2,8,0.3146841824054718
940,6,6,0.959580659866333
941,7,7,0.9978334307670593
942,6,6,0.993309497833252
943,6,6,0.9737860560417175
944,3,3,0.6118399500846863
945,2,2,0.9948019981384277
946,7,7,0.8322974443435669
947,8,9,0.656367838382721
948,1,1,0.9910416007041931
949,1,1,0.9931327700614929
950,7,2,0.8387417197227478
951,5,5,0.5672569274902344
952,6,6,0.8882778286933899
953,4,4,0.993502676486969
954,9,9,0.9341351985931396
955,5,5,0.7893490195274353
956,1,6,0.379281222820282
957,3,3,0.9673694372177124
958,3,3,0.764167845249176
959,4,9,0.28586211800575256
960,7,7,0.6101673245429993
961,8,8,0.9810311198234558
962,9,9,0.731376051902771
963,1,1,0.9406323432922363
964,1,1,0.9322213530540466
965,6,0,0.9546719789505005
966,9,9,0.9066978693008423
967,1,1,0.9959849119186401
968,4,4,0.9860365390777588
969,4,4,0.6309100985527039
970,5,5,0.8234018683433533
971,4,4,0.9987210631370544
972,0,0,0.992463231086731
973,6,6,0.9930283427238464
974,2,2,0.9991306662559509
975,2,3,0.5281669497489929
976,3,3,0.8957579135894775
977,1,1,0.9936791062355042
978,5,5,0.8307871222496033
979,1,1,0.9951713681221008
980,2,2,0.9934971332550049
981,0,0,0.9818410277366638
982,3,8,0.3940957188606262
983,8,8,0.979259729385376
984,1,1,0.9943850040435791
985,2,2,0.8253067135810852
986,6,6,0.9995808005332947
987,7,7,0.9916607737541199
988,1,1,0.9292174577713013
989,6,6,0.8613166213035583
990,2,2,0.8189968466758728
991,3,3,0.9967964291572571
992,9,9,0.4903508126735687
993,0,0,0.9898995757102966
994,1,1,0.7496176362037659
995,2,2,0.9979509711265564
996,2,2,0.9981086254119873
997,0,0,0.9996452331542969
998,8,8,0.9355302453041077
999,9,7,0.5131317377090454
1000,9,9,0.644059956073761
1001,0,0,0.9903208613395691
1002,2,2,0.882391631603241
1003,5,3,0.6413241624832153
1004,1,1,0.918437659740448
1005,9,9,0.952266275882721
1006,7,7,0.9786496758460999
1007,8,8,0.7709341645240784
1008,1,1,0.9869025945663452
1009,0,0,0.9695707559585571
1010,4,4,0.8911565542221069
1011,1,1,0.9880601763725281
1012,7,9,0.45624905824661255
1013,9,9,0.9084016680717468
1014,6,5,0.8258686661720276
1015,4,4,0.7984799742698669
1016,2,2,0.9959055185317993
1017,6,6,0.5293257832527161
1018,8,8,0.9811505079269409
1019,1,1,0.9805864095687866
1020,3,3,0.9820472002029419
1021,7,7,0.9959295392036438
1022,5,5,0.631608247756958
1023,4,4,0.8963949084281921
1024,4,4,0.7458423972129822
1025,1,1,0.9874336123466492
1026,8,8,0.7666683197021484
1027,1,1,0.9957868456840515
1028,3,3,0.7024295330047607
1029,8,8,0.818157970905304
1030,1,1,0.9933116436004639
1031,2,2,0.9970294237136841
1032,5,8,0.7319400310516357
1033,8,8,0.5009292960166931
1034,0,0,0.90485018491745
1035,6,6,0.9845874309539795
1036,2,2,0.9259053468704224
1037,1,1,0.9951390027999878
1038,1,1,0.968622624874115
1039,7,9,0.5136353373527527
1040,1,1,0.9816833734512329
1041,5,5,0.9901081323623657
1042,3,3,0.9804874062538147
1043,4,4,0.9161747694015503
1044,6,8,0.5611090064048767
1045,9,9,0.5903484225273132
1046,5,5,0.8244982957839966
1047,0,0,0.9953712821006775
1048,9,9,0.9401757121086121
1049,2,2,0.9993652701377869
1050,2,2,0.43797215819358826
1051,4,4,0.8449603915214539
1052,8,8,0.9037211537361145
1053,2,2,0.9997888207435608
1054,1,1,0.9786303639411926
1055,7,7,0.7978864312171936
1056,2,2,0.9262415766716003
1057,4,4,0.9385484457015991
1058,9,9,0.9344838261604309
1059,4,4,0.9383890628814697
1060,4,4,0.9939712882041931
1061,0,0,0.9990947246551514
1062,3,9,0.42075079679489136
1063,9,9,0.9604921340942383
1064,2,2,0.9993343949317932
1065,2,2,0.998430073261261
1066,3,3,0.9969879984855652
1067,3,3,0.9581098556518555
1068,8,4,0.5266902446746826
1069,3,3,0.9946335554122925
1070,5,5,0.9973878264427185
1071,7,7,0.970845639705658
1072,3,3,0.9250891208648682
1073,5,8,0.7771489024162292
1074,8,8,0.969244658946991
1075,1,1,0.9770687222480774
1076,2,2,0.9872055053710938
1077,4,4,0.9078719615936279
1078,4,4,0.9602788686752319
1079,6,6,0.9283508658409119
1080,4,4,0.8499921560287476
1081,9,9,0.7064104080200195
1082,5,3,0.7109388113021851
1083,1,1,0.9836265444755554
1084,0,0,0.9999446868896484
1085,6,6,0.9599431157112122
1086,9,9,0.9199410676956177
1087,5,5,0.8354172706604004
1088,9,9,0.9509391784667969
1089,5,5,0.751872181892395
1090,9,9,0.9566254019737244
1091,7,7,0.9114394783973694
1092,3,3,0.38526973128318787
1093,8,8,0.5993395447731018
1094,0,0,0.9958872199058533
1095,3,3,0.9703946709632874
1096,7,9,0.46081531047821045
1097,1,1,0.9595773816108704
1098,3,3,0.9389646649360657
1099,6,6,0.9175674319267273
1100,7,7,0.999866247177124
1101,8,2,0.8578011393547058
1102,5,5,0.9909793138504028
1103,9,9,0.9397817850112915
1104,7,7,0.9817525148391724
1105,9,9,0.9398187398910522
1106,6,6,0.9989176988601685
1107,9,3,0.8667029142379761
1108,6,6,0.9722246527671814
1109,3,3,0.9699516892433167
1110,7,7,0.9911665320396423
1111,4,4,0.9352121353149414
1112,4,6,0.9833448529243469
1113,5,5,0.9908719658851624
1114,3,8,0.7218818068504333
1115,5,5,0.7024344205856323
1116,4,4,0.8705250024795532
1117,7,7,0.8972151279449463
1118,8,8,0.9863816499710083
1119,7,2,0.7601516842842102
1120,8,8,0.9218626618385315
1121,0,0,0.889539361000061
1122,7,7,0.9585571885108948
1123,6,6,0.9990381002426147
1124,8,8,0.31933850049972534
1125,8,8,0.4616190493106842
1126,7,7,0.9896242022514343
1127,3,3,0.9036070704460144
1128,3,3,0.39515188336372375
1129,1,1,0.9813031554222107
1130,9,9,0.9654678106307983
1131,5,5,0.6145699620246887
1132,2,2,0.9975979924201965
1133,7,7,0.7920942902565002
1134,3,3,0.9977104663848877
1135,5,5,0.892009973526001
1136,1,1,0.9419458508491516
1137,1,1,0.9883689880371094
1138,2,2,0.8456447124481201
1139,1,1,0.9878515601158142
1140,4,4,0.968275249004364
1141,7,7,0.9892057180404663
1142,4,4,0.8209624886512756
1143,7,7,0.90644770860672
1144,5,5,0.9287242293357849
1145,4,4,0.9260141849517822
1146,5,5,0.8304380178451538
1147,4,4,0.641812264919281
1148,0,0,0.9966496825218201
1149,8,8,0.9762627482414246
1150,3,3,0.9600279331207275
1151,6,6,0.9475243091583252
1152,9,9,0.7926923632621765
1153,6,6,0.5635281205177307
1154,0,0,0.9779022932052612
1155,2,2,0.964127242565155
1156,7,7,0.8995510935783386
1157,4,4,0.47103697061538696
1158,4,4,0.9857358336448669
1159,4,4,0.48774242401123047
1160,4,4,0.9687827825546265
1161,6,6,0.9931852221488953
1162,6,6,0.9991567134857178
1163,4,4,0.9794384241104126
1164,7,7,0.951733410358429
1165,9,9,0.9175581336021423
1166,3,3,0.6022760272026062
1167,4,4,0.9904457330703735
1168,5,5,0.9783023595809937
1169,5,5,0.6175113916397095
1170,8,8,0.8816484212875366
1171,7,7,0.9958200454711914
1172,3,3,0.9246156811714172
1173,7,7,0.5020267963409424
1174,2,2,0.997600257396698
1175,7,7,0.9767681360244751
1176,0,0,0.8982881307601929
1177,2,2,0.9901504516601562
1178,4,4,0.6968257427215576
1179,1,1,0.9894082546234131
1180,1,1,0.9941275119781494
1181,6,1,0.8878382444381714
1182,6,8,0.44568338990211487
1183,9,9,0.962843656539917
1184,2,2,0.9673154354095459
1185,8,8,0.811042308807373
1186,7,7,0.9934493899345398
1187,2,2,0.8971126675605774
1188,0,0,0.9837403893470764
1189,1,1,0.9512113332748413
1190,5,5,0.9716262221336365
1191,0,6,0.5692185759544373
1192,9,4,0.6593033671379089
1193,1,1,0.9965546131134033
1194,7,9,0.7490251064300537
1195,0,0,0.9971174001693726
1196,6,6,0.9947896003723145
1197,0,0,0.9447739124298096
1198,8,4,0.9317041039466858
1199,6,6,0.9981024861335754
1200,8,3,0.3319983184337616
1201,1,1,0.9967089891433716
1202,8,5,0.6072596311569214
1203,0,0,0.9998390674591064
1204,3,2,0.4942168891429901
1205,3,3,0.9937414526939392
1206,7,2,0.7587878108024597
1207,2,2,0.9988947510719299
1208,3,3,0.37048131227493286
1209,6,6,0.8731063604354858
1210,2,2,0.9998606443405151
1211,1,1,0.9655939340591431
1212,6,6,0.8862335085868835
1213,1,1,0.991412878036499
1214,1,1,0.9643380641937256
1215,3,3,0.8069902658462524
1216,7,7,0.8321829438209534
1217,9,7,0.5421971678733826
1218,0,0,0.9926698207855225
1219,8,8,0.5870031118392944
1220,0,0,0.9578867554664612
1221,5,5,0.9331845641136169
1222,4,4,0.952558696269989
1223,0,0,0.9903700947761536
1224,2,2,0.5293031334877014
1225,8,8,0.9472437500953674
1226,7,2,0.7570608854293823
1227,2,2,0.9952989220619202
1228,9,3,0.4747341275215149
1229,8,8,0.7880783081054688
1230,4,4,0.9866042733192444
1231,0,0,0.9908909201622009
1232,9,4,0.7120783925056458
1233,5,6,0.47554343938827515
1234,8,5,0.8152287602424622
1235,5,5,0.8065168857574463
1236,1,1,0.9542966485023499
1237,2,2,0.9090454578399658
1238,1,1,0.9979744553565979
1239,3,3,0.9662889838218689
1240,1,1,0.9140423536300659
1241,7,7,0.9285792112350464
1242,4,9,0.6220778822898865
1243,5,5,0.36724019050598145
1244,7,7,0.99058997631073
1245,2,2,0.9889348149299622
1246,0,0,0.9400814175605774
1247,9,0,0.6325761675834656
1248,8,5,0.4626351594924927
1249,8,8,0.9221577644348145
1250,6,6,0.9077228307723999
1251,2,2,0.639607846736908
1252,5,5,0.6337398886680603
1253,4,4,0.7005012631416321
1254,1,1,0.9830139875411987
1255,9,9,0.9007056951522827
1256,2,3,0.3779198229312897
1257,1,1,0.975818932056427
1258,5,5,0.8727432489395142
1259,8,8,0.9021697640419006
1260,7,1,0.7562436461448669
1261,0,0,0.9983459711074829
1262,2,2,0.98325514793396
1263,4,4,0.9260686635971069
1264,4,4,0.831922173500061
1265,3,3,0.8746073246002197
1266,6,6,0.8967306613922119
1267,8,8,0.7051064372062683
1268,8,8,0.9690412282943726
1269,2,2,0.7274737358093262
1270,4,4,0.598285973072052
1271,0,0,0.9009941816329956
1272,5,5,0.7137327790260315
1273,0,0,0.848688542842865
1274,4,4,0.6368950009346008
1275,4,4,0.9777483940124512
1276,7,7,0.9940773248672485
1277,9,9,0.9277800917625427
1278,3,3,0.9984007477760315
1279,4,4,0.885778546333313
1280,1,1,0.9843084216117859
1281,5,5,0.9546387195587158
1282,9,9,0.6382033228874207
1283,7,2,0.9387205839157104
1284,3,3,0.9960688352584839
1285,5,5,0.87372887134552
1286,8,8,0.8003774285316467
1287,8,8,0.7680196166038513
1288,0,0,0.9086142182350159
1289,5,9,0.3353818356990814
1290,3,3,0.8619965314865112
1291,3,3,0.6077339053153992
1292,6,6,0.8319370746612549
1293,6,6,0.9971691966056824
1294,0,0,0.9972575306892395
1295,1,1,0.987930178642273
1296,6,6,0.6091992855072021
1297,0,0,0.9973613619804382
1298,3,3,0.9243910312652588
1299,5,7,0.9454452991485596
1300,4,4,0.9672343730926514
1301,4,4,0.9712725281715393
1302,1,1,0.9903995394706726
1303,2,2,0.9881083369255066
1304,9,9,0.9926532506942749
1305,1,1,0.9701716899871826
1306,4,4,0.9898912906646729
1307,6,6,0.9863606691360474
1308,9,9,0.7846725583076477
1309,9,9,0.9110796451568604
1310,3,7,0.6111038327217102
1311,9,9,0.8198560476303101
1312,8,8,0.8809425234794617
1313,4,4,0.9789090156555176
1314,4,4,0.9211978316307068
1315,3,3,0.6048394441604614
1316,1,1,0.9934084415435791
1317,3,3,0.7528197765350342
1318,1,1,0.9701619148254395
1319,8,3,0.7506592273712158
1320,8,8,0.42045968770980835
1321,7,7,0.9821771383285522
1322,9,9,0.893364429473877
1323,4,4,0.9850316047668457
1324,8,8,0.9482463002204895
1325,8,6,0.7629976272583008
1326,7,2,0.7135327458381653
1327,9,9,0.7315669059753418
1328,7,9,0.43339401483535767
1329,1,1,0.9904809594154358
1330,4,4,0.9537710547447205
1331,5,5,0.5536490678787231
1332,6,6,0.9922428727149963
1333,0,0,0.9997701048851013
1334,5,5,0.9016198515892029
1335,2,2,0.9838787317276001
1336,2,2,0.9390135407447815
1337,2,6,0.9297195076942444
1338,1,1,0.9947925209999084
1339,5,5,0.511319100856781
1340,5,5,0.7895705699920654
1341,2,2,0.9998465776443481
1342,4,4,0.975346028804779
1343,9,9,0.8889120817184448
1344,6,6,0.9941145777702332
1345,2,2,0.6831666827201843
1346,7,7,0.992622971534729
1347,7,9,0.5378142595291138
1348,2,2,0.9739002585411072
1349,2,2,0.9651094675064087
1350,1,1,0.9938003420829773
1351,1,1,0.9731280207633972
1352,2,2,0.9937853813171387
1353,8,8,0.9073227643966675
1354,3,3,0.9905939102172852
1355,7,7,0.8695662021636963
1356,2,2,0.8556152582168579
1357,4,4,0.3603096902370453
1358,1,1,0.9938679337501526
1359,7,7,0.9835160374641418
1360,1,1,0.9883650541305542
1361,7,7,0.9941195249557495
1362,6,6,0.9677739143371582
1363,7,7,0.9564821720123291
1364,8,2,0.5372589826583862
1365,2,2,0.9997778534889221
1366,7,7,0.9910544753074646
1367,3,3,0.9997513890266418
1368,1,1,0.8635985851287842
1369,7,7,0.9962881803512573
1370,5,5,0.8651589751243591
1371,8,8,0.9751036763191223
1372,2,2,0.9856878519058228
1373,6,6,0.9932176470756531
1374,2,2,0.857085108757019
1375,2,2,0.6640220880508423
1376,5,5,0.9137336015701294
1377,6,6,0.9889727234840393
1378,5,6,0.4531424343585968
1379,0,0,0.9864165782928467
1380,9,9,0.9243781566619873
1381,2,2,0.9972054362297058
1382,4,4,0.9907735586166382
1383,3,3,0.9372444748878479
1384,3,3,0.8141995072364807
1385,9,9,0.9669880867004395
1386,7,7,0.9965492486953735
1387,6,6,0.9860864877700806
1388,6,6,0.9968788623809814
1389,8,8,0.992518424987793
1390,0,0,0.9967856407165527
1391,4,4,0.5934981107711792
1392,1,1,0.9486149549484253
1393,5,3,0.5710412859916687
1394,8,8,0.7140754461288452
1395,2,2,0.9791489243507385
1396,9,9,0.931757926940918
1397,1,1,0.9911052584648132
1398,8,8,0.9561223387718201
1399,0,0,0.9734749794006348
1400,6,6,0.9899477958679199
1401,7,7,0.8807588219642639
1402,2,2,0.5216764807701111
1403,1,1,0.7638702392578125
1404,0,0,0.7203121185302734
1405,5,5,0.9825383424758911
1406,5,5,0.7607401013374329
1407,2,2,0.9999725818634033
1408,0,0,0.9993263483047485
1409,2,2,0.5203312039375305
1410,2,6,0.6430163979530334
1411,0,0,0.5771906971931458
1412,2,2,0.7022649049758911
1413,4,9,0.5510804057121277
1414,9,9,0.5170413851737976
1415,8,8,0.6413978934288025
1416,0,0,0.9994422793388367
1417,9,9,0.9927101135253906
1418,9,9,0.9838075041770935
1419,4,4,0.9986218214035034
1420,6,6,0.9763182997703552
1421,5,5,0.7238614559173584
1422,4,4,0.6451349258422852
1423,9,9,0.7491084933280945
1424,1,1,0.968262255191803
1425,8,8,0.8448876142501831
1426,3,3,0.9503172636032104
1427,4,4,0.9693069458007812
1428,9,9,0.9870168566703796
1429,9,4,0.5140615105628967
1430,1,1,0.9958320260047913
1431,2,2,0.8954480886459351
1432,2,2,0.9656763076782227
1433,8,1,0.832481324672699
1434,1,1,0.9955086708068848
1435,9,9,0.6497371196746826
1436,6,6,0.8005185723304749
1437,4,4,0.9399041533470154
1438,0,0,0.9535962343215942
1439,9,9,0.723591148853302
1440,4,4,0.4080253541469574
1441,8,8,0.5057171583175659
1442,3,3,0.9624183773994446
1443,8,8,0.8948326706886292
1444,6,7,0.8303660154342651
1445,0,0,0.990275502204895
1446,2,2,0.8802362084388733
1447,5,5,0.570234477519989
1448,1,1,0.9821376800537109
1449,9,9,0.961439311504364
1450,6,6,0.9943633079528809
1451,2,2,0.9659661054611206
1452,9,9,0.9858099818229675
1453,4,9,0.5747080445289612
1454,0,0,0.8653994202613831
1455,9,9,0.910243034362793
1456,6,6,0.9948768019676208
1457,0,0,0.9999046325683594
1458,6,6,0.9642390608787537
1459,2,2,0.9992440938949585
1460,5,5,0.8781840205192566
1461,4,4,0.9952999353408813
1462,2,2,0.8993610739707947
1463,3,3,0.6149888634681702
1464,8,8,0.824914276599884
1465,4,2,0.22091589868068695
1466,5,3,0.539152204990387
1467,5,9,0.7235816717147827
1468,0,0,0.8758839964866638
1469,3,3,0.45675310492515564
1470,8,8,0.8000608682632446
1471,5,5,0.9615791440010071
1472,3,3,0.6884645223617554
1473,5,5,0.9673686623573303
1474,8,8,0.848109781742096
1475,6,6,0.9432013034820557
1476,5,5,0.5063338279724121
1477,7,7,0.9892688393592834
1478,6,6,0.9730639457702637
1479,3,3,0.9996224641799927
1480,3,3,0.9993607401847839
1481,9,9,0.9539269208908081
1482,6,6,0.8927762508392334
1483,1,1,0.9623667001724243
1484,1,1,0.991622269153595
1485,2,2,0.9997814297676086
1486,9,9,0.9563508033752441
1487,0,0,0.9658837914466858
1488,4,4,0.9781820178031921
1489,3,3,0.9890486001968384
1490,3,3,0.9364088773727417
1491,6,6,0.9981379508972168
1492,9,9,0.9911110401153564
1493,5,5,0.9876640439033508
1494,7,0,0.32827743887901306
1495,3,3,0.8460175395011902
1496,7,7,0.9189451932907104
1497,7,7,0.9996508359909058
1498,7,7,0.9979285001754761
1499,8,8,0.8847839832305908
1500,7,1,0.9211927652359009
1501,9,9,0.9851240515708923
1502,8,8,0.7714235782623291
1503,3,3,0.9775724411010742
1504,0,0,0.9771263003349304
1505,7,7,0.9170052409172058
1506,2,2,0.9972026348114014
1507,7,7,0.9177654981613159
1508,9,9,0.9708960652351379
1509,4,4,0.9793426990509033
1510,5,5,0.889477014541626
1511,4,4,0.9904038906097412
1512,9,9,0.9827994704246521
1513,3,3,0.952492356300354
1514,2,8,0.5290616154670715
1515,1,1,0.9691344499588013
1516,4,4,0.8246857523918152
1517,0,0,0.9959408044815063
1518,2,2,0.9852891564369202
1519,3,3,0.990501880645752
1520,7,7,0.9589345455169678
1521,5,5,0.9301174283027649
1522,7,9,0.6530635356903076
1523,8,8,0.8261350393295288
1524,8,8,0.9750287532806396
1525,5,0,0.7478303909301758
1526,0,0,0.9972537159919739
1527,1,6,0.8383772969245911
1528,1,1,0.9778058528900146
1529,4,4,0.9807351231575012
1530,8,7,0.9920048117637634
1531,3,3,0.8339155316352844
1532,9,9,0.940122127532959
1533,0,0,0.986804723739624
1534,0,0,0.9720767140388489
1535,0,0,0.9978995323181152
1536,6,6,0.892508327960968
1537,6,6,0.9606418609619141
1538,2,2,0.951134979724884
1539,3,3,0.9805487394332886
1540,7,7,0.9699705839157104
1541,8,8,0.9137413501739502
1542,4,4,0.9777294993400574
1543,7,7,0.9575952291488647
1544,7,7,0.9948205947875977
1545,9,9,0.7097794413566589
1546,2,2,0.9730165004730225
1547,4,4,0.8565787672996521
1548,1,1,0.9837601184844971
1549,4,6,0.5384282469749451
1550,5,5,0.9833820462226868
1551,2,2,0.94883793592453
1552,4,4,0.8946855068206787
1553,9,8,0.4377514719963074
1554,9,9,0.593910813331604
1555,1,1,0.9823020696640015
1556,8,8,0.9353090524673462
1557,4,4,0.8766534328460693
1558,0,0,0.7972965836524963
1559,9,7,0.40790829062461853
1560,8,8,0.9801346659660339
1561,4,4,0.9172963500022888
1562,8,8,0.6980524063110352
1563,7,7,0.9925572872161865
1564,7,7,0.9780082106590271
1565,0,0,0.9611279964447021
1566,7,7,0.9755849242210388
1567,8,8,0.9784725904464722
1568,8,8,0.927987277507782
1569,6,6,0.4936674237251282
1570,0,0,0.6440562009811401
1571,4,4,0.6139516234397888
1572,8,8,0.9479570984840393
1573,8,8,0.6607314944267273
1574,2,2,0.9998729228973389
1575,4,4,0.8162638545036316
1576,7,7,0.9188262224197388
1577,6,6,0.9918560981750488
1578,6,6,0.9873979091644287
1579,6,6,0.8614282608032227
1580,4,4,0.987821638584137
1581,7,9,0.4972803294658661
1582,1,1,0.9626413583755493
1583,8,8,0.8110374808311462
1584,8,8,0.5444568395614624
1585,2,2,0.9999450445175171
1586,3,3,0.8737026453018188
1587,6,5,0.5735985636711121
1588,3,3,0.9975703358650208
1589,0,0,0.994720458984375
1590,0,0,0.9822446703910828
1591,3,3,0.8805715441703796
1592,7,7,0.995715320110321
1593,6,6,0.8893289566040039
1594,9,9,0.9186542630195618
1595,7,7,0.7756831645965576
1596,9,9,0.7228450179100037
1597,9,9,0.7442980408668518
1598,5,5,0.9595022797584534
1599,4,4,0.9653708934783936
1600,3,3,0.8352189064025879
1601,3,3,0.7537965774536133
1602,6,6,0.9820053577423096
1603,1,1,0.9898598790168762
1604,2,2,0.7102206945419312
1605,3,3,0.9783065915107727
1606,7,7,0.9591423273086548
1607,3,3,0.557119607925415
1608,3,3,0.9876528978347778
1609,2,6,0.8191564679145813
1610,0,0,0.9938023090362549
1611,3,3,0.5355491042137146
1612,3,3,0.9870763421058655
1613,8,8,0.9888834357261658
1614,4,4,0.8895170092582703
1615,3,3,0.9974392652511597
1616,6,6,0.9490160346031189
1617,3,3,0.7391313314437866
1618,5,5,0.9064327478408813
1619,0,0,0.958644688129425
1620,2,2,0.9506052136421204
1621,0,0,0.5235333442687988
1622,9,9,0.9673362970352173
1623,0,0,0.9944078922271729
1624,7,7,0.998668909072876
1625,4,4,0.9786974787712097
1626,6,6,0.5610541105270386
1627,9,9,0.9899040460586548
1628,3,3,0.9753216505050659
1629,5,5,0.9888777136802673
1630,1,1,0.9925566911697388
1631,9,9,0.97757488489151
1632,6,6,0.9980364441871643
1633,1,1,0.9893277287483215
1634,4,7,0.6847177147865295
1635,5,5,0.7709667086601257
1636,4,4,0.9983661770820618
1637,5,5,0.46728599071502686
1638,0,0,0.9903188943862915
1639,5,5,0.9136437177658081
1640,9,7,0.38835015892982483
1641,5,2,0.6250602006912231
1642,2,2,0.9710022807121277
1643,1,1,0.9938316345214844
1644,2,2,0.5095548033714294
1645,9,9,0.9557033777236938
1646,1,1,0.9870251417160034
1647,9,9,0.9625389575958252
1648,9,9,0.8040676712989807
1649,4,4,0.9918889403343201
1650,0,0,0.9916087985038757
1651,8,8,0.9740109443664551
1652,4,4,0.966107189655304
1653,5,5,0.9144155979156494
1654,2,2,0.9622902870178223
1655,9,9,0.7337095141410828
1656,2,2,0.9917978048324585
1657,1,1,0.9857425689697266
1658,2,2,0.9316865801811218
1659,1,1,0.9862508773803711
1660,7,7,0.7004199624061584
1661,3,3,0.9768840670585632
1662,6,6,0.9983274340629578
1663,8,8,0.909630298614502
1664,8,8,0.8326060175895691
1665,4,4,0.9453685879707336
1666,9,9,0.9449262022972107
1667,1,1,0.9969092011451721
1668,9,9,0.9476391673088074
1669,8,8,0.6303070187568665
1670,5,5,0.8258896470069885
1671,7,3,0.5373774766921997
1672,5,5,0.8350068926811218
1673,1,1,0.9714335799217224
1674,1,1,0.962946355342865
1675,8,8,0.9648739099502563
1676,6,6,0.9035494327545166
1677,5,5,0.9978128671646118
1678,2,2,0.48454007506370544
1679,4,4,0.9974507689476013
1680,4,4,0.985309898853302
1681,3,7,0.9543583989143372
1682,2,2,0.9969581365585327
1683,3,3,0.9962730407714844
1684,5,5,0.6423609852790833
1685,6,6,0.9985151886940002
1686,8,5,0.5309747457504272
1687,8,8,0.9361122846603394
1688,6,6,0.9528251886367798
1689,2,2,0.9430257081985474
1690,3,3,0.9665989875793457
1691,1,1,0.9048197865486145
1692,0,0,0.9611828327178955
1693,5,5,0.9646363854408264
1694,8,8,0.5618830323219299
1695,9,7,0.5913808345794678
1696,2,1,0.7873200178146362
1697,9,9,0.9974539875984192
1698,6,6,0.9835813045501709
1699,7,7,0.9898754954338074
1700,0,0,0.988416850566864
1701,4,4,0.8627961277961731
1702,8,8,0.7570584416389465
1703,7,7,0.8578636050224304
1704,1,1,0.9766159057617188
1705,7,7,0.9219388365745544
1706,4,4,0.9717090725898743
1707,1,1,0.9629661440849304
1708,0,0,0.9974160194396973
1709,9,5,0.6196573376655579
1710,7,7,0.9914553761482239
1711,2,2,0.9304584860801697
1712,0,0,0.8249565958976746
1713,0,0,0.9861134886741638
1714,9,9,0.9796217679977417
1715,1,1,0.9947094917297363
1716,7,7,0.575313150882721
1717,8,0,0.9326658844947815
1718,7,3,0.3828493654727936
1719,8,8,0.9524892568588257
1720,4,4,0.9858548045158386
1721,7,7,0.6460871696472168
1722,2,4,0.4001472294330597
1723,0,0,0.999771773815155
1724,4,4,0.9630212187767029
1725,6,6,0.8034579753875732
1726,0,0,0.9908071160316467
1727,3,3,0.5577976703643799
1728,1,1,0.989590585231781
1729,1,1,0.9924593567848206
1730,3,3,0.6643812656402588
1731,3,3,0.9973010420799255
1732,9,5,0.39804768562316895
1733,6,6,0.9915720224380493
1734,7,7,0.9975947737693787
1735,4,4,0.9372463822364807
1736,1,1,0.9923471212387085
1737,5,2,0.44524919986724854
1738,3,3,0.9936484694480896
1739,0,0,0.9919745326042175
1740,8,8,0.6390565633773804
1741,7,7,0.8078066110610962
1742,3,3,0.9875580072402954
1743,9,9,0.8130100965499878
1744,6,6,0.9902976155281067
1745,9,9,0.9376962184906006
1746,3,3,0.9546141624450684
1747,5,5,0.9568832516670227
1748,0,0,0.8738699555397034
1749,2,2,0.9620442390441895
1750,7,7,0.9836392402648926
1751,4,3,0.4493500590324402
1752,5,5,0.8939096331596375
1753,1,1,0.989791750907898
1754,7,2,0.7797530293464661
1755,5,5,0.8855857253074646
1756,8,8,0.8863301873207092
1757,0,0,0.9848654270172119
1758,8,8,0.9887032508850098
1759,8,8,0.4464344084262848
1760,1,1,0.992202877998352
1761,5,5,0.8904085755348206
1762,0,0,0.8668450713157654
1763,3,3,0.9015002846717834
1764,0,0,0.9852122068405151
1765,3,5,0.5431623458862305
1766,1,1,0.9920582175254822
1767,4,4,0.9302076697349548
1768,0,0,0.9865286350250244
1769,3,3,0.8164539337158203
1770,7,7,0.9891576766967773
1771,2,2,0.9905410408973694
1772,7,9,0.564291775226593
1773,1,8,0.4245598018169403
1774,8,8,0.4922865927219391
1775,0,0,0.8815355896949768
1776,7,7,0.9870485663414001
1777,0,0,0.9694349765777588
1778,4,4,0.9384495615959167
1779,3,3,0.8471054434776306
1780,1,1,0.9866081476211548
1781,9,9,0.9407004714012146
1782,8,8,0.5711632370948792
1783,7,7,0.8482009172439575
1784,7,7,0.9915135502815247
1785,1,1,0.9124333262443542
1786,4,4,0.6928590536117554
1787,9,9,0.981836199760437
1788,9,9,0.9487158060073853
1789,3,3,0.9194366335868835
1790,2,9,0.4991767406463623
1791,1,1,0.989351212978363
1792,7,7,0.9907971620559692
1793,9,9,0.9957461953163147
1794,0,0,0.8089441061019897
1795,2,2,0.9989529848098755
1796,0,0,0.9080619215965271
1797,3,3,0.961598813533783
1798,3,3,0.7507816553115845
1799,7,7,0.989966869354248
1800,6,4,0.5664532780647278
1801,9,9,0.9233582615852356
1802,2,2,0.9824461936950684
1803,3,3,0.9945622086524963
1804,3,3,0.9985571503639221
1805,7,7,0.997089684009552
1806,7,7,0.9604681730270386
1807,0,0,0.9742807745933533
1808,0,0,0.8800371885299683
1809,7,7,0.8239580988883972
1810,5,5,0.8777181506156921
1811,2,2,0.9895798563957214
1812,9,9,0.9002193808555603
1813,8,5,0.4673026204109192
1814,7,7,0.9816113114356995
1815,4,4,0.9535217881202698
1816,4,4,0.7737690806388855
1817,2,2,0.9118847250938416
1818,6,6,0.9812361001968384
1819,6,6,0.5868381857872009
1820,1,1,0.9934448003768921
1821,9,9,0.9663290977478027
1822,6,6,0.5730745196342468
1823,8,8,0.5187462568283081
1824,2,2,0.9800705313682556
1825,9,9,0.8918517827987671
1826,0,0,0.9829924702644348
1827,8,8,0.975191593170166
1828,3,7,0.6747365593910217
1829,1,1,0.8954706788063049
1830,1,1,0.988655686378479
1831,6,6,0.9907878041267395
1832,3,3,0.7612634897232056
1833,5,5,0.8230495452880859
1834,1,1,0.99167400598526
1835,1,1,0.9847365021705627
1836,1,1,0.9564286470413208
1837,3,3,0.7559000253677368
1838,1,1,0.9610193371772766
1839,2,2,0.5330330729484558
1840,3,3,0.9971649050712585
1841,0,0,0.9974201917648315
1842,2,2,0.7081930637359619
1843,0,0,0.7994723320007324
1844,1,1,0.9642056226730347
1845,3,3,0.9996436834335327
1846,5,5,0.8135038018226624
1847,5,5,0.830247163772583
1848,7,7,0.9832261204719543
1849,4,4,0.8908675312995911
1850,8,7,0.549811840057373
1851,9,9,0.8915056586265564
1852,6,6,0.9355213046073914
1853,9,9,0.8815221786499023
1854,6,6,0.9997997879981995
1855,8,8,0.26722052693367004
1856,3,3,0.8491746187210083
1857,6,4,0.8952906131744385
1858,6,6,0.9847440123558044
1859,8,8,0.9997753500938416
1860,5,5,0.765606164932251
1861,1,1,0.9899802803993225
1862,4,4,0.8473798632621765
1863,2,2,0.9989240765571594
1864,4,4,0.9747318029403687
1865,4,9,0.6563488841056824
1866,5,5,0.8269082307815552
1867,1,1,0.993190586566925
1868,1,1,0.3582462668418884
1869,9,9,0.9805355072021484
1870,0,0,0.951516330242157
1871,2,2,0.8911402821540833
1872,4,4,0.997830331325531
1873,9,9,0.9873385429382324
1874,5,5,0.44417184591293335
1875,7,7,0.9532264471054077
1876,1,1,0.9946308135986328
1877,8,8,0.7329637408256531
1878,8,3,0.5377422571182251
1879,5,5,0.7663390636444092
1880,6,6,0.7366170287132263
1881,9,9,0.9173338413238525
1882,8,8,0.8968257904052734
1883,7,9,0.7277695536613464
1884,1,1,0.9704915881156921
1885,1,1,0.8771350383758545
1886,6,6,0.9736971259117126
1887,7,7,0.9522039294242859
1888,6,6,0.9207085967063904
1889,3,3,0.7419079542160034
1890,2,2,0.9994657635688782
1891,2,2,0.9998075366020203
1892,0,0,0.9953448176383972
1893,8,8,0.9398961663246155
1894,9,9,0.7469813227653503
1895,2,2,0.9999984502792358
1896,5,5,0.5913601517677307
1897,1,1,0.9958786964416504
1898,0,0,0.9706965088844299
1899,8,3,0.4136868417263031
1900,1,1,0.594426155090332
1901,9,4,0.8364315629005432
1902,5,5,0.900409460067749
1903,7,7,0.5438989400863647
1904,9,9,0.8824782371520996
1905,6,6,0.9937695860862732
1906,9,9,0.9031209349632263
1907,0,0,0.9457410573959351
1908,6,6,0.7332987785339355
1909,1,1,0.9337981939315796
1910,5,5,0.7777070999145508
1911,5,5,0.43658196926116943
1912,8,8,0.9659472107887268
1913,3,3,0.6000568866729736
1914,8,8,0.9944221377372742
1915,2,2,0.9817972183227539
1916,6,6,0.9928610920906067
1917,5,8,0.8169825077056885
1918,0,0,0.9633899331092834
1919,7,7,0.9941461086273193
1920,4,4,0.7528428435325623
1921,6,6,0.9961354732513428
1922,1,1,0.9849082231521606
1923,3,3,0.9996157884597778
1924,4,4,0.9579889178276062
1925,7,7,0.9606413841247559
1926,3,3,0.47787100076675415
1927,2,2,0.9005845189094543
1928,3,3,0.9539049863815308
1929,4,4,0.9729356169700623
1930,2,4,0.771691620349884
1931,5,5,0.8728612065315247
1932,2,2,0.9993439316749573
1933,7,7,0.882472038269043
1934,1,1,0.9941738247871399
1935,7,7,0.9913279414176941
1936,2,2,0.9969637989997864
1937,6,6,0.9727425575256348
1938,4,6,0.5165759325027466
1939,1,1,0.9622055292129517
1940,5,0,0.742773711681366
1941,7,7,0.3849182724952698
1942,8,8,0.29752251505851746
1943,6,6,0.9739755392074585
1944,0,0,0.9987943172454834
1945,1,1,0.9809927344322205
1946,8,8,0.9272688627243042
1947,2,2,0.9946740865707397
1948,5,5,0.7053243517875671
1949,7,7,0.9913411736488342
1950,7,7,0.9957277774810791
1951,6,6,0.9254515767097473
1952,9,5,0.5325769186019897
1953,3,3,0.9685741066932678
1954,5,4,0.5044220685958862
1955,8,8,0.4635407626628876
1956,4,9,0.6156540513038635
1957,2,2,0.9983201622962952
1958,4,4,0.9979958534240723
1959,0,0,0.9810099005699158
1960,8,8,0.9203868508338928
1961,8,8,0.8511725068092346
1962,3,3,0.9862180352210999
1963,4,4,0.5593276619911194
1964,9,9,0.93888258934021
1965,2,2,0.8089904189109802
1966,7,7,0.9998658895492554
1967,5,5,0.9948337078094482
1968,8,8,0.6484085321426392
1969,6,2,0.3565979599952698
1970,5,3,0.6962650418281555
1971,6,6,0.9999223947525024
1972,0,0,0.9976049661636353
1973,8,5,0.5428587794303894
1974,6,6,0.9942237734794617
1975,7,7,0.9531458616256714
1976,3,3,0.9821266531944275
1977,6,6,0.9850860834121704
1978,4,4,0.9641490578651428
1979,9,9,0.7574754357337952
1980,4,4,0.9324180483818054
1981,6,4,0.6853019595146179
1982,6,5,0.37877851724624634
1983,3,3,0.872869610786438
1984,2,2,0.6314907073974609
1985,4,4,0.958507776260376
1986,1,1,0.9980536699295044
1987,0,0,0.9907842874526978
1988,1,1,0.9955429434776306
1989,4,4,0.59906005859375
1990,6,6,0.9790043830871582
1991,2,2,0.9981237053871155
1992,9,9,0.6424611210823059
1993,1,1,0.5408653020858765
1994,1,1,0.9940564632415771
1995,0,0,0.9679355025291443
1996,6,6,0.9878894686698914
1997,3,3,0.9414641857147217
1998,9,9,0.9819262623786926
1999,5,5,0.9079489707946777
2000,6,6,0.944624662399292
2001,5,8,0.5617455244064331
2002,6,6,0.9717683792114258
2003,5,5,0.8606951832771301
2004,8,8,0.47994592785835266
2005,4,4,0.8032849431037903
2006,6,6,0.9848182797431946
2007,4,4,0.9806038737297058
2008,3,3,0.8870825171470642
2009,9,9,0.839215874671936
2010,1,1,0.8868190050125122
2011,3,3,0.9507187604904175
2012,4,4,0.9886272549629211
2013,1,1,0.9683837890625
2014,9,9,0.9763873219490051
2015,1,1,0.995652437210083
2016,7,2,0.981848955154419
2017,1,1,0.9947992563247681
2018,1,1,0.9174976944923401
2019,9,9,0.9734717011451721
2020,3,3,0.9699212312698364
2021,5,5,0.9521457552909851
2022,4,4,0.8755781650543213
2023,0,0,0.8525435328483582
2024,7,9,0.7449381947517395
2025,3,3,0.8228915333747864
2026,6,6,0.9947049021720886
2027,1,1,0.8756913542747498
2028,7,7,0.9006558060646057
2029,5,5,0.8816864490509033
2030,5,5,0.9237493872642517
2031,3,3,0.9994173049926758
2032,3,3,0.9915920495986938
2033,0,0,0.9123463034629822
2034,1,1,0.9872641563415527
2035,5,3,0.8216637969017029
2036,7,7,0.9904406070709229
2037,5,5,0.46779972314834595
2038,8,8,0.7049113512039185
2039,6,6,0.9430509805679321
2040,5,4,0.5523257255554199
2041,1,1,0.9910506010055542
2042,0,0,0.9965294003486633
2043,4,8,0.8151037096977234
2044,2,7,0.9988173842430115
2045,3,3,0.9976505637168884
2046,4,4,0.9488602876663208
2047,6,6,0.9384856224060059
2048,7,7,0.6127238869667053
2049,9,9,0.6677628755569458
2050,8,8,0.856053352355957
2051,1,1,0.9856802225112915
2052,8,8,0.4855201244354248
2053,4,9,0.9406917095184326
2054,9,9,0.9048413038253784
2055,2,2,0.9954089522361755
2056,8,8,0.6841380596160889
2057,6,6,0.9382691979408264
2058,2,2,0.9628725051879883
2059,7,7,0.8903541564941406
2060,0,0,0.9999053478240967
2061,0,0,0.9955607652664185
2062,6,6,0.9991828799247742
2063,7,5,0.45326995849609375
2064,5,5,0.8857016563415527
2065,8,8,0.9486263394355774
2066,6,6,0.9175159335136414
2067,0,0,0.8165917992591858
2068,9,4,0.5214745998382568
2069,3,3,0.9983131885528564
2070,7,9,0.6664091944694519
2071,1,1,0.9708331227302551
2072,3,3,0.8584579229354858
2073,5,5,0.6884855031967163
2074,4,4,0.9642613530158997
2075,3,3,0.9581491351127625
2076,3,3,0.9790027141571045
2077,5,5,0.9594627618789673
2078,5,5,0.9758107662200928
2079,6,6,0.9340604543685913
2080,3,3,0.9869831800460815
2081,0,0,0.9740020036697388
2082,2,2,0.8915764093399048
2083,3,3,0.9929288029670715
2084,4,4,0.9705942273139954
2085,2,2,0.9045939445495605
2086,3,3,0.9608980417251587
2087,0,0,0.9999860525131226
2088,9,9,0.9764077663421631
2089,9,9,0.9445928335189819
2090,4,4,0.7916123867034912
2091,7,7,0.9837326407432556
2092,2,2,0.9750868678092957
2093,8,8,0.37441590428352356
2094,4,4,0.8406236171722412
2095,7,7,0.8189710974693298
2096,0,0,0.9991536140441895
2097,6,6,0.9328906536102295
2098,2,0,0.9656330943107605
2099,8,9,0.5051097869873047
2100,5,5,0.6725769639015198
2101,2,2,0.9974186420440674
2102,8,8,0.9563069343566895
2103,5,5,0.9809797406196594
2104,7,7,0.9691874384880066
2105,3,3,0.5817286372184753
2106,0,0,0.9995872378349304
2107,8,8,0.6581635475158691
2108,2,2,0.9919575452804565
2109,3,7,0.5263766050338745
2110,2,2,0.5785248875617981
2111,8,8,0.9980406165122986
2112,2,2,0.9600347280502319
2113,5,5,0.6898618340492249
2114,5,5,0.7758321166038513
2115,7,7,0.6811196804046631
2116,6,6,0.9202109575271606
2117,4,4,0.9589093327522278
2118,6,0,0.5626838803291321
2119,8,8,0.9425593018531799
2120,4,4,0.9871156811714172
2121,8,8,0.6629568934440613
2122,2,2,0.9801336526870728
2123,7,7,0.9160364270210266
2124,4,4,0.9895617365837097
2125,5,5,0.48825469613075256
2126,2,2,0.9965426325798035
2127,0,0,0.9959965944290161
2128,3,3,0.9985608458518982
2129,9,2,0.7127091884613037
2130,4,9,0.9396309852600098
2131,6,2,0.49105167388916016
2132,7,7,0.9939345717430115
2133,2,2,0.9721159338951111
2134,5,5,0.7668688297271729
2135,6,1,0.6612388491630554
2136,1,1,0.9770467877388
2137,1,1,0.9869120121002197
2138,2,8,0.608462929725647
2139,3,3,0.9718267321586609
2140,6,6,0.9977971315383911
2141,7,7,0.9963506460189819
2142,8,8,0.935949444770813
2143,7,7,0.9743407368659973
2144,6,6,0.8770652413368225
2145,4,4,0.6523867249488831
2146,8,8,0.9725443124771118
2147,9,9,0.9394703507423401
2148,4,9,0.7797588109970093
2149,8,8,0.9652619361877441
2150,6,6,0.9940237402915955
2151,3,3,0.7589710354804993
2152,8,8,0.5655219554901123
2153,3,3,0.9755660891532898
2154,1,1,0.9936928749084473
2155,0,0,0.8618196845054626
2156,6,6,0.9857577085494995
2157,2,2,0.9569641351699829
2158,2,2,0.9987926483154297
2159,5,5,0.9707702398300171
2160,6,6,0.9894763231277466
2161,9,9,0.9858735799789429
2162,5,5,0.8408286571502686
2163,8,8,0.7947171330451965
2164,1,1,0.9942786693572998
2165,4,4,0.978434681892395
2166,1,1,0.9693657159805298
2167,7,7,0.9990382194519043
2168,8,8,0.4904865026473999
2169,4,4,0.9221305847167969
2170,6,6,0.9980660080909729
2171,1,1,0.9739910364151001
2172,8,8,0.9955797791481018
2173,4,4,0.9931491017341614
2174,3,3,0.7205851674079895
2175,1,1,0.9634463787078857
2176,2,2,0.9938294291496277
2177,8,8,0.6134232878684998
2178,0,0,0.9980514049530029
2179,8,8,0.7735372185707092
2180,5,5,0.756941556930542
2181,9,9,0.9538846015930176
2182,1,2,0.9146230220794678
2183,4,4,0.6690332889556885
2184,2,2,0.9974740147590637
2185,0,5,0.7053296566009521
2186,2,3,0.47221359610557556
2187,7,7,0.9974157810211182
2188,0,0,0.9837815761566162
2189,9,1,0.9221664667129517
2190,0,0,0.9799547791481018
2191,2,2,0.8950732946395874
2192,5,5,0.46834418177604675
2193,7,7,0.9935632944107056
2194,6,6,0.9912961721420288
2195,7,7,0.9944621920585632
2196,9,9,0.934755265712738
2197,4,4,0.5584394931793213
2198,2,2,0.5287302732467651
2199,6,6,0.9945374131202698
2200,2,2,0.8681894540786743
2201,4,4,0.871422529220581
2202,4,4,0.9244552850723267
2203,8,8,0.637955904006958
2204,0,0,0.9960071444511414
2205,4,4,0.7271155714988708
2206,4,4,0.9553143978118896
2207,5,5,0.9732985496520996
2208,8,8,0.6137957572937012
2209,0,0,0.9759595990180969
2210,6,6,0.9424021244049072
2211,8,8,0.9773083329200745
2212,9,9,0.9325441718101501
2213,8,8,0.9662113189697266
2214,5,5,0.6612979769706726
2215,6,5,0.5110365748405457
2216,9,9,0.8696985840797424
2217,0,0,0.9915607571601868
2218,4,4,0.7197893857955933
2219,8,8,0.8616473078727722
2220,7,7,0.9997022747993469
2221,1,1,0.9106827974319458
2222,3,3,0.9782015085220337
2223,4,4,0.9800523519515991
2224,5,8,0.452695369720459
2225,8,8,0.5785448551177979
2226,0,0,0.9973973035812378
2227,9,9,0.8843029141426086
2228,1,1,0.9309741854667664
2229,3,3,0.6959186792373657
2230,3,3,0.9801392555236816
2231,6,6,0.9960344433784485
2232,9,9,0.6558727025985718
2233,8,8,0.8478623628616333
2234,7,7,0.9788314700126648
2235,1,1,0.9272253513336182
2236,0,0,0.9918009638786316
2237,5,5,0.6355525255203247
2238,7,7,0.9938546419143677
2239,1,1,0.9502248764038086
2240,7,7,0.9991067051887512
2241,5,5,0.9681367874145508
2242,2,2,0.9550812840461731
2243,7,7,0.9808743596076965
2244,9,9,0.9394270181655884
2245,1,1,0.9267745614051819
2246,8,8,0.8521583676338196
2247,5,5,0.9526893496513367
2248,2,2,0.9986717700958252
2249,4,4,0.9980813264846802
2250,9,9,0.9272324442863464
2251,4,4,0.9924203753471375
2252,7,7,0.9828467965126038
2253,2,2,0.9978492259979248
2254,2,2,0.9756138920783997
2255,3,3,0.8068220019340515
2256,4,4,0.9929875731468201
2257,9,9,0.8365290760993958
2258,1,1,0.9827002882957458
2259,9,9,0.998410701751709
2260,2,2,0.9589581489562988
2261,1,1,0.9856314659118652
2262,7,7,0.9458203315734863
2263,9,9,0.9888532161712646
2264,4,4,0.9525972008705139
2265,4,4,0.9172875881195068
2266,1,6,0.8247519135475159
2267,6,6,0.9995393753051758
2268,7,7,0.8225030899047852
2269,2,2,0.740180253982544
2270,7,7,0.9959689378738403
2271,8,8,0.6468480229377747
2272,8,0,0.9418684244155884
2273,1,1,0.9278255105018616
2274,9,9,0.8884676098823547
2275,7,7,0.9154391884803772
2276,1,1,0.8834636807441711
2277,1,1,0.9367978572845459
2278,7,7,0.9992591738700867
2279,5,5,0.6085945963859558
2280,3,3,0.8678288459777832
2281,3,3,0.9072854518890381
2282,5,8,0.4535467326641083
2283,1,1,0.9973717927932739
2284,3,3,0.9443588256835938
2285,7,7,0.9984631538391113
2286,6,6,0.8573013544082642
2287,1,1,0.9927672147750854
2288,3,3,0.9760120511054993
2289,8,8,0.7869543433189392
2290,7,7,0.9642868638038635
2291,5,8,0.650887131690979
2292,9,9,0.9233058094978333
2293,9,2,0.7490930557250977
2294,0,0,0.9463830590248108
2295,0,0,0.9721199870109558
2296,2,2,0.8021802306175232
2297,8,8,0.8221285343170166
2298,8,8,0.6345284581184387
2299,2,7,0.8469215631484985
2300,3,3,0.891958475112915
2301,7,7,0.987912118434906
2302,1,1,0.9037788510322571
2303,3,3,0.9764885902404785
2304,0,0,0.999860405921936
2305,3,8,0.5619263052940369
2306,4,4,0.9812319874763489
2307,4,4,0.9911234378814697
2308,3,3,0.950284481048584
2309,8,8,0.6520918011665344
2310,9,9,0.9196970462799072
2311,2,2,0.9893548488616943
2312,3,3,0.49734607338905334
2313,9,9,0.6799231767654419
2314,7,7,0.9947707056999207
2315,1,1,0.992760419845581
2316,1,1,0.9956257343292236
2317,7,7,0.850024938583374
2318,0,0,0.8629804849624634
2319,4,4,0.7790259122848511
2320,9,9,0.5516684055328369
2321,6,6,0.9997575879096985
2322,5,5,0.8303635120391846
2323,9,9,0.9581654071807861
2324,1,1,0.985431432723999
2325,7,2,0.5624296069145203
2326,0,0,0.952959418296814
2327,2,2,0.9540331959724426
2328,0,0,0.5851936936378479
2329,0,0,0.9540433287620544
2330,4,4,0.949819028377533
2331,6,6,0.8088685870170593
2332,7,7,0.9845876693725586
2333,0,0,0.6226931810379028
2334,7,7,0.9849777221679688
2335,1,1,0.9956436157226562
2336,4,4,0.9826976656913757
2337,6,6,0.9990726709365845
2338,4,4,0.9459079504013062
2339,5,5,0.7850383520126343
2340,4,4,0.9997031092643738
2341,9,9,0.9081344604492188
2342,9,9,0.7084222435951233
2343,1,1,0.959625244140625
2344,7,7,0.9935562014579773
2345,9,9,0.6960998773574829
2346,5,5,0.920031726360321
2347,3,3,0.9543703198432922
2348,3,3,0.9368729591369629
2349,8,8,0.990192174911499
2350,2,2,0.9947693943977356
2351,3,3,0.8073243498802185
2352,6,6,0.9968401193618774
2353,2,2,0.9985266923904419
2354,2,2,0.9913904666900635
2355,1,1,0.9908315539360046
2356,1,1,0.9897719025611877
2357,1,1,0.9928379654884338
2358,1,1,0.8503279685974121
2359,1,1,0.995692789554596
2360,6,6,0.9888105392456055
2361,9,9,0.8380954265594482
2362,8,8,0.5619251132011414
2363,4,4,0.9951509237289429
2364,3,3,0.9934775829315186
2365,7,7,0.8624089360237122
2366,1,1,0.9556092023849487
2367,6,6,0.9888949394226074
2368,4,4,0.9963791966438293
2369,5,9,0.4057604968547821
2370,0,0,0.8599596619606018
2371,4,9,0.8510515093803406
2372,7,7,0.8278511166572571
2373,4,4,0.9949203133583069
2374,2,2,0.6956512331962585
2375,4,4,0.9950019717216492
2376,0,0,0.9991195797920227
2377,7,7,0.9959233999252319
2378,0,2,0.6668323278427124
2379,1,1,0.9980289340019226
2380,9,0,0.564495325088501
2381,8,8,0.4621407985687256
2382,8,8,0.837913453578949
2383,6,6,0.9929019808769226
2384,0,0,0.9825814962387085
2385,0,0,0.9999253749847412
2386,4,4,0.7185655236244202
2387,9,1,0.7511422038078308
2388,6,6,0.9369912147521973
2389,8,8,0.9011380076408386
2390,2,2,0.9802345633506775
2391,2,2,0.9816794395446777
2392,3,3,0.998006284236908
2393,8,5,0.5653334856033325
2394,4,4,0.6058321595191956
2395,8,3,0.7754807472229004
2396,2,2,0.9891747236251831
2397,2,2,0.6998867988586426
2398,1,1,0.9721935391426086
2399,7,7,0.9886834025382996
2400,5,5,0.6339012980461121
2401,4,4,0.9913781881332397
2402,4,4,0.9412633776664734
2403,0,0,0.9996403455734253
2404,4,2,0.5631668567657471
2405,3,3,0.987409234046936
2406,9,1,0.557033121585846
2407,7,7,0.9989957213401794
2408,3,7,0.3021738827228546
2409,1,1,0.9880005717277527
2410,0,0,0.9932683110237122
2411,1,1,0.9887423515319824
2412,2,2,0.9158291816711426
2413,5,5,0.7695973515510559
2414,9,9,0.5054946541786194
2415,2,2,0.9993155002593994
2416,1,1,0.9881783127784729
2417,0,0,0.821047842502594
2418,1,1,0.9630368947982788
2419,8,8,0.7583075761795044
2420,9,9,0.982352077960968
2421,1,1,0.9711686372756958
2422,6,4,0.5011330842971802
2423,8,8,0.5587228536605835
2424,3,3,0.9379383325576782
2425,8,3,0.7342079877853394
2426,9,9,0.5741633176803589
2427,3,3,0.9678155183792114
2428,6,6,0.9968854784965515
2429,2,2,0.7968057990074158
2430,8,8,0.5669447183609009
2431,3,3,0.997352123260498
2432,2,2,0.9686991572380066
2433,2,1,0.9107044339179993
2434,1,1,0.8889743089675903
2435,0,0,0.988713800907135
2436,4,4,0.9857828617095947
2437,2,2,0.8941416144371033
2438,9,9,0.8015719652175903
2439,2,2,0.929374635219574
2440,4,4,0.9705998301506042
2441,3,3,0.9251774549484253
2442,7,7,0.999897837638855
2443,9,9,0.9412145018577576
2444,1,1,0.9907982349395752
2445,5,5,0.9843088984489441
2446,2,2,0.994574785232544
2447,4,4,0.6545471549034119
2448,9,9,0.6963661313056946
2449,0,0,0.6992388963699341
2450,3,3,0.550111711025238
2451,8,8,0.9867974519729614
2452,5,5,0.9142216444015503
2453,3,3,0.9226496815681458
2454,6,6,0.6069760918617249
2455,0,0,0.7261276245117188
2456,9,9,0.8003740906715393
2457,4,4,0.8941289782524109
2458,6,6,0.9970536231994629
2459,2,2,0.9978944659233093
2460,5,8,0.3886925280094147
2461,0,0,0.9900425672531128
2462,2,2,0.8559743762016296
2463,7,7,0.7378330826759338
2464,4,4,0.9097225666046143
2465,6,6,0.9950284361839294
2466,6,6,0.9662150144577026
2467,8,8,0.8646101951599121
2468,6,6,0.9704729318618774
2469,6,6,0.9479339718818665
2470,8,8,0.9772347807884216
2471,6,6,0.9826881289482117
2472,9,9,0.8276945352554321
2473,1,8,0.6031045913696289
2474,7,7,0.9878972768783569
2475,2,2,0.6803763508796692
2476,5,5,0.8209555745124817
2477,9,9,0.9758527874946594
2478,9,9,0.9939906597137451
2479,0,0,0.7224194407463074
2480,7,7,0.8608779311180115
2481,2,2,0.9671664834022522
2482,7,7,0.9982934594154358
2483,6,6,0.8852380514144897
2484,7,7,0.997560977935791
2485,0,0,0.9649202823638916
2486,6,6,0.9975462555885315
2487,5,5,0.995142936706543
2488,2,4,0.422358900308609
2489,4,4,0.9403359293937683
2490,7,7,0.9833959341049194
2491,2,2,0.994665265083313
2492,0,0,0.9998719692230225
2493,9,9,0.9206666350364685
2494,9,9,0.9339275360107422
2495,2,2,0.9997236132621765
2496,2,2,0.9456595182418823
2497,9,9,0.7391701936721802
2498,4,4,0.9003484845161438
2499,4,4,0.9731878638267517
2500,2,2,0.7199738621711731
2501,3,3,0.9989786148071289
2502,3,3,0.9944024682044983
2503,2,2,0.9970616698265076
2504,1,1,0.9425569772720337
2505,7,7,0.9958159327507019
2506,0,0,0.9993463158607483
2507,7,7,0.4898790121078491
2508,6,6,0.8907436728477478
2509,4,4,0.6296510100364685
2510,1,1,0.8967715501785278
2511,3,3,0.766829252243042
2512,8,8,0.8957974910736084
2513,7,7,0.7374745011329651
2514,4,9,0.5843276381492615
2515,5,5,0.7629669308662415
2516,9,9,0.43646347522735596
2517,2,2,0.9855668544769287
2518,5,5,0.994816243648529
2519,1,1,0.9566423296928406
2520,8,8,0.6272284388542175
2521,7,7,0.9590505361557007
2522,3,3,0.7758976221084595
2523,7,7,0.8213015198707581
2524,1,1,0.9227463006973267
2525,5,3,0.4941747188568115
2526,5,3,0.7449391484260559
2527,0,0,0.9888434410095215
2528,9,9,0.7629671692848206
2529,1,1,0.9926329255104065
2530,4,4,0.8853968381881714
2531,0,0,0.998094379901886
2532,6,6,0.6900318264961243
2533,3,3,0.896327018737793
2534,3,3,0.5325412750244141
2535,6,6,0.7424752712249756
2536,0,0,0.9999977350234985
2537,4,4,0.7534400820732117
2538,9,9,0.9647707939147949
2539,7,7,0.640988826751709
2540,5,5,0.9661983251571655
2541,1,1,0.9957094192504883
2542,6,6,0.5389699935913086
2543,8,8,0.9209506511688232
2544,9,9,0.7311372756958008
2545,5,3,0.513655424118042
2546,5,5,0.9746096134185791
2547,7,7,0.9949380159378052
2548,9,9,0.6896272897720337
2549,3,3,0.9829011559486389
2550,8,8,0.8327065706253052
2551,3,3,0.9688192009925842
2552,8,8,0.7339491248130798
2553,1,1,0.9916394352912903
2554,5,5,0.9993543028831482
2555,3,3,0.9998064637184143
2556,5,2,0.5079963803291321
2557,0,0,0.9957129955291748
2558,5,5,0.9675135016441345
2559,5,3,0.46594229340553284
2560,3,2,0.5214594602584839
2561,8,8,0.9685544967651367
2562,6,6,0.9852690100669861
2563,7,7,0.995461642742157
2564,7,7,0.8379992246627808
2565,7,7,0.9577303528785706
2566,3,3,0.9647170305252075
2567,7,7,0.9945812821388245
2568,0,0,0.8148522973060608
2569,5,5,0.8702050447463989
2570,9,9,0.66584712266922
2571,0,0,0.9075567722320557
2572,2,2,0.992759108543396
2573,5,8,0.7616853713989258
2574,5,7,0.7542694807052612
2575,3,3,0.9989196062088013
2576,1,1,0.9452458620071411
2577,7,7,0.9775601625442505
2578,7,7,0.42425480484962463
2579,8,8,0.9977439641952515
2580,6,6,0.9735350608825684
2581,5,5,0.9769175052642822
2582,9,9,0.5362537503242493
2583,3,3,0.9163165092468262
2584,8,8,0.8097032904624939
2585,9,9,0.903355598449707
2586,5,3,0.6913644075393677
2587,3,3,0.9856855869293213
2588,7,7,0.9991829991340637
2589,9,9,0.627946674823761
2590,1,1,0.9818018078804016
2591,7,7,0.9763023853302002
2592,0,0,0.999377965927124
2593,0,0,0.8747104406356812
2594,3,3,0.8107303977012634
2595,7,7,0.999314546585083
2596,2,2,0.994788646697998
2597,5,5,0.8222137689590454
2598,8,2,0.8144176602363586
2599,1,1,0.9550150632858276
2600,8,8,0.984355092048645
2601,6,6,0.9918727278709412
2602,2,2,0.9401907920837402
2603,9,9,0.9770975112915039
2604,5,5,0.5065328478813171
2605,7,7,0.9947482943534851
2606,5,5,0.9803920388221741
2607,7,8,0.4720480442047119
2608,8,8,0.8043631315231323
2609,6,6,0.8145514726638794
2610,2,8,0.9309524893760681
2611,5,5,0.46063295006752014
2612,1,1,0.9976691603660583
2613,4,4,0.997527539730072
2614,8,8,0.9596861600875854
2615,4,4,0.9874078035354614
2616,5,5,0.7143923044204712
2617,8,8,0.4712587296962738
2618,3,3,0.9899966716766357
2619,0,0,0.9895166754722595
2620,6,6,0.9996485710144043
2621,2,2,0.9926243424415588
2622,7,7,0.9933927655220032
2623,3,3,0.9746932983398438
2624,3,3,0.9546982645988464
2625,2,2,0.892928421497345
2626,1,1,0.9808111190795898
2627,0,0,0.9930887818336487
2628,7,7,0.47084739804267883
2629,3,3,0.8245162963867188
2630,4,4,0.6385529637336731
2631,0,6,0.6040728688240051
2632,3,3,0.9882049560546875
2633,9,9,0.9630635380744934
2634,3,3,0.992675244808197
2635,2,8,0.4169890880584717
2636,8,8,0.801922619342804
2637,9,9,0.9940556287765503
2638,0,0,0.9994180202484131
2639,3,3,0.8493662476539612
2640,8,8,0.7893916964530945
2641,0,0,0.9986730813980103
2642,7,7,0.648278534412384
2643,6,6,0.9490252733230591
2644,5,5,0.8269591927528381
2645,4,4,0.6111080646514893
2646,7,7,0.9895848631858826
2647,3,3,0.9612557888031006
2648,9,0,0.9534311890602112
2649,0,0,0.9999825954437256
2650,8,8,0.43465951085090637
2651,6,6,0.784770131111145
2652,2,2,0.9459077715873718
2653,5,5,0.9984227418899536
2654,6,1,0.8460919857025146
2655,1,1,0.9905121922492981
2656,0,0,0.9524986743927002
2657,0,0,0.9976720213890076
2658,4,4,0.6314245462417603
2659,4,4,0.7925782799720764
2660,0,0,0.9282729625701904
2661,1,1,0.9899091720581055
2662,2,2,0.9989463686943054
2663,3,3,0.9993581175804138
2664,2,2,0.9997380375862122
2665,7,7,0.8049259185791016
2666,7,7,0.9871707558631897
2667,8,8,0.9827896356582642
2668,5,8,0.3013535439968109
2669,2,2,0.9999366998672485
2670,5,8,0.9426408410072327
2671,7,7,0.9444282054901123
2672,6,6,0.9472494125366211
2673,9,9,0.9774397611618042
2674,1,1,0.9884622693061829
2675,4,4,0.9967759251594543
2676,1,1,0.9042081832885742
2677,6,6,0.9993305206298828
2678,4,4,0.9863215088844299
2679,2,2,0.9997856020927429
2680,4,4,0.9120081663131714
2681,3,3,0.5424848198890686
2682,5,5,0.9850608706474304
2683,4,4,0.7984228134155273
2684,3,3,0.4907252788543701
2685,9,9,0.9599999189376831
2686,5,5,0.9110260009765625
2687,0,0,0.9844500422477722
2688,1,1,0.9908464550971985
2689,5,5,0.6975005865097046
2690,3,3,0.8796806335449219
2691,8,8,0.885158121585846
2692,9,9,0.5766804814338684
2693,1,1,0.986295759677887
2694,9,9,0.86928391456604
2695,7,4,0.7446548342704773
2696,9,9,0.9054732918739319
2697,5,5,0.9616580009460449
2698,5,3,0.6409903168678284
2699,2,2,0.8254328966140747
2700,7,7,0.9740726947784424
2701,4,4,0.9491457343101501
2702,6,6,0.8772484064102173
2703,0,0,0.9989564418792725
2704,1,1,0.9532008767127991
2705,1,1,0.7917414307594299
2706,1,1,0.9888294339179993
2707,0,0,0.9990710020065308
2708,4,4,0.9797890782356262
2709,4,4,0.6751922965049744
2710,7,7,0.8721681237220764
2711,6,6,0.9991788268089294
2712,3,3,0.9876241683959961
2713,0,8,0.5968828201293945
2714,0,0,0.9946057200431824
2715,4,4,0.8070895671844482
2716,3,3,0.9993601441383362
2717,0,0,0.9976019263267517
2718,6,6,0.9812383055686951
2719,1,1,0.8708691596984863
2720,9,4,0.41968896985054016
2721,6,2,0.6609240770339966
2722,1,1,0.9497559070587158
2723,3,3,0.780820906162262
2724,8,8,0.7306320071220398
2725,1,1,0.9564957022666931
2726,2,2,0.9911916851997375
2727,5,5,0.8234512805938721
2728,6,6,0.9826671481132507
2729,2,2,0.9781996607780457
2730,7,7,0.5478980541229248
2731,3,3,0.8254693150520325
2732,6,6,0.9081608057022095
2733,0,0,0.9986502528190613
2734,1,1,0.9838886260986328
2735,9,9,0.8211370706558228
2736,7,7,0.9967235922813416
2737,6,6,0.9942495822906494
2738,6,6,0.9948346614837646
2739,8,8,0.8654875159263611
2740,9,7,0.5764682292938232
2741,2,2,0.9971436858177185
2742,9,9,0.9274807572364807
2743,5,5,0.7045624852180481
2744,8,8,0.8444814085960388
2745,3,3,0.702528178691864
2746,1,1,0.9895570874214172
2747,0,0,0.9999613761901855
2748,0,0,0.9310357570648193
2749,7,7,0.9871522784233093
2750,6,6,0.7648940682411194
2751,6,6,0.5656778812408447
2752,2,2,0.9989112615585327
2753,1,1,0.8643317818641663
2754,6,6,0.8565958738327026
2755,9,9,0.8736141324043274
2756,3,3,0.6932471990585327
2757,1,1,0.9947234392166138
2758,8,8,0.7941463589668274
2759,6,6,0.9935199618339539
2760,9,4,0.28481441736221313
2761,0,0,0.8685025572776794
2762,6,6,0.9604767560958862
2763,0,0,0.9978541731834412
2764,0,0,0.972279965877533
2765,0,0,0.9969966411590576
2766,6,6,0.8810126781463623
2767,3,3,0.9767136573791504
2768,5,5,0.9501432776451111
2769,9,9,0.8246836066246033
2770,3,6,0.4818164110183716
2771,4,9,0.5202115774154663
2772,5,5,0.9376219511032104
2773,5,5,0.970481812953949
2774,8,8,0.999043881893158
2775,5,5,0.8971145749092102
2776,3,3,0.9419765472412109
2777,0,0,0.9633079767227173
2778,4,4,0.7813112735748291
2779,0,0,0.9264163374900818
2780,2,3,0.7699489593505859
2781,9,9,0.9056777358055115
2782,6,6,0.9142096638679504
2783,8,8,0.7711452841758728
2784,2,2,0.9816780686378479
2785,3,3,0.9967617392539978
2786,1,1,0.9605808854103088
2787,2,2,0.9945471286773682
2788,1,1,0.9216354489326477
2789,1,1,0.9736407995223999
2790,5,5,0.9985566735267639
2791,6,6,0.9716607928276062
2792,9,9,0.9468016624450684
2793,8,8,0.4965530335903168
2794,0,0,0.9334442615509033
2795,6,6,0.9885234236717224
2796,6,6,0.9560626149177551
2797,5,5,0.8003371357917786
2798,5,5,0.9781355857849121
2799,3,3,0.9417780041694641
2800,8,8,0.8989888429641724
2801,6,6,0.8628920912742615
2802,2,2,0.9742437601089478
2803,1,1,0.9729247689247131
2804,4,4,0.9508745670318604
2805,5,5,0.5848685503005981
2806,4,4,0.973633348941803
2807,3,3,0.9881486296653748
2808,7,7,0.707740306854248
2809,8,8,0.9662904739379883
2810,5,3,0.5074411034584045
2811,0,0,0.9970850348472595
2812,9,9,0.5922191739082336
2813,3,3,0.9613497257232666
2814,5,5,0.826145350933075
2815,1,1,0.9928141236305237
2816,1,1,0.9631490111351013
2817,0,0,0.9999433755874634
2818,4,4,0.6636492013931274
2819,4,4,0.9896065592765808
2820,7,7,0.7362121343612671
2821,0,0,0.9891155362129211
2822,1,1,0.9815545678138733
2823,7,7,0.9109939336776733
2824,0,0,0.9966489672660828
2825,1,1,0.8522510528564453
2826,6,6,0.9966086149215698
2827,1,1,0.9695875644683838
2828,4,4,0.9939340949058533
2829,5,5,0.6429131627082825
2830,6,6,0.998877227306366
2831,6,6,0.9995278120040894
2832,5,3,0.9132145643234253
2833,7,7,0.9990540146827698
2834,8,8,0.61334627866745
2835,4,4,0.9983332753181458
2836,4,4,0.4816255569458008
2837,7,7,0.9986503720283508
2838,2,2,0.9353805780410767
2839,5,5,0.952284038066864
2840,3,3,0.885296642780304
2841,7,7,0.9901379346847534
2842,0,0,0.999288022518158
2843,7,7,0.9915562868118286
2844,7,7,0.9995419979095459
2845,9,9,0.9966990351676941
2846,6,6,0.9759575724601746
2847,4,4,0.9767816662788391
2848,2,2,0.9865216016769409
2849,8,8,0.9392382502555847
2850,5,3,0.8408154249191284
2851,7,7,0.5945470333099365
2852,8,1,0.591197669506073
2853,3,3,0.6909551620483398
2854,9,9,0.48343339562416077
2855,5,5,0.9854872226715088
2856,8,8,0.9698068499565125
2857,9,9,0.8979101777076721
2858,9,9,0.9368659853935242
2859,8,8,0.8482270836830139
2860,6,6,0.9112395644187927
2861,2,2,0.7773304581642151
2862,8,8,0.9148340225219727
2863,9,4,0.48987066745758057
2864,2,2,0.9963326454162598
2865,3,3,0.9882736206054688
2866,6,4,0.6619830131530762
2867,1,1,0.9546133875846863
2868,1,1,0.9922772645950317
2869,8,8,0.9947185516357422
2870,9,9,0.9583250284194946
2871,3,3,0.8754870891571045
2872,4,4,0.9622913002967834
2873,0,0,0.993421733379364
2874,7,7,0.996585488319397
2875,9,9,0.9497764706611633
2876,6,6,0.998925507068634
2877,4,4,0.386542409658432
2878,1,1,0.9655641317367554
2879,4,4,0.7766696214675903
2880,1,1,0.9887986779212952
2881,3,3,0.9613522887229919
2882,4,4,0.9991742968559265
2883,9,9,0.9929254055023193
2884,3,3,0.8858784437179565
2885,1,1,0.9533661603927612
2886,4,4,0.992760419845581
2887,7,7,0.9876437187194824
2888,7,7,0.9190662503242493
2889,4,4,0.9865261912345886
2890,7,7,0.9932310581207275
2891,2,2,0.995841920375824
2892,9,9,0.9855523705482483
2893,3,3,0.9997887015342712
2894,0,0,0.9550106525421143
2895,8,8,0.9942418932914734
2896,8,0,0.8622798919677734
2897,8,8,0.9611992835998535
2898,4,4,0.9531145691871643
2899,0,0,0.9925385117530823
2900,4,4,0.9298967719078064
2901,4,4,0.8180835247039795
2902,1,1,0.957381546497345
2903,5,5,0.9281144142150879
2904,2,2,0.9997652173042297
2905,8,8,0.3166040778160095
2906,3,5,0.843517541885376
2907,4,9,0.6151114106178284
2908,9,9,0.9982140064239502
2909,5,5,0.7935754060745239
2910,2,2,0.9609183669090271
2911,8,8,0.542831301689148
2912,1,1,0.9798877239227295
2913,5,5,0.8533963561058044
2914,3,3,0.6210536360740662
2915,7,7,0.814231812953949
2916,9,9,0.8744133114814758
2917,4,4,0.9007068276405334
2918,2,2,0.9913252592086792
2919,5,2,0.44312378764152527
2920,6,6,0.9046213626861572
2921,3,2,0.4812741279602051
2922,5,5,0.9672191739082336
2923,9,9,0.8622324466705322
2924,3,3,0.9597033858299255
2925,5,0,0.9373923540115356
2926,9,9,0.9324427843093872
2927,3,2,0.976975679397583
2928,1,1,0.986308753490448
2929,9,9,0.9915904402732849
2930,5,5,0.4110010266304016
2931,3,3,0.8376830220222473
2932,0,0,0.7147440314292908
2933,6,6,0.9476839900016785
2934,9,9,0.8555521368980408
2935,8,8,0.9836371541023254
2936,4,4,0.9616698026657104
2937,0,0,0.9908281564712524
2938,4,4,0.8690210580825806
2939,9,9,0.8666984438896179
2940,2,2,0.8779696822166443
2941,9,9,0.9773445725440979
2942,0,0,0.9976043105125427
2943,1,1,0.9926348328590393
2944,0,0,0.9007234573364258
2945,3,7,0.8111265301704407
2946,1,1,0.7890844941139221
2947,6,6,0.9698347449302673
2948,5,5,0.9092869162559509
2949,8,8,0.8592344522476196
2950,1,1,0.995730459690094
2951,5,5,0.8171961307525635
2952,3,3,0.9262641072273254
2953,3,5,0.8599186539649963
2954,0,0,0.8632956147193909
2955,3,3,0.9999654293060303
2956,5,5,0.6733332276344299
2957,5,5,0.9481378793716431
2958,9,9,0.9368226528167725
2959,2,2,0.998887836933136
2960,8,8,0.8857295513153076
2961,7,7,0.9239444136619568
2962,0,0,0.9994105100631714
2963,4,4,0.9753119349479675
2964,9,9,0.8883082866668701
2965,1,1,0.9824233055114746
2966,9,9,0.9069955945014954
2967,7,7,0.9984180927276611
2968,7,7,0.9391579627990723
2969,5,5,0.7968446016311646
2970,5,5,0.4229826033115387
2971,2,2,0.9889976382255554
2972,0,0,0.9940187931060791
2973,9,9,0.904688835144043
2974,1,1,0.98058021068573
2975,8,8,0.9723083972930908
2976,6,6,0.8397193551063538
2977,2,2,0.8748571276664734
2978,3,3,0.9878436326980591
2979,9,9,0.5629879832267761
2980,6,6,0.9994822144508362
2981,2,2,0.9927811026573181
2982,1,1,0.9960699081420898
2983,9,9,0.9777016639709473
2984,1,1,0.9698709845542908
2985,3,3,0.946641206741333
2986,5,5,0.508780300617218
2987,5,5,0.6115133762359619
2988,0,0,0.8080862164497375
2989,3,3,0.6580702066421509
2990,8,8,0.6561545729637146
2991,3,3,0.8258043527603149
2992,3,3,0.8406406044960022
2993,7,7,0.9561052918434143
2994,6,6,0.5135941505432129
2995,6,8,0.4285758137702942
2996,0,0,0.9887730479240417
2997,1,1,0.9906463623046875
2998,4,4,0.6939004063606262
2999,0,0,0.9966345429420471
3000,6,6,0.921973466873169
3001,9,9,0.9033717513084412
3002,8,8,0.7996606230735779
3003,1,1,0.9712573289871216
3004,2,2,0.9612395763397217
3005,9,1,0.5158892869949341
3006,9,9,0.9817373752593994
3007,5,5,0.9857081770896912
3008,9,9,0.9480581283569336
3009,7,7,0.9810796976089478
3010,3,3,0.9401624798774719
3011,7,7,0.9818772077560425
3012,8,8,0.8174329996109009
3013,0,0,0.9951754808425903
3014,1,1,0.9918684959411621
3015,3,3,0.957001805305481
3016,0,0,0.9989262223243713
3017,4,4,0.9972424507141113
3018,6,6,0.9988358616828918
3019,1,1,0.9733178615570068
3020,0,0,0.8849263787269592
3021,2,2,0.9187138676643372
3022,5,5,0.9887818694114685
3023,8,8,0.8523155450820923
3024,4,4,0.9751606583595276
3025,4,4,0.9879409074783325
3026,1,1,0.982799768447876
3027,1,1,0.9922163486480713
3028,5,5,0.9986060261726379
3029,4,4,0.7499194741249084
3030,6,6,0.41084423661231995
3031,6,6,0.9814390540122986
3032,0,0,0.9998769760131836
3033,6,6,0.6736647486686707
3034,9,9,0.9610863924026489
3035,2,2,0.9837803244590759
3036,6,6,0.9898191094398499
3037,2,2,0.9998948574066162
3038,7,7,0.9400025606155396
3039,1,1,0.959250271320343
3040,7,7,0.9784648418426514
3041,9,9,0.9378317594528198
3042,4,4,0.8765416741371155
3043,0,0,0.9681600332260132
3044,0,0,0.9933776259422302
3045,3,3,0.9991106390953064
3046,8,8,0.9591152667999268
3047,2,2,0.9866833090782166
3048,2,2,0.9764242172241211
3049,3,3,0.7736042141914368
3050,1,1,0.9929895401000977
3051,6,6,0.9980992674827576
3052,0,0,0.9996466636657715
3053,5,5,0.9084305167198181
3054,7,7,0.988358736038208
3055,7,7,0.9687291979789734
3056,9,9,0.9837647080421448
3057,2,2,0.993521511554718
3058,6,6,0.9992927312850952
3059,7,7,0.9898847341537476
3060,9,7,0.7699910402297974
3061,7,7,0.8933741450309753
3062,8,8,0.43317946791648865
3063,6,6,0.9751186370849609
3064,8,8,0.8084654211997986
3065,8,8,0.4608156681060791
3066,4,4,0.6279750466346741
3067,6,6,0.9986370205879211
3068,8,8,0.827875554561615
3069,4,4,0.5061215758323669
3070,1,1,0.9859098196029663
3071,2,2,0.9991922974586487
3072,8,8,0.9728705883026123
3073,1,2,0.861662745475769
3074,3,3,0.9912275671958923
3075,9,9,0.9836891293525696
3076,4,4,0.9993197917938232
3077,0,0,0.6663525104522705
3078,3,3,0.5042401552200317
3079,7,7,0.9988676309585571
3080,3,3,0.990776777267456
3081,2,2,0.9946537017822266
3082,3,3,0.9853711128234863
3083,3,3,0.9994719624519348
3084,7,7,0.6531015038490295
3085,3,3,0.8606954216957092
3086,4,4,0.9431903958320618
3087,0,0,0.9992302656173706
3088,6,6,0.9687199592590332
3089,2,2,0.9151540994644165
3090,0,0,0.9751792550086975
3091,8,8,0.8904644846916199
3092,1,1,0.92302405834198
3093,5,5,0.8569057583808899
3094,3,3,0.9312841296195984
3095,5,5,0.7099724411964417
3096,4,4,0.9923823475837708
3097,1,1,0.9511355757713318
3098,7,7,0.6468077301979065
3099,1,1,0.9909560084342957
3100,5,3,0.39234524965286255
3101,7,7,0.9899651408195496
3102,5,7,0.3126525282859802
3103,7,7,0.8687353730201721
3104,3,3,0.9622827172279358
3105,2,2,0.9942652583122253
3106,2,3,0.34375879168510437
3107,7,7,0.9972131848335266
3108,3,3,0.6079659461975098
3109,7,7,0.7169246673583984
3110,3,5,0.5427756309509277
3111,7,7,0.9240209460258484
3112,8,8,0.8574793338775635
3113,5,5,0.943732500076294
3114,4,2,0.5497231483459473
3115,5,5,0.5203188061714172
3116,2,2,0.9997304081916809
3117,5,9,0.7564233541488647
3118,6,6,0.9902890920639038
3119,5,5,0.9766994714736938
3120,3,3,0.9917958378791809
3121,6,6,0.9944922924041748
3122,7,7,0.963171124458313
3123,4,4,0.9063899517059326
3124,1,1,0.9546014666557312
3125,7,7,0.9971187114715576
3126,1,1,0.9945870637893677
3127,5,5,0.8608434796333313
3128,2,2,0.9241076111793518
3129,3,2,0.4771856665611267
3130,6,0,0.7084763050079346
3131,3,3,0.9528768062591553
3132,1,1,0.6236922144889832
3133,4,9,0.6100877523422241
3134,2,2,0.9988774657249451
3135,6,6,0.9779647588729858
3136,7,1,0.32549434900283813
3137,4,4,0.9962061643600464
3138,3,3,0.6302466988563538
3139,8,8,0.6988118886947632
3140,0,0,0.9861572980880737
3141,6,6,0.9871550798416138
3142,2,2,0.9979069232940674
3143,1,1,0.9921619296073914
3144,6,6,0.9999445676803589
3145,5,9,0.9358144402503967
3146,3,3,0.8078182339668274
3147,9,9,0.9691200256347656
3148,1,1,0.9879839420318604
3149,9,9,0.8727207183837891
3150,3,3,0.9226690530776978
3151,2,2,0.5478377342224121
3152,1,1,0.9683162569999695
3153,8,8,0.8658190369606018
3154,4,4,0.9674737453460693
3155,4,4,0.8957792520523071
3156,6,6,0.9942534565925598
3157,5,7,0.5785882472991943
3158,8,8,0.78087317943573
3159,6,6,0.9978030323982239
3160,9,4,0.5341201424598694
3161,7,7,0.9536020159721375
3162,7,7,0.995678722858429
3163,8,8,0.9743680953979492
3164,6,6,0.5795066356658936
3165,9,9,0.9932096600532532
3166,7,9,0.4876987636089325
3167,3,1,0.38760823011398315
3168,9,9,0.992380678653717
3169,4,4,0.950046956539154
3170,0,0,0.9788550734519958
3171,5,5,0.706197202205658
3172,4,4,0.7093350887298584
3173,6,6,0.7258858680725098
3174,4,4,0.9981254935264587
3175,1,1,0.9781342148780823
3176,2,2,0.6785525679588318
3177,3,3,0.9942737221717834
3178,0,0,0.9900931715965271
3179,0,0,0.9984771609306335
3180,2,2,0.9390231966972351
3181,6,6,0.9992645382881165
3182,6,6,0.9989100694656372
3183,5,5,0.49932464957237244
3184,7,7,0.9984725117683411
3185,0,0,0.5555570721626282
3186,8,2,0.4343785047531128
3187,6,6,0.9884598255157471
3188,4,4,0.9910257458686829
3189,7,4,0.790777862071991
3190,9,9,0.9812807440757751
3191,0,0,0.9654603600502014
3192,7,7,0.9659948945045471
3193,3,2,0.6289514303207397
3194,4,4,0.9716532230377197
3195,2,2,0.9907422661781311
3196,1,1,0.6659322381019592
3197,8,8,0.9993048906326294
3198,8,8,0.9912915229797363
3199,5,5,0.8660830855369568
3200,9,9,0.9942071437835693
3201,2,2,0.9986552000045776
3202,7,7,0.8058670163154602
3203,1,1,0.9802563190460205
3204,8,8,0.6151142120361328
3205,8,8,0.5369409322738647
3206,8,3,0.9897608160972595
3207,2,2,0.7961172461509705
3208,7,7,0.86665278673172
3209,6,6,0.9921214580535889
3210,0,0,0.9665367007255554
3211,1,1,0.9833770990371704
3212,2,2,0.9983071088790894
3213,7,7,0.947577953338623
3214,1,1,0.9491140842437744
3215,0,0,0.9993236064910889
3216,8,8,0.5839456915855408
3217,3,3,0.9993832111358643
3218,6,6,0.8080785870552063
3219,0,0,0.746017575263977
3220,5,5,0.9872924089431763
3221,3,3,0.9998490810394287
3222,6,6,0.966321587562561
3223,2,2,0.9999345541000366
3224,8,8,0.9705773591995239
3225,7,7,0.43735358119010925
3226,0,0,0.9990028738975525
3227,1,1,0.9313068985939026
3228,4,4,0.9853299856185913
3229,2,2,0.9888906478881836
3230,1,1,0.9964307546615601
3231,1,1,0.9974724650382996
3232,4,4,0.8865793347358704
3233,4,4,0.9263665676116943
3234,4,4,0.9992913007736206
3235,4,4,0.9886391162872314
3236,7,7,0.9176279902458191
3237,1,1,0.9924955368041992
3238,6,6,0.943071722984314
3239,2,2,0.9856055378913879
3240,9,3,0.5084213018417358
3241,9,9,0.9608820676803589
3242,0,0,0.9503354430198669
3243,0,0,0.8624981641769409
3244,1,1,0.9407575130462646
3245,8,8,0.5784450769424438
3246,8,8,0.4075970947742462
3247,4,4,0.8938558101654053
3248,3,3,0.9405816793441772
3249,4,4,0.9878512024879456
3250,2,2,0.9373224973678589
3251,0,0,0.9807927012443542
3252,6,6,0.916232705116272
3253,1,1,0.9691072702407837
3254,6,6,0.5301058888435364
3255,1,1,0.9796426892280579
3256,2,2,0.9979006052017212
3257,2,2,0.9991094470024109
3258,2,2,0.9661887288093567
3259,1,1,0.9873661994934082
3260,2,2,0.9671362638473511
3261,3,3,0.9286394119262695
3262,7,7,0.4686512351036072
3263,8,8,0.7915436029434204
3264,1,1,0.9682199358940125
3265,0,0,0.996918797492981
3266,0,0,0.986291229724884
3267,2,2,0.9903604984283447
3268,1,1,0.9751250743865967
3269,6,2,0.49843546748161316
3270,6,6,0.998855471611023
3271,0,0,0.9973133206367493
3272,1,1,0.9181521534919739
3273,6,6,0.9967393279075623
3274,2,2,0.9879172444343567
3275,5,5,0.7914311289787292
3276,1,1,0.9921914935112
3277,7,7,0.9491797685623169
3278,4,4,0.9835087656974792
3279,8,8,0.9597072601318359
3280,2,8,0.3719662129878998
3281,1,1,0.995057225227356
3282,4,4,0.8686800599098206
3283,3,3,0.7557932138442993
3284,8,7,0.6876741647720337
3285,3,3,0.9544209241867065
3286,9,9,0.9458010196685791
3287,9,9,0.9701157212257385
3288,4,9,0.5119727253913879
3289,8,8,0.5215466022491455
3290,3,3,0.9879900813102722
3291,4,4,0.990444004535675
3292,7,7,0.9237398505210876
3293,2,2,0.9998934268951416
3294,7,7,0.999744713306427
3295,5,5,0.9059147238731384
3296,7,7,0.9994314312934875
3297,0,0,0.8859641551971436
3298,4,4,0.9981541037559509
3299,3,3,0.9759951233863831
3300,3,3,0.9056046605110168
3301,2,2,0.9729217290878296
3302,6,6,0.576294481754303
3303,7,7,0.9140971302986145
3304,6,6,0.9127996563911438
3305,0,0,0.9035729765892029
3306,0,0,0.9973012804985046
3307,6,6,0.9982336759567261
3308,7,7,0.9998268485069275
3309,7,7,0.9943453073501587
3310,0,0,0.9906414151191711
3311,5,5,0.9600152969360352
3312,5,5,0.8012602925300598
3313,8,8,0.9913429021835327
3314,1,1,0.9861451387405396
3315,0,0,0.9970338344573975
3316,7,4,0.7306246161460876
3317,0,0,0.9127665758132935
3318,2,2,0.9798511862754822
3319,8,8,0.6431031823158264
3320,1,1,0.9860578179359436
3321,5,5,0.9663894176483154
3322,0,0,0.973337709903717
3323,8,8,0.6385745406150818
3324,8,8,0.8842814564704895
3325,0,0,0.9994381070137024
3326,3,3,0.8896634578704834
3327,2,2,0.9723122119903564
3328,7,7,0.9998526573181152
3329,7,2,0.803953230381012
3330,2,3,0.596653401851654
3331,6,6,0.9986011385917664
3332,4,4,0.9499303698539734
3333,7,9,0.6432388424873352
3334,5,5,0.7630459070205688
3335,5,5,0.8385774493217468
3336,5,5,0.6653301119804382
3337,2,2,0.962367832660675
3338,9,9,0.8353394269943237
3339,2,2,0.8402444124221802
3340,8,8,0.927438497543335
3341,4,4,0.8827819228172302
3342,6,6,0.8996479511260986
3343,8,8,0.94915372133255
3344,6,6,0.8512549996376038
3345,5,5,0.7180431485176086
3346,0,0,0.9995256662368774
3347,0,0,0.5567103028297424
3348,8,8,0.998170018196106
3349,7,7,0.9445945620536804
3350,6,6,0.9819450378417969
3351,1,1,0.9028603434562683
3352,7,7,0.9792544841766357
3353,1,1,0.9921323657035828
3354,1,1,0.9963980913162231
3355,2,2,0.999695897102356
3356,7,7,0.98785400390625
3357,4,4,0.9953533411026001
3358,0,0,0.8558241128921509
3359,0,0,0.9997655749320984
3360,7,7,0.9454695582389832
3361,7,7,0.9978688955307007
3362,6,6,0.9971503615379333
3363,3,3,0.9671353697776794
3364,8,8,0.9996912479400635
3365,6,6,0.9268695712089539
3366,4,4,0.9850047826766968
3367,2,2,0.9910888671875
3368,0,0,0.9967151880264282
3369,9,7,0.4633345305919647
3370,4,4,0.8567007184028625
3371,0,0,0.9891166090965271
3372,5,5,0.9068411588668823
3373,7,7,0.9905446767807007
3374,8,8,0.9735738039016724
3375,2,2,0.9565325975418091
3376,7,7,0.7002330422401428
3377,4,4,0.6310842037200928
3378,7,7,0.9764078855514526
3379,1,1,0.9950359463691711
3380,1,1,0.979373037815094
3381,3,2,0.47184619307518005
3382,6,6,0.9997294545173645
3383,6,6,0.9061304926872253
3384,2,2,0.7225041389465332
3385,9,9,0.9178017377853394
3386,1,1,0.9766874313354492
3387,9,9,0.9809429049491882
3388,4,4,0.6853337287902832
3389,8,8,0.991617739200592
3390,3,3,0.9682708978652954
3391,6,6,0.9993071556091309
3392,9,9,0.9034987092018127
3393,5,5,0.9886519312858582
3394,9,7,0.6551703214645386
3395,6,6,0.9916946291923523
3396,2,2,0.9969870448112488
3397,4,4,0.9955037236213684
3398,6,6,0.9864282011985779
3399,7,7,0.9876454472541809
3400,7,7,0.9953990578651428
3401,0,0,0.9728469252586365
3402,6,6,0.9886583685874939
3403,6,6,0.9827979207038879
3404,9,9,0.6424300074577332
3405,4,9,0.3798219859600067
3406,8,8,0.8378897905349731
3407,3,3,0.9926722049713135
3408,5,5,0.7095611095428467
3409,3,3,0.9722132682800293
3410,4,4,0.623603343963623
3411,9,9,0.7980279326438904
3412,0,0,0.9102927446365356
3413,0,0,0.9950128197669983
3414,5,5,0.4603326618671417
3415,2,2,0.9870802760124207
3416,5,5,0.877043604850769
3417,0,0,0.9721208810806274
3418,7,7,0.9862322211265564
3419,1,1,0.9915134310722351
3420,1,1,0.9708895683288574
3421,1,1,0.9765051603317261
3422,6,0,0.5701331496238708
3423,7,7,0.7913556694984436
3424,6,6,0.9797919392585754
3425,7,7,0.9209299087524414
3426,9,9,0.9015849828720093
3427,6,6,0.9299011826515198
3428,6,6,0.9862858653068542
3429,4,4,0.7270189523696899
3430,1,1,0.8864113688468933
3431,4,4,0.9996159076690674
3432,3,3,0.8023714423179626
3433,1,1,0.9834694862365723
3434,1,1,0.9339321851730347
3435,2,2,0.955396294593811
3436,2,1,0.6003599762916565
3437,4,4,0.47473132610321045
3438,1,1,0.9900830388069153
3439,0,0,0.9972466230392456
3440,8,8,0.8669160008430481
3441,7,7,0.994235098361969
3442,6,6,0.9974083304405212
3443,3,3,0.9200171828269958
3444,4,4,0.8406822085380554
3445,0,0,0.9992367029190063
3446,0,0,0.96384197473526
3447,6,6,0.944182813167572
3448,3,3,0.6676990985870361
3449,3,3,0.9933037161827087
3450,0,0,0.549933910369873
3451,7,7,0.9827613234519958
3452,1,1,0.9901881814002991
3453,7,7,0.961741030216217
3454,1,1,0.996512234210968
3455,1,1,0.9950786828994751
3456,3,3,0.7984658479690552
3457,1,1,0.8819013833999634
3458,0,0,0.99622642993927
3459,9,9,0.9686797857284546
3460,9,9,0.42141687870025635
3461,7,7,0.9991349577903748
3462,5,5,0.9932326078414917
3463,4,4,0.9729587435722351
3464,1,1,0.9737259149551392
3465,4,4,0.9306514263153076
3466,8,8,0.7255437970161438
3467,9,9,0.8955450654029846
3468,5,4,0.49247169494628906
3469,3,3,0.9606465697288513
3470,5,5,0.9674281477928162
3471,1,1,0.9773356914520264
3472,9,9,0.9510712027549744
3473,8,8,0.8051393032073975
3474,2,2,0.8503684401512146
3475,3,7,0.4453451335430145
3476,3,3,0.50923752784729
3477,9,9,0.9854494333267212
3478,9,9,0.9218589067459106
3479,0,0,0.9596762657165527
3480,1,1,0.9874535799026489
3481,0,0,0.9995461106300354
3482,2,2,0.9987255930900574
3483,9,9,0.9242368936538696
3484,3,3,0.9797554016113281
3485,9,9,0.9358869194984436
3486,3,3,0.9950777292251587
3487,3,3,0.9923309087753296
3488,6,6,0.9979252815246582
3489,2,2,0.9551499485969543
3490,4,9,0.37289097905158997
3491,9,9,0.942430317401886
3492,8,8,0.8129085898399353
3493,3,3,0.978631854057312
3494,7,7,0.7713106274604797
3495,4,4,0.9175012111663818
3496,0,0,0.9601045250892639
3497,4,4,0.9318287968635559
3498,7,7,0.770947277545929
3499,8,8,0.8800591826438904
3500,4,4,0.9981232285499573
3501,9,9,0.9890193343162537
3502,8,8,0.6941975951194763
3503,9,1,0.5725098252296448
3504,9,9,0.7705324292182922
3505,7,7,0.9912257790565491
3506,5,5,0.5608229041099548
3507,9,9,0.9944748282432556
3508,2,2,0.9992462396621704
3509,8,8,0.9960254430770874
3510,2,2,0.8507983684539795
3511,2,2,0.8647089600563049
3512,0,0,0.9958823919296265
3513,2,2,0.9996451139450073
3514,2,2,0.8456704616546631
3515,3,3,0.9999585151672363
3516,8,8,0.45558205246925354
3517,4,4,0.9949900507926941
3518,6,6,0.9876960515975952
3519,8,8,0.5943730473518372
3520,6,4,0.9567599296569824
3521,8,8,0.9722278118133545
3522,2,2,0.875943124294281
3523,4,4,0.9547797441482544
3524,6,6,0.9998922348022461
3525,7,7,0.7323571443557739
3526,9,9,0.9574621915817261
3527,3,3,0.9926859140396118
3528,3,3,0.9405943751335144
3529,9,9,0.7574648857116699
3530,4,4,0.8277776837348938
3531,3,3,0.9387955069541931
3532,1,1,0.9724445343017578
3533,4,9,0.4524005353450775
3534,4,4,0.9382494688034058
3535,7,7,0.9996825456619263
3536,0,0,0.9850393533706665
3537,5,5,0.5920249223709106
3538,9,9,0.9808477163314819
3539,6,6,0.9885010719299316
3540,0,0,0.9983238577842712
3541,4,4,0.9872421026229858
3542,4,4,0.9984703660011292
3543,4,4,0.8199991583824158
3544,4,4,0.8644664883613586
3545,6,6,0.9861981272697449
3546,1,1,0.996282160282135
3547,2,2,0.8697515726089478
3548,3,3,0.9749496579170227
3549,3,2,0.939020037651062
3550,6,5,0.5301658511161804
3551,4,4,0.9851669669151306
3552,5,5,0.8934723138809204
3553,9,9,0.9225393533706665
3554,6,6,0.9973886609077454
3555,8,8,0.933242917060852
3556,5,5,0.9700626730918884
3557,6,6,0.7218151092529297
3558,5,0,0.7490419745445251
3559,8,5,0.43416279554367065
3560,6,6,0.9923098087310791
3561,4,4,0.8713331818580627
3562,1,1,0.9854233264923096
3563,8,8,0.9708366394042969
3564,6,6,0.9086388945579529
3565,5,8,0.45490896701812744
3566,2,2,0.9485740065574646
3567,8,5,0.9354346990585327
3568,4,4,0.9251933693885803
3569,5,5,0.9805288910865784
3570,5,5,0.9875062704086304
3571,4,4,0.8387203216552734
3572,7,7,0.9931362867355347
3573,7,4,0.5108762979507446
3574,0,0,0.5112614631652832
3575,7,7,0.7103983163833618
3576,8,8,0.7788768410682678
3577,2,2,0.7762794494628906
3578,2,2,0.7561792731285095
3579,3,3,0.9926469326019287
3580,7,7,0.5087424516677856
3581,0,0,0.994481086730957
3582,1,1,0.8728677034378052
3583,8,8,0.7245590090751648
3584,0,0,0.9996349811553955
3585,7,7,0.9124182462692261
3586,1,1,0.9960893392562866
3587,9,9,0.9856941103935242
3588,8,8,0.9758233428001404
3589,7,7,0.9804946184158325
3590,5,5,0.9516685605049133
3591,5,5,0.9032403230667114
3592,9,9,0.7645946741104126
3593,1,1,0.978411853313446
3594,7,7,0.9965822100639343
3595,5,5,0.9971953630447388
3596,4,4,0.9688604474067688
3597,9,3,0.9697751998901367
3598,1,1,0.4092535376548767
3599,2,2,0.503771960735321
3600,2,2,0.6831020712852478
3601,1,1,0.8944696187973022
3602,6,6,0.9995810389518738
3603,6,6,0.9991106390953064
3604,7,0,0.5746929049491882
3605,1,1,0.9726056456565857
3606,1,1,0.9035838842391968
3607,4,4,0.8388512134552002
3608,0,0,0.9999351501464844
3609,7,7,0.9891692399978638
3610,4,4,0.9954618811607361
3611,2,2,0.9960260391235352
3612,4,9,0.6210694909095764
3613,0,0,0.9623410105705261
3614,6,6,0.9173038601875305
3615,4,4,0.7841397523880005
3616,7,7,0.9836511015892029
3617,6,6,0.9420604109764099
3618,9,9,0.7406900525093079
3619,5,5,0.9968774318695068
3620,3,3,0.9962239265441895
3621,4,4,0.9210684895515442
3622,6,6,0.9987339377403259
3623,5,5,0.8901295065879822
3624,0,0,0.991360604763031
3625,1,1,0.9652594923973083
3626,8,8,0.8493696451187134
3627,8,8,0.9782904982566833
3628,2,2,0.9997908473014832
3629,8,3,0.8396796584129333
3630,3,3,0.9918555021286011
3631,5,5,0.8361493945121765
3632,7,7,0.99830162525177
3633,8,8,0.9842692613601685
3634,0,0,0.8953955173492432
3635,8,8,0.9460424780845642
3636,5,5,0.6896670460700989
3637,7,7,0.9066397547721863
3638,1,1,0.9910314083099365
3639,1,1,0.9775649309158325
3640,0,0,0.6972671747207642
3641,1,1,0.9855934977531433
3642,3,3,0.9994925260543823
3643,7,7,0.9962267875671387
3644,8,8,0.8826426863670349
3645,5,5,0.7652703523635864
3646,0,0,0.9478448629379272
3647,7,7,0.9959985017776489
3648,1,1,0.9984233379364014
3649,1,1,0.9964724779129028
3650,0,0,0.9836369156837463
3651,1,1,0.9939867258071899
3652,1,1,0.9789804220199585
3653,4,4,0.8565047979354858
3654,5,5,0.8108040690422058
3655,2,2,0.9379728436470032
3656,7,7,0.8872227072715759
3657,6,6,0.9964029788970947
3658,2,2,0.9437791109085083
3659,3,3,0.992159366607666
3660,0,0,0.9956879019737244
3661,2,2,0.9908182621002197
3662,8,5,0.5217989683151245
3663,5,5,0.9490572810173035
3664,9,9,0.7394230961799622
3665,6,6,0.947780191898346
3666,9,9,0.9273678660392761
3667,7,7,0.8630425333976746
3668,2,2,0.9999959468841553
3669,1,1,0.9778481125831604
3670,3,3,0.9650799632072449
3671,6,6,0.9313518404960632
3672,4,4,0.7359928488731384
3673,1,1,0.9835819005966187
3674,8,8,0.3226492702960968
3675,2,2,0.9998506307601929
3676,4,4,0.989452064037323
3677,0,0,0.9997146725654602
3678,5,5,0.8986129760742188
3679,1,1,0.984409511089325
3680,0,0,0.9997809529304504
3681,2,5,0.38518285751342773
3682,2,2,0.9021964073181152
3683,6,6,0.9537578225135803
3684,4,4,0.9804547429084778
3685,4,2,0.4356301724910736
3686,3,3,0.7735713720321655
3687,9,9,0.5009915232658386
3688,6,6,0.32194533944129944
3689,1,1,0.9907654523849487
3690,6,6,0.9406749606132507
3691,5,5,0.6434484124183655
3692,7,7,0.9989210367202759
3693,9,9,0.9567672610282898
3694,2,2,0.8979802131652832
3695,0,0,0.9990490078926086
3696,2,2,0.829185426235199
3697,6,6,0.9632073044776917
3698,0,0,0.9129083752632141
3699,1,1,0.9905417561531067
3700,4,4,0.984517514705658
3701,3,3,0.8819676041603088
3702,5,5,0.5243306159973145
3703,2,2,0.971969485282898
3704,8,8,0.8246046900749207
3705,8,8,0.9702208638191223
3706,0,0,0.9749568700790405
3707,8,8,0.8666844964027405
3708,8,8,0.9849489331245422
3709,9,9,0.8702744245529175
3710,0,0,0.6034473776817322
3711,9,9,0.9811310768127441
3712,6,6,0.9998403787612915
3713,7,7,0.737652599811554
3714,6,6,0.9987655878067017
3715,3,3,0.9622237682342529
3716,9,3,0.6052910685539246
3717,3,3,0.858034610748291
3718,4,9,0.8449512124061584
3719,7,7,0.9604227542877197
3720,7,7,0.9906591176986694
3721,7,7,0.9485626220703125
3722,4,4,0.929155170917511
3723,9,9,0.9265956878662109
3724,0,0,0.998507559299469
3725,6,6,0.7711024880409241
3726,4,9,0.5979706645011902
3727,8,8,0.8211456537246704
3728,4,4,0.9631016850471497
3729,2,2,0.9827970266342163
3730,7,9,0.8176562190055847
3731,2,2,0.9997753500938416
3732,8,1,0.6266153454780579
3733,1,1,0.9599035978317261
3734,0,0,0.9234276413917542
3735,0,0,0.9931454658508301
3736,7,7,0.9213907122612
3737,8,8,0.8309004306793213
3738,3,3,0.9448015093803406
3739,3,3,0.7286424040794373
3740,3,3,0.9879337549209595
3741,1,1,0.9964613318443298
3742,3,3,0.8765656352043152
3743,7,7,0.9998108744621277
3744,6,6,0.9848448634147644
3745,1,1,0.9762983322143555
3746,3,3,0.9906076192855835
3747,1,1,0.9820444583892822
3748,6,6,0.8328346014022827
3749,6,6,0.6348925232887268
3750,5,5,0.9775249361991882
3751,7,2,0.3490612804889679
3752,4,2,0.29967767000198364
3753,7,7,0.9947112798690796
3754,5,5,0.9123193621635437
3755,9,9,0.7332757115364075
3756,5,5,0.5870540738105774
3757,8,3,0.6480521559715271
3758,4,9,0.4790705144405365
3759,9,9,0.9824724197387695
3760,9,9,0.9726313352584839
3761,1,1,0.9417230486869812
3762,6,6,0.8943817019462585
3763,5,4,0.5574519038200378
3764,0,0,0.6352744698524475
3765,1,1,0.9947344064712524
3766,3,3,0.8675626516342163
3767,7,2,0.8637264370918274
3768,0,0,0.9999921321868896
3769,3,3,0.40303927659988403
3770,4,4,0.9579158425331116
3771,8,8,0.8255749344825745
3772,2,2,0.9065842032432556
3773,2,2,0.8689839839935303
3774,0,0,0.982930064201355
3775,2,2,0.9985489249229431
3776,5,8,0.892140805721283
3777,1,1,0.9480986595153809
3778,5,5,0.8136199712753296
3779,1,1,0.9850354194641113
3780,4,2,0.5552643537521362
3781,8,8,0.8993287086486816
3782,8,8,0.6759628057479858
3783,9,9,0.9927506446838379
3784,1,1,0.9933581948280334
3785,2,2,0.8282650709152222
3786,1,1,0.991441011428833
3787,3,3,0.9890581965446472
3788,5,5,0.9927119016647339
3789,1,1,0.9724464416503906
3790,0,0,0.9993353486061096
3791,9,9,0.9161717891693115
3792,4,4,0.9934636354446411
3793,4,4,0.8457488417625427
3794,8,3,0.5066336989402771
3795,3,3,0.8686692118644714
3796,2,8,0.5005404949188232
3797,5,5,0.9914518594741821
3798,9,9,0.887738823890686
3799,7,7,0.9946630001068115
3800,6,6,0.9294446706771851
3801,6,0,0.8819482922554016
3802,2,2,0.9972078204154968
3803,0,0,0.9992632269859314
3804,0,0,0.9536918997764587
3805,0,0,0.9912864565849304
3806,5,8,0.6768307089805603
3807,8,8,0.991133987903595
3808,7,3,0.7133030295372009
3809,1,1,0.9781284928321838
3810,5,5,0.5970341563224792
3811,2,3,0.6480617523193359
3812,3,3,0.9960404634475708
3813,8,8,0.9986662864685059
3814,5,5,0.9951411485671997
3815,1,1,0.9959821701049805
3816,8,8,0.9845555424690247
3817,2,8,0.8788447380065918
3818,0,6,0.5981336236000061
3819,4,4,0.9963995218276978
3820,9,9,0.4470767676830292
3821,9,4,0.7677463889122009
3822,6,6,0.9967145919799805
3823,2,2,0.9987195730209351
3824,3,3,0.921542227268219
3825,3,3,0.9797025322914124
3826,5,5,0.9772558808326721
3827,6,6,0.9898806810379028
3828,4,4,0.7665711641311646
3829,8,8,0.9957144856452942
3830,0,0,0.9991094470024109
3831,9,9,0.7581297755241394
3832,2,2,0.9120047688484192
3833,8,3,0.4449199140071869
3834,3,2,0.4997689723968506
3835,6,6,0.9383334517478943
3836,7,9,0.8931462168693542
3837,5,5,0.9506132006645203
3838,7,1,0.8527461290359497
3839,2,2,0.7200751304626465
3840,9,9,0.9896373748779297
3841,4,4,0.9981297850608826
3842,9,9,0.9803855419158936
3843,1,1,0.9863293766975403
3844,2,2,0.9963678121566772
3845,8,8,0.996711254119873
3846,6,2,0.6842829585075378
3847,0,0,0.9928969740867615
3848,7,3,0.47040218114852905
3849,0,0,0.9913212656974792
3850,9,9,0.6242115497589111
3851,1,1,0.8144690990447998
3852,1,1,0.935501754283905
3853,6,5,0.9394851326942444
3854,7,7,0.9820727109909058
3855,5,0,0.9360353946685791
3856,9,9,0.7718492150306702
3857,9,9,0.9459664225578308
3858,1,1,0.9685069918632507
3859,9,9,0.9641623497009277
3860,5,5,0.8746046423912048
3861,9,9,0.8947823643684387
3862,2,3,0.822757363319397
3863,5,5,0.9629000425338745
3864,0,0,0.9616450667381287
3865,4,4,0.9950656294822693
3866,1,1,0.9831113815307617
3867,0,0,0.9411307573318481
3868,8,8,0.9590455889701843
3869,9,4,0.8186458945274353
3870,0,0,0.9884677529335022
3871,8,8,0.4665100872516632
3872,9,9,0.981421172618866
3873,8,8,0.9831548929214478
3874,9,9,0.8477290868759155
3875,4,4,0.937114417552948
3876,2,8,0.39986652135849
3877,5,5,0.9985106587409973
3878,7,7,0.9666327238082886
3879,9,9,0.793353259563446
3880,8,8,0.8843795657157898
3881,9,9,0.8695281147956848
3882,8,8,0.9844925403594971
3883,0,0,0.9999467134475708
3884,9,9,0.9164431095123291
3885,9,9,0.9929906129837036
3886,6,6,0.9873119592666626
3887,8,8,0.9744032025337219
3888,9,9,0.9576164484024048
3889,9,9,0.983607292175293
3890,5,5,0.9939988851547241
3891,9,9,0.9773165583610535
3892,8,8,0.9922612309455872
3893,5,6,0.5789600014686584
3894,1,1,0.9651374816894531
3895,0,0,0.8592360615730286
3896,3,3,0.9860914349555969
3897,3,3,0.885234534740448
3898,5,5,0.90993332862854
3899,2,2,0.9980474710464478
3900,1,1,0.9873305559158325
3901,6,6,0.9431588053703308
3902,5,3,0.8658711910247803
3903,0,0,0.9997743964195251
3904,2,2,0.9855635166168213
3905,8,8,0.9566625952720642
3906,1,3,0.7120936512947083
3907,5,5,0.9896299242973328
3908,6,6,0.9870731830596924
3909,2,2,0.9628750681877136
3910,3,3,0.9986085295677185
3911,0,0,0.9907642602920532
3912,2,2,0.9759852886199951
3913,2,2,0.9783990979194641
3914,6,6,0.9393369555473328
3915,4,4,0.9893325567245483
3916,3,3,0.8694196939468384
3917,5,5,0.880889892578125
3918,5,5,0.9590497016906738
3919,1,1,0.9962478280067444
3920,7,7,0.996737539768219
3921,2,2,0.9841327667236328
3922,1,1,0.981844425201416
3923,6,6,0.9375260472297668
3924,9,9,0.6024733185768127
3925,1,1,0.9614654183387756
3926,9,3,0.6689775586128235
3927,9,9,0.8902907371520996
3928,5,5,0.8665583729743958
3929,5,5,0.5001620054244995
3930,1,1,0.9926238059997559
3931,6,6,0.9536390900611877
3932,2,2,0.998362123966217
3933,2,2,0.9997085928916931
3934,8,8,0.979874312877655
3935,6,6,0.9841136336326599
3936,7,7,0.9559857845306396
3937,1,1,0.8834936618804932
3938,4,4,0.9250586032867432
3939,6,6,0.9260233044624329
3940,0,0,0.9985724687576294
3941,4,6,0.7406046390533447
3942,0,0,0.9237844944000244
3943,3,5,0.7736629843711853
3944,3,3,0.9671922326087952
3945,2,2,0.9983501434326172
3946,2,8,0.7738557457923889
3947,3,3,0.9998226761817932
3948,6,6,0.9188267588615417
3949,8,8,0.8908661603927612
3950,9,9,0.7663797736167908
3951,8,5,0.6183283925056458
3952,5,5,0.44901174306869507
3953,3,3,0.9748207926750183
3954,8,8,0.5314790606498718
3955,5,5,0.9242820143699646
3956,4,4,0.9606235027313232
3957,5,5,0.949413537979126
3958,2,2,0.9859094023704529
3959,0,0,0.9995148181915283
3960,5,5,0.9922029972076416
3961,6,6,0.9527296423912048
3962,3,2,0.722630500793457
3963,2,2,0.9223810434341431
3964,8,8,0.8216293454170227
3965,3,3,0.8297468423843384
3966,9,9,0.9271923899650574
3967,9,9,0.567421019077301
3968,5,3,0.4622694253921509
3969,7,7,0.9733597636222839
3970,9,9,0.6739568114280701
3971,4,4,0.8300571441650391
3972,6,6,0.986085057258606
3973,7,7,0.9901032447814941
3974,1,1,0.9620749950408936
3975,3,3,0.994392454624176
3976,7,1,0.35533538460731506
3977,3,3,0.8704911470413208
3978,6,6,0.9851973652839661
3979,6,6,0.9965159893035889
3980,0,0,0.9995493292808533
3981,9,9,0.9871531128883362
3982,0,0,0.99928879737854
3983,1,1,0.9417303204536438
3984,9,1,0.3730009198188782
3985,9,4,0.552958071231842
3986,2,1,0.6340618133544922
3987,8,8,0.9292844533920288
3988,8,8,0.4746505916118622
3989,0,0,0.9759869575500488
3990,1,1,0.9970445036888123
3991,6,6,0.9631707072257996
3992,9,9,0.9314130544662476
3993,7,7,0.984816312789917
3994,5,5,0.7444014549255371
3995,3,3,0.8748699426651001
3996,4,4,0.9976289868354797
3997,7,7,0.9970235228538513
3998,4,4,0.7769868969917297
3999,9,9,0.9954370856285095
4000,9,4,0.6393874287605286
4001,4,4,0.9563843607902527
4002,3,3,0.6853908896446228
4003,6,6,0.9992337226867676
4004,3,3,0.9758535623550415
4005,1,1,0.9945864677429199
4006,1,1,0.9871311783790588
4007,7,7,0.3839828372001648
4008,6,6,0.9990091323852539
4009,9,9,0.8784704208374023
4010,1,1,0.9970200657844543
4011,8,8,0.9622976183891296
4012,4,4,0.6205816864967346
4013,1,1,0.8598827123641968
4014,1,1,0.9934326410293579
4015,9,9,0.7692772150039673
4016,9,9,0.7895897626876831
4017,4,9,0.8490820527076721
4018,3,3,0.8435125946998596
4019,6,6,0.9411132335662842
4020,8,8,0.9979349374771118
4021,1,1,0.9930942058563232
4022,6,6,0.9924758076667786
4023,0,0,0.9994524121284485
4024,4,4,0.9745224118232727
4025,1,1,0.9969245791435242
4026,3,3,0.9957377910614014
4027,7,7,0.6746044754981995
4028,7,7,0.996394693851471
4029,4,4,0.8951600193977356
4030,9,9,0.8172134160995483
4031,5,5,0.7555429935455322
4032,1,1,0.9710116982460022
4033,0,0,0.9990261793136597
4034,0,0,0.9977924823760986
4035,1,1,0.993535041809082
4036,1,1,0.9981427192687988
4037,6,6,0.7557030916213989
4038,2,2,0.9181890487670898
4039,1,1,0.9790874719619751
4040,9,9,0.9633333683013916
4041,8,8,0.9868393540382385
4042,4,4,0.9815401434898376
4043,0,0,0.9989308714866638
4044,3,3,0.6346268653869629
4045,6,6,0.9602535367012024
4046,4,4,0.9853128790855408
4047,9,9,0.9042555689811707
4048,0,0,0.8023843765258789
4049,7,7,0.9988532066345215
4050,1,1,0.9619410634040833
4051,6,6,0.9425948858261108
4052,5,5,0.7083964347839355
4053,7,7,0.8634105920791626
4054,5,5,0.9754093289375305
4055,2,2,0.9956144094467163
4056,5,5,0.898469090461731
4057,1,1,0.9977186918258667
4058,8,8,0.7601174712181091
4059,5,2,0.3777228891849518
4060,4,4,0.9151987433433533
4061,7,7,0.9927700161933899
4062,0,0,0.9989792704582214
4063,6,5,0.6438811421394348
4064,7,7,0.9998096823692322
4065,0,2,0.4431038796901703
4066,2,2,0.9995924830436707
4067,5,5,0.8098769187927246
4068,8,8,0.5258564352989197
4069,1,1,0.9923413991928101
4070,0,0,0.9990278482437134
4071,4,4,0.6328293681144714
4072,5,3,0.7934368848800659
4073,7,7,0.9991002082824707
4074,1,1,0.9717037677764893
4075,8,5,0.6280947327613831
4076,5,8,0.3405422270298004
4077,1,1,0.9846315383911133
4078,9,7,0.8350668549537659
4079,0,0,0.9956388473510742
4080,0,0,0.9575768709182739
4081,6,6,0.9630290269851685
4082,0,0,0.9974591135978699
4083,7,7,0.9986065030097961
4084,3,3,0.9260451793670654
4085,1,1,0.9975172281265259
4086,8,8,0.863207995891571
4087,3,3,0.9770127534866333
4088,9,9,0.9573475122451782
4089,7,7,0.9998975992202759
4090,0,0,0.9244728088378906
4091,0,0,0.9632411599159241
4092,8,8,0.9036728739738464
4093,9,9,0.6437826156616211
4094,5,5,0.7795621752738953
4095,9,9,0.9923149943351746
4096,8,8,0.9060786962509155
4097,3,3,0.9996098875999451
4098,2,2,0.9999393224716187
4099,7,7,0.9958113431930542
4100,2,2,0.8672999739646912
4101,9,9,0.9812543392181396
4102,7,7,0.6912916302680969
4103,2,2,0.9971651434898376
4104,1,1,0.9921866655349731
4105,1,1,0.9899592995643616
4106,3,3,0.9112762808799744
4107,7,7,0.9434448480606079
4108,5,5,0.9780994057655334
4109,3,3,0.9293993711471558
4110,1,1,0.9368007779121399
4111,9,9,0.5023614764213562
4112,8,8,0.9997100234031677
4113,2,2,0.9989416003227234
4114,2,2,0.9653049111366272
4115,2,2,0.985905110836029
4116,8,8,0.6423092484474182
4117,8,8,0.9526594877243042
4118,5,5,0.8884372711181641
4119,7,7,0.9916296601295471
4120,3,3,0.935445249080658
4121,8,3,0.5199483633041382
4122,9,9,0.9839246273040771
4123,8,8,0.8862952589988708
4124,8,8,0.7203488945960999
4125,6,6,0.9918680787086487
4126,8,8,0.4650943875312805
4127,2,2,0.9953144788742065
4128,3,3,0.9203508496284485
4129,9,9,0.819151759147644
4130,7,7,0.9998117089271545
4131,5,1,0.5376049876213074
4132,6,6,0.995860755443573
4133,2,2,0.994716227054596
4134,9,9,0.8728933334350586
4135,2,2,0.8677710294723511
4136,8,8,0.970439612865448
4137,8,8,0.9507627487182617
4138,1,1,0.9752637147903442
4139,6,6,0.9220994710922241
4140,8,2,0.8488076329231262
4141,8,8,0.825127124786377
4142,7,7,0.9998656511306763
4143,9,9,0.9106870293617249
4144,1,1,0.9969059824943542
4145,8,3,0.412640243768692
4146,0,0,0.9577475190162659
4147,1,1,0.9729275703430176
4148,7,7,0.987480103969574
4149,2,2,0.9887127876281738
4150,0,0,0.999951958656311
4151,7,7,0.9981160163879395
4152,5,1,0.9860062599182129
4153,1,1,0.9985707998275757
4154,9,4,0.6254920959472656
4155,0,0,0.9991938471794128
4156,2,2,0.44823822379112244
4157,0,0,0.9999840259552002
4158,9,9,0.9562525749206543
4159,8,3,0.5544611811637878
4160,6,6,0.9885064363479614
4161,2,2,0.9857757687568665
4162,3,3,0.9995492100715637
4163,9,0,0.7297844886779785
4164,3,3,0.9941450953483582
4165,8,8,0.7138334512710571
4166,0,0,0.9887642860412598
4167,2,2,0.9340550303459167
4168,1,1,0.9828398823738098
4169,1,1,0.995834231376648
4170,1,1,0.9709973335266113
4171,1,1,0.9449348449707031
4172,4,4,0.9789904356002808
4173,2,2,0.7209079265594482
4174,9,9,0.8771988749504089
4175,7,7,0.9924524426460266
4176,2,4,0.6247331500053406
4177,5,4,0.6117335557937622
4178,1,1,0.8779217600822449
4179,1,1,0.9957842230796814
4180,2,2,0.41751742362976074
4181,1,1,0.9984915256500244
4182,9,9,0.8955414891242981
4183,9,9,0.9785535335540771
4184,9,9,0.9073976278305054
4185,1,1,0.9026962518692017
4186,0,0,0.9958028197288513
4187,2,2,0.7527641654014587
4188,0,0,0.8496997356414795
4189,2,2,0.989427387714386
4190,1,1,0.9782262444496155
4191,1,1,0.9891713261604309
4192,4,4,0.9856132864952087
4193,6,6,0.7120386362075806
4194,4,4,0.8206112384796143
4195,1,1,0.9901844263076782
4196,5,5,0.6457032561302185
4197,4,4,0.7613178491592407
4198,9,9,0.9958677291870117
4199,7,9,0.6166558861732483
4200,7,7,0.9736451506614685
4201,1,7,0.46015796065330505
4202,5,5,0.9815332293510437
4203,6,6,0.5993834137916565
4204,2,2,0.9978850483894348
4205,2,6,0.46081605553627014
4206,2,2,0.987733006477356
4207,8,8,0.5639474987983704
4208,0,0,0.9662068486213684
4209,6,6,0.9916137456893921
4210,9,9,0.840327262878418
4211,6,5,0.9013383388519287
4212,1,3,0.7607731819152832
4213,9,9,0.9509409666061401
4214,7,7,0.9782316088676453
4215,7,7,0.8411293029785156
4216,1,1,0.9533968567848206
4217,4,4,0.9784932732582092
4218,8,8,0.9799947142601013
4219,5,5,0.9879904389381409
4220,3,3,0.954380989074707
4221,4,4,0.7864158749580383
4222,3,3,0.9976606369018555
4223,4,4,0.9847760796546936
4224,9,7,0.7863090634346008
4225,7,7,0.9933865666389465
4226,5,5,0.8967909812927246
4227,0,0,0.9931227564811707
4228,7,2,0.4925534129142761
4229,4,4,0.9720406532287598
4230,8,8,0.948441743850708
4231,8,8,0.5191159844398499
4232,1,1,0.9677895307540894
4233,5,5,0.993995726108551
4234,3,3,0.9987916350364685
4235,9,9,0.9296762347221375
4236,5,5,0.9938435554504395
4237,9,9,0.9573900103569031
4238,7,9,0.6792317628860474
4239,6,6,0.5369846820831299
4240,9,9,0.9669252038002014
4241,0,0,0.9995284080505371
4242,3,3,0.993281364440918
4243,6,6,0.9978274703025818
4244,3,3,0.8380491733551025
4245,9,9,0.9559048414230347
4246,8,8,0.955927312374115
4247,2,2,0.9979044198989868
4248,2,8,0.26811307668685913
4249,1,1,0.9881151914596558
4250,2,2,0.9467113018035889
4251,8,8,0.960440456867218
4252,6,6,0.9934594631195068
4253,8,8,0.9921099543571472
4254,5,5,0.5417325496673584
4255,5,5,0.5226010680198669
4256,3,2,0.5830443501472473
4257,9,9,0.9782847762107849
4258,4,4,0.9782615900039673
4259,9,9,0.7757356762886047
4260,2,2,0.7866275310516357
4261,5,5,0.3659411668777466
4262,1,1,0.9659571051597595
4263,5,5,0.6259812116622925
4264,1,1,0.989599347114563
4265,4,8,0.3143347203731537
4266,4,4,0.8190012574195862
4267,1,1,0.9910473227500916
4268,4,4,0.942987859249115
4269,4,4,0.8310195207595825
4270,3,3,0.8663153648376465
4271,5,3,0.5024157166481018
4272,9,9,0.8649190068244934
4273,1,1,0.9625838994979858
4274,2,2,0.9076498746871948
4275,2,2,0.9980241060256958
4276,3,3,0.9716048836708069
4277,3,3,0.902709424495697
4278,0,0,0.9994945526123047
4279,2,2,0.9981750249862671
4280,9,9,0.8776151537895203
4281,0,0,0.9742509126663208
4282,0,0,0.9796820878982544
4283,9,9,0.9037059545516968
4284,9,9,0.4099806845188141
4285,6,6,0.9960924983024597
4286,0,0,0.5435903668403625
4287,9,9,0.8305152654647827
4288,3,3,0.9970169067382812
4289,2,7,0.9812410473823547
4290,8,8,0.9259271025657654
4291,4,4,0.7807428240776062
4292,1,1,0.9930566549301147
4293,9,9,0.6224128603935242
4294,9,9,0.9873325228691101
4295,7,7,0.9736030697822571
4296,2,2,0.9960546493530273
4297,7,3,0.47116947174072266
4298,9,9,0.9738633632659912
4299,9,9,0.8067136406898499
4300,5,8,0.41595566272735596
4301,9,9,0.4510437846183777
4302,5,8,0.4328446388244629
4303,1,1,0.9798914790153503
4304,1,1,0.9873314499855042
4305,8,8,0.9981537461280823
4306,3,7,0.9780373573303223
4307,5,5,0.9311920404434204
4308,1,1,0.8025317192077637
4309,9,9,0.97930508852005
4310,5,5,0.9835739135742188
4311,3,3,0.7611767053604126
4312,5,5,0.5339032411575317
4313,4,9,0.5685709118843079
4314,9,9,0.6137872934341431
4315,5,4,0.486345112323761
4316,9,9,0.8500185608863831
4317,3,7,0.8135937452316284
4318,1,1,0.912902295589447
4319,9,9,0.985558032989502
4320,0,0,0.9983837604522705
4321,9,9,0.9699034690856934
4322,7,7,0.9978212118148804
4323,5,5,0.7053926587104797
4324,4,4,0.8804026246070862
4325,9,9,0.7546274662017822
4326,2,2,0.9446977376937866
4327,0,0,0.7111832499504089
4328,1,1,0.9891533255577087
4329,0,0,0.92390376329422
4330,5,8,0.5919614434242249
4331,1,1,0.9787889719009399
4332,4,4,0.9465717673301697
4333,9,9,0.9676670432090759
4334,3,3,0.8702079653739929
4335,3,3,0.8503640294075012
4336,6,6,0.9886797070503235
4337,1,1,0.9931032657623291
4338,5,5,0.7264520525932312
4339,2,2,0.912408709526062
4340,5,5,0.878664493560791
4341,2,2,0.5235170125961304
4342,2,2,0.9990676045417786
4343,0,0,0.985484778881073
4344,9,7,0.3280031085014343
4345,2,2,0.9995195865631104
4346,6,6,0.8996161222457886
4347,6,6,0.9956868290901184
4348,0,0,0.9939696788787842
4349,1,1,0.9811517596244812
4350,2,2,0.8021368980407715
4351,0,0,0.9982255101203918
4352,3,3,0.9899570345878601
4353,0,0,0.9878673553466797
4354,2,2,0.9345125555992126
4355,5,9,0.6521238684654236
4356,5,8,0.7611366510391235
4357,7,7,0.9915665984153748
4358,9,9,0.8067424297332764
4359,5,7,0.6227736473083496
4360,5,5,0.7123289704322815
4361,0,0,0.9661802649497986
4362,8,8,0.9620480537414551
4363,9,9,0.970770537853241
4364,5,5,0.9779295325279236
4365,0,0,0.9955429434776306
4366,3,3,0.9908577799797058
4367,2,2,0.9939894676208496
4368,5,5,0.8472846746444702
4369,9,4,0.5427354574203491
4370,0,0,0.8327393531799316
4371,8,8,0.9304113984107971
4372,8,8,0.9702767133712769
4373,4,4,0.6008594036102295
4374,5,6,0.8820146918296814
4375,8,8,0.8563833236694336
4376,8,8,0.9557552933692932
4377,4,4,0.8274105787277222
4378,5,5,0.9529300332069397
4379,4,4,0.7874401211738586
4380,8,8,0.576253354549408
4381,5,5,0.9139897227287292
4382,4,4,0.7315545678138733
4383,9,9,0.7724695801734924
4384,2,2,0.9502587914466858
4385,2,2,0.9192505478858948
4386,1,1,0.9172101616859436
4387,2,2,0.9798348546028137
4388,6,6,0.98540198802948
4389,8,8,0.8712533116340637
4390,8,8,0.9932716488838196
4391,7,7,0.5545089244842529
4392,0,0,0.9976382255554199
4393,3,3,0.991778552532196
4394,6,6,0.9874504804611206
4395,6,6,0.9510022401809692
4396,4,4,0.7799816727638245
4397,3,3,0.8661066889762878
4398,8,8,0.9828405380249023
4399,8,8,0.9512721300125122
4400,7,7,0.44060012698173523
4401,2,2,0.9911672472953796
4402,2,2,0.9986452460289001
4403,0,0,0.6330564022064209
4404,0,0,0.9780220985412598
4405,9,4,0.4969024658203125
4406,3,3,0.9934422969818115
4407,9,9,0.90742027759552
4408,9,9,0.4615630805492401
4409,1,1,0.9546456933021545
4410,9,9,0.9425376057624817
4411,8,8,0.7803404331207275
4412,6,6,0.9916906356811523
4413,6,6,0.9431600570678711
4414,4,4,0.9763610363006592
4415,2,2,0.9601500034332275
4416,6,6,0.989912211894989
4417,9,9,0.9954007267951965
4418,2,2,0.999735414981842
4419,8,8,0.7692119479179382
4420,5,5,0.9364830851554871
4421,4,4,0.9497395753860474
4422,5,5,0.657411515712738
4423,7,7,0.41901206970214844
4424,9,9,0.7474725842475891
4425,9,9,0.6195833086967468
4426,9,9,0.7600722908973694
4427,2,8,0.6561417579650879
4428,1,1,0.960862934589386
4429,8,8,0.9848406910896301
4430,3,3,0.9967758059501648
4431,4,4,0.9457489848136902
4432,0,0,0.9557188153266907
4433,7,3,0.8330442309379578
4434,8,8,0.9642242193222046
4435,3,7,0.5759199857711792
4436,9,9,0.9863116145133972
4437,3,3,0.6394886374473572
4438,4,4,0.6269894242286682
4439,6,6,0.7620126008987427
4440,5,3,0.605323851108551
4441,6,6,0.9857880473136902
4442,2,2,0.9458690285682678
4443,3,3,0.7175590991973877
4444,9,9,0.9169215559959412
4445,2,2,0.9800058603286743
4446,6,6,0.9797160625457764
4447,0,0,0.9988231062889099
4448,0,0,0.9993553757667542
4449,6,0,0.6358060240745544
4450,1,1,0.9861992597579956
4451,2,8,0.4516535699367523
4452,8,8,0.8394226431846619
4453,7,7,0.9824376702308655
4454,9,7,0.5733749270439148
4455,8,8,0.7923902273178101
4456,2,2,0.9384359121322632
4457,0,0,0.9991982579231262
4458,4,4,0.905914306640625
4459,7,7,0.9946520328521729
4460,7,7,0.8939534425735474
4461,5,7,0.5740793943405151
4462,0,0,0.9971464276313782
4463,5,8,0.4151422381401062
4464,6,6,0.997984766960144
4465,4,4,0.9873730540275574
4466,6,6,0.9618127942085266
4467,7,7,0.9988318085670471
4468,4,4,0.9996930360794067
4469,3,3,0.9761417508125305
4470,0,0,0.9995325803756714
4471,7,7,0.9977420568466187
4472,5,5,0.9678244590759277
4473,0,0,0.9905577898025513
4474,7,7,0.9525705575942993
4475,4,4,0.9405403733253479
4476,2,2,0.9233909845352173
4477,0,6,0.38751623034477234
4478,8,8,0.9161797761917114
4479,9,9,0.8894896507263184
4480,9,9,0.9935639500617981
4481,4,4,0.7598538398742676
4482,2,2,0.9746416211128235
4483,4,4,0.6966850757598877
4484,6,6,0.9881812930107117
4485,7,7,0.9998805522918701
4486,8,8,0.9932960867881775
4487,7,7,0.9209159016609192
4488,6,6,0.804361879825592
4489,9,9,0.788967490196228
4490,4,4,0.9754109382629395
4491,1,1,0.9349559545516968
4492,3,3,0.9791136384010315
4493,7,7,0.9275968670845032
4494,3,3,0.9602276086807251
4495,0,0,0.9978386759757996
4496,8,8,0.8448851704597473
4497,8,7,0.5381701588630676
4498,7,8,0.5205273628234863
4499,6,6,0.847899317741394
4500,9,1,0.766326367855072
4501,3,3,0.9969249367713928
4502,9,9,0.9816110134124756
4503,2,2,0.7672472596168518
4504,2,2,0.6171289682388306
4505,9,9,0.9324752688407898
4506,2,2,0.978748083114624
4507,1,1,0.9329246878623962
4508,8,8,0.9770976305007935
4509,3,3,0.9439626336097717
4510,2,2,0.9997146725654602
4511,9,9,0.7041694521903992
4512,6,6,0.9957085847854614
4513,8,8,0.9812131524085999
4514,4,4,0.9058958292007446
4515,0,0,0.9948158860206604
4516,1,1,0.9895574450492859
4517,2,2,0.9994996786117554
4518,8,8,0.9992145299911499
4519,4,4,0.8563551306724548
4520,5,5,0.9707977771759033
4521,2,2,0.633575439453125
4522,7,7,0.9960092306137085
4523,8,3,0.9051415920257568
4524,1,1,0.9896256327629089
4525,1,1,0.9970520734786987
4526,3,3,0.9938018918037415
4527,0,0,0.988742470741272
4528,3,3,0.9549387693405151
4529,5,5,0.9741044640541077
4530,7,7,0.9688102006912231
4531,0,0,0.950950026512146
4532,3,3,0.9860143661499023
4533,1,1,0.9910921454429626
4534,9,9,0.6105391979217529
4535,3,3,0.9975473284721375
4536,6,2,0.4527394771575928
4537,3,3,0.9962461590766907
4538,1,1,0.9847818613052368
4539,7,7,0.999525785446167
4540,7,9,0.5109768509864807
4541,3,3,0.9945270419120789
4542,0,0,0.9993304014205933
4543,8,8,0.9872967004776001
4544,4,4,0.8990891575813293
4545,8,8,0.7752246856689453
4546,2,2,0.8895696401596069
4547,6,6,0.9015390276908875
4548,5,5,0.26582109928131104
4549,2,2,0.9871186017990112
4550,9,9,0.9676761031150818
4551,7,7,0.750541627407074
4552,3,3,0.9438521862030029
4553,9,9,0.9969338178634644
4554,0,0,0.9975835084915161
4555,9,9,0.9616323113441467
4556,9,9,0.8729298710823059
4557,6,6,0.9978905320167542
4558,4,4,0.8559796810150146
4559,2,2,0.9995688796043396
4560,9,9,0.8386343121528625
4561,7,7,0.8964182138442993
4562,2,2,0.9997807145118713
4563,1,1,0.8993661999702454
4564,1,1,0.9903945326805115
4565,6,6,0.9590297341346741
4566,7,7,0.9358894228935242
4567,4,4,0.500061571598053
4568,7,7,0.961916446685791
4569,5,5,0.8831092715263367
4570,9,9,0.984212338924408
4571,6,2,0.987370491027832
4572,8,8,0.953177273273468
4573,2,2,0.9066855907440186
4574,1,1,0.895984947681427
4575,4,2,0.9118890762329102
4576,4,4,0.7998605370521545
4577,5,5,0.9189808368682861
4578,7,9,0.5760570764541626
4579,6,6,0.8610799312591553
4580,1,1,0.9716442227363586
4581,3,3,0.9940253496170044
4582,2,2,0.9873431921005249
4583,5,8,0.7542230486869812
4584,9,9,0.9177207350730896
4585,9,9,0.8990538716316223
4586,3,3,0.98775315284729
4587,6,6,0.9939179420471191
4588,1,1,0.9886733889579773
4589,1,1,0.9529317617416382
4590,4,4,0.9757863879203796
4591,6,6,0.9998201727867126
4592,9,9,0.9956725835800171
4593,7,7,0.9156965017318726
4594,2,2,0.8358783721923828
4595,1,1,0.9982420206069946
4596,5,5,0.8936586976051331
4597,1,1,0.974743127822876
4598,4,4,0.9085708856582642
4599,6,6,0.9602691531181335
4600,3,3,0.9977007508277893
4601,8,4,0.9964268803596497
4602,1,1,0.9897050261497498
4603,1,1,0.9899330139160156
4604,0,0,0.9980489015579224
4605,3,3,0.7344616055488586
4606,1,1,0.9647955894470215
4607,6,6,0.9756810665130615
4608,8,8,0.9259575605392456
4609,4,4,0.9225992560386658
4610,9,9,0.9314996600151062
4611,0,0,0.9999632835388184
4612,7,7,0.9953250885009766
4613,3,3,0.8567759990692139
4614,0,0,0.9992571473121643
4615,2,4,0.9967490434646606
4616,9,9,0.7746859788894653
4617,0,0,0.9989450573921204
4618,6,6,0.9828731417655945
4619,6,6,0.7227806448936462
4620,6,6,0.8506200313568115
4621,3,3,0.99940025806427
4622,6,6,0.9989516735076904
4623,7,7,0.9922211766242981
4624,7,7,0.9454343318939209
4625,2,2,0.9009039998054504
4626,8,8,0.9025734663009644
4627,6,6,0.9926803112030029
4628,0,0,0.9923990368843079
4629,8,8,0.9996830224990845
4630,3,3,0.5072595477104187
4631,0,0,0.9998886585235596
4632,2,2,0.9662413597106934
4633,9,9,0.5063453316688538
4634,8,8,0.5041787624359131
4635,3,3,0.728114902973175
4636,2,2,0.9952309727668762
4637,5,5,0.9776521325111389
4638,3,3,0.9972578883171082
4639,8,3,0.5805017352104187
4640,8,7,0.31418830156326294
4641,0,0,0.938014030456543
4642,0,0,0.9037278294563293
4643,1,1,0.9572262167930603
4644,9,9,0.9837043881416321
4645,5,5,0.9888618588447571
4646,1,1,0.9768905639648438
4647,3,3,0.9845214486122131
4648,9,9,0.7672496438026428
4649,6,6,0.9972645044326782
4650,0,0,0.9987926483154297
4651,1,1,0.9948662519454956
4652,4,4,0.9908363819122314
4653,1,1,0.970940887928009
4654,7,7,0.9997568726539612
4655,1,1,0.8916583061218262
4656,2,2,0.6865319609642029
4657,3,3,0.684572160243988
4658,7,7,0.9630296230316162
4659,9,9,0.9299052357673645
4660,7,7,0.9232967495918274
4661,4,4,0.9743616580963135
4662,9,9,0.9107539653778076
4663,9,9,0.9640037417411804
4664,3,3,0.7762519717216492
4665,9,9,0.8242985606193542
4666,2,2,0.9579295516014099
4667,8,8,0.9934808015823364
4668,2,2,0.9789031744003296
4669,7,7,0.9818998575210571
4670,1,1,0.988950788974762
4671,8,3,0.5498687028884888
4672,0,0,0.989608108997345
4673,9,9,0.5856865644454956
4674,1,1,0.9379375576972961
4675,0,0,0.9927943348884583
4676,1,1,0.985306978225708
4677,7,7,0.9955343008041382
4678,7,7,0.9799818992614746
4679,9,9,0.9701709151268005
4680,6,6,0.9981809854507446
4681,9,9,0.8529236316680908
4682,9,9,0.9013136625289917
4683,9,9,0.9268959164619446
4684,2,2,0.9911880493164062
4685,1,1,0.9866986274719238
4686,6,6,0.9867293834686279
4687,1,1,0.9820566177368164
4688,3,3,0.9949565529823303
4689,5,5,0.920880913734436
4690,7,7,0.5281904339790344
4691,1,1,0.9525303244590759
4692,9,9,0.8030941486358643
4693,7,7,0.92774498462677
4694,6,6,0.997305154800415
4695,4,9,0.4970763027667999
4696,5,5,0.8282486200332642
4697,7,7,0.9968631267547607
4698,6,6,0.9058621525764465
4699,6,6,0.5155652761459351
4700,9,9,0.9627828001976013
4701,9,9,0.951325535774231
4702,6,6,0.7243414521217346
4703,3,3,0.9914286732673645
4704,6,6,0.9953315854072571
4705,2,2,0.9942360520362854
4706,9,9,0.9895762205123901
4707,8,8,0.9605302810668945
4708,1,1,0.9946086406707764
4709,2,2,0.9131117463111877
4710,2,2,0.8853392601013184
4711,5,5,0.9343027472496033
4712,5,5,0.9780941605567932
4713,2,2,0.9948010444641113
4714,3,3,0.9972201585769653
4715,7,7,0.9691378474235535
4716,2,2,0.993517279624939
4717,1,1,0.9886640906333923
4718,0,0,0.9899981617927551
4719,1,1,0.9234710931777954
4720,0,0,0.9945852160453796
4721,4,4,0.4994616210460663
4722,5,5,0.35873502492904663
4723,2,2,0.9973599314689636
4724,8,8,0.4820815622806549
4725,2,2,0.9899492263793945
4726,8,8,0.8191959857940674
4727,3,3,0.9820542335510254
4728,5,5,0.8922278881072998
4729,1,1,0.9827322959899902
4730,7,7,0.9804486632347107
4731,8,7,0.8448945879936218
4732,1,1,0.9395751953125
4733,1,1,0.7957393527030945
4734,2,2,0.9796477556228638
4735,9,4,0.5484110713005066
4736,7,7,0.7396800518035889
4737,8,8,0.725433349609375
4738,4,4,0.7705122828483582
4739,0,0,0.939032256603241
4740,3,5,0.34149542450904846
4741,0,0,0.995995044708252
4742,7,7,0.9135110974311829
4743,8,8,0.7476537823677063
4744,8,8,0.9471306204795837
4745,4,4,0.6649237871170044
4746,7,7,0.9384323358535767
4747,7,7,0.9997610449790955
4748,8,8,0.9858588576316833
4749,5,5,0.8805670142173767
4750,8,8,0.9728702902793884
4751,4,6,0.7906895279884338
4752,9,9,0.9571557641029358
4753,8,8,0.4979299008846283
4754,1,1,0.9940286874771118
4755,3,3,0.7249283790588379
4756,8,8,0.9964836835861206
4757,0,0,0.9985523819923401
4758,3,3,0.9880275726318359
4759,1,1,0.9065983891487122
4760,7,7,0.9907053112983704
4761,9,7,0.31453004479408264
4762,5,5,0.8290890455245972
4763,5,5,0.7095280289649963
4764,1,1,0.9242777228355408
4765,6,6,0.9604163765907288
4766,5,5,0.9713418483734131
4767,7,7,0.9994852542877197
4768,4,4,0.9966796636581421
4769,9,9,0.9282797574996948
4770,3,3,0.9708656072616577
4771,5,5,0.9632896184921265
4772,4,4,0.9735060334205627
4773,7,7,0.9836493730545044
4774,1,1,0.9820806980133057
4775,2,2,0.9965481162071228
4776,0,0,0.9997895359992981
4777,8,8,0.6825283765792847
4778,1,1,0.979752779006958
4779,6,6,0.9987402558326721
4780,0,0,0.9577634930610657
4781,7,7,0.9986086487770081
4782,3,3,0.94749915599823
4783,4,4,0.9255302548408508
4784,7,7,0.9925024509429932
4785,3,8,0.9224681258201599
4786,9,9,0.9469494819641113
4787,6,6,0.9985263347625732
4788,0,0,0.9773067831993103
4789,8,8,0.8999210596084595
4790,6,6,0.9906564354896545
4791,4,4,0.9385187029838562
4792,8,8,0.9754499197006226
4793,7,7,0.9997062087059021
4794,7,7,0.9042326807975769
4795,9,9,0.9918079972267151
4796,3,3,0.8273428082466125
4797,8,8,0.9833282232284546
4798,6,6,0.6267893314361572
4799,9,9,0.957688570022583
4800,7,7,0.9992774128913879
4801,2,2,0.9877963662147522
4802,3,3,0.9111035466194153
4803,4,4,0.9983508586883545
4804,0,0,0.9998055100440979
4805,2,2,0.9878817796707153
4806,1,1,0.9790137410163879
4807,8,0,0.5093063116073608
4808,3,5,0.42431992292404175
4809,5,5,0.9991391897201538
4810,5,5,0.9581139087677002
4811,7,7,0.9970576763153076
4812,2,1,0.5507108569145203
4813,4,4,0.8015460968017578
4814,6,0,0.3372266888618469
4815,7,7,0.9962654709815979
4816,2,2,0.9014495015144348
4817,8,8,0.9754568338394165
4818,3,3,0.9612976312637329
4819,0,0,0.8519032001495361
4820,8,8,0.8120819330215454
4821,7,7,0.9978892207145691
4822,8,8,0.7899805903434753
4823,9,4,0.6644350290298462
4824,0,0,0.9494855403900146
4825,8,8,0.6893162131309509
4826,4,4,0.5460202693939209
4827,4,9,0.6136389970779419
4828,5,5,0.5611516237258911
4829,8,3,0.5098499059677124
4830,5,5,0.974677562713623
4831,6,6,0.9946091175079346
4832,6,6,0.9571076035499573
4833,3,3,0.5687587261199951
4834,0,0,0.9742558598518372
4835,9,9,0.9766930937767029
4836,3,3,0.7078243494033813
4837,7,2,0.6171887516975403
4838,6,6,0.768606960773468
4839,8,8,0.6004141569137573
4840,9,9,0.8671020269393921
4841,3,3,0.8391059637069702
4842,4,4,0.9107404351234436
4843,9,9,0.9502496123313904
4844,5,5,0.9306211471557617
4845,8,8,0.9869754314422607
4846,9,9,0.8830412030220032
4847,1,1,0.9459928870201111
4848,2,2,0.8914831876754761
4849,8,8,0.9029000997543335
4850,8,8,0.880575954914093
4851,6,6,0.985034167766571
4852,8,6,0.34182706475257874
4853,1,1,0.9728357791900635
4854,3,3,0.9997987151145935
4855,7,7,0.9929664134979248
4856,9,9,0.8655000329017639
4857,0,0,0.9396888613700867
4858,1,1,0.9720028042793274
4859,1,1,0.9936522245407104
4860,4,4,0.5204145312309265
4861,7,7,0.8113582730293274
4862,0,0,0.8579713106155396
4863,8,8,0.4905073046684265
4864,1,1,0.970214307308197
4865,7,7,0.999969482421875
4866,4,4,0.8404030799865723
4867,5,5,0.9790039658546448
4868,7,7,0.9460030198097229
4869,1,1,0.9926121830940247
4870,2,2,0.9999285936355591
4871,1,1,0.9690544009208679
4872,1,1,0.9763200283050537
4873,3,3,0.9509662985801697
4874,9,0,0.7828958630561829
4875,6,6,0.9993410706520081
4876,2,4,0.6754409074783325
4877,1,1,0.967797577381134
4878,2,2,0.886777400970459
4879,8,4,0.45394620299339294
4880,0,8,0.9030835032463074
4881,7,7,0.998859167098999
4882,6,6,0.6458228230476379
4883,6,6,0.9870285987854004
4884,9,9,0.9705488681793213
4885,3,3,0.8603807091712952
4886,7,1,0.7600163221359253
4887,0,0,0.9261033535003662
4888,5,5,0.6710517406463623
4889,2,2,0.9532617330551147
4890,8,6,0.31547877192497253
4891,0,0,0.9718567728996277
4892,5,5,0.984606921672821
4893,4,4,0.5260525941848755
4894,3,3,0.9994547963142395
4895,8,8,0.97270667552948
4896,4,4,0.49500009417533875
4897,6,6,0.9909650087356567
4898,6,6,0.9714069366455078
4899,2,2,0.9649681448936462
4900,7,7,0.9555463790893555
4901,9,9,0.9247420430183411
4902,5,5,0.689446747303009
4903,1,1,0.9627062082290649
4904,3,3,0.9988299012184143
4905,2,2,0.9890718460083008
4906,4,4,0.9979389309883118
4907,3,3,0.9835755228996277
4908,6,6,0.9901614189147949
4909,1,1,0.9527308940887451
4910,9,9,0.5741884112358093
4911,4,4,0.9740890264511108
4912,4,4,0.9971663355827332
4913,7,7,0.9601109027862549
4914,6,6,0.6087191104888916
4915,5,8,0.7767239809036255
4916,4,4,0.9752671122550964
4917,1,1,0.981765627861023
4918,9,9,0.6173648834228516
4919,9,9,0.9747567176818848
4920,2,2,0.999974250793457
4921,7,7,0.8489768505096436
4922,8,8,0.8983914256095886
4923,0,0,0.8852925300598145
4924,1,1,0.9982433319091797
4925,3,3,0.932908296585083
4926,6,6,0.9734232425689697
4927,1,1,0.9953174591064453
4928,3,3,0.8120550513267517
4929,4,4,0.6096910238265991
4930,1,1,0.9824923276901245
4931,1,1,0.9978959560394287
4932,1,1,0.9827784895896912
4933,5,5,0.860079824924469
4934,6,6,0.9951260685920715
4935,0,0,0.9901221394538879
4936,7,7,0.9989122152328491
4937,0,0,0.9894228577613831
4938,7,7,0.9746454954147339
4939,2,3,0.5196061730384827
4940,3,3,0.9943013191223145
4941,2,2,0.7428377866744995
4942,5,5,0.6789810657501221
4943,2,2,0.6270895004272461
4944,2,2,0.999862790107727
4945,9,9,0.9784145355224609
4946,4,4,0.9984733462333679
4947,9,9,0.9678953886032104
4948,8,8,0.7014352679252625
4949,1,1,0.996657133102417
4950,2,3,0.820600152015686
4951,1,1,0.8351479172706604
4952,6,6,0.5707449913024902
4953,1,1,0.995642900466919
4954,2,2,0.8850879073143005
4955,7,7,0.9933277368545532
4956,8,4,0.9920572638511658
4957,0,0,0.9966981410980225
4958,0,0,0.9981216788291931
4959,0,0,0.9849119186401367
4960,8,8,0.9745092988014221
4961,2,2,0.9528907537460327
4962,2,2,0.9868278503417969
4963,9,9,0.7367662787437439
4964,2,2,0.6731864213943481
4965,2,2,0.9940628409385681
4966,7,1,0.5252598524093628
4967,9,9,0.6418649554252625
4968,9,9,0.7606673240661621
4969,2,2,0.9299200773239136
4970,7,7,0.9514321684837341
4971,5,5,0.7343807220458984
4972,1,1,0.9673343300819397
4973,3,3,0.9992651343345642
4974,4,4,0.6958906650543213
4975,9,9,0.9808871746063232
4976,4,4,0.6445510983467102
4977,1,1,0.9696689248085022
4978,8,8,0.6023535132408142
4979,5,5,0.8180598020553589
4980,6,6,0.9896760582923889
4981,2,2,0.574371337890625
4982,8,8,0.985734224319458
4983,3,3,0.9986164569854736
4984,1,1,0.9930145740509033
4985,2,2,0.9944508075714111
4986,8,8,0.9714785814285278
4987,4,4,0.7051140069961548
4988,9,9,0.9152185916900635
4989,9,9,0.8677436709403992
4990,3,8,0.3898226022720337
4991,7,7,0.9974355101585388
4992,0,0,0.9975932240486145
4993,7,7,0.978822648525238
4994,7,7,0.9974402189254761
4995,2,2,0.6648381948471069
4996,3,3,0.9989939332008362
4997,2,2,0.5559627413749695
4998,4,4,0.5938832759857178
4999,0,0,0.9999171495437622
5000,3,3,0.6543161869049072
5001,9,4,0.3696998357772827
5002,9,9,0.9903535842895508
5003,8,8,0.9993403553962708
5004,4,4,0.9985511898994446
5005,1,1,0.9836241006851196
5006,0,0,0.9745206236839294
5007,6,6,0.9998650550842285
5008,0,0,0.8847258687019348
5009,9,9,0.5306184887886047
5010,6,6,0.9982903599739075
5011,8,8,0.6407124996185303
5012,6,6,0.9991017580032349
5013,1,1,0.9791074395179749
5014,1,1,0.9602128863334656
5015,9,9,0.6326644420623779
5016,8,8,0.9791674613952637
5017,9,9,0.9071325063705444
5018,2,2,0.9999867677688599
5019,3,3,0.9524382948875427
5020,5,5,0.6216573715209961
5021,5,5,0.9565319418907166
5022,9,9,0.9536927342414856
5023,4,4,0.9984318614006042
5024,2,2,0.9987707734107971
5025,1,1,0.9766156673431396
5026,9,9,0.9394798278808594
5027,4,4,0.9770693182945251
5028,3,3,0.9790980815887451
5029,9,9,0.990474283695221
5030,6,6,0.991290807723999
5031,0,0,0.9956269264221191
5032,4,4,0.9979630708694458
5033,0,0,0.9956880211830139
5034,6,6,0.9986190795898438
5035,0,0,0.9997836947441101
5036,1,1,0.9868302941322327
5037,2,2,0.9999380111694336
5038,3,2,0.4380594789981842
5039,4,4,0.9890030026435852
5040,7,7,0.9713177680969238
5041,8,8,0.9382563233375549
5042,9,9,0.9068949818611145
5043,0,0,0.9995495676994324
5044,1,1,0.9861878156661987
5045,2,2,0.9999924898147583
5046,3,2,0.4773392975330353
5047,4,4,0.9788028001785278
5048,7,7,0.9759889841079712
5049,8,8,0.9354007840156555
5050,9,9,0.9713155031204224
5051,0,0,0.9962673783302307
5052,1,1,0.9480330348014832
5053,2,2,0.998414158821106
5054,3,5,0.5378812551498413
5055,4,4,0.9981984496116638
5056,5,5,0.9659802317619324
5057,6,6,0.999158501625061
5058,7,7,0.9737675189971924
5059,8,8,0.9812615513801575
5060,9,9,0.8926456570625305
5061,8,8,0.8664388656616211
5062,3,3,0.6035565733909607
5063,4,4,0.992757260799408
5064,7,7,0.9931186437606812
5065,8,1,0.6074855327606201
5066,6,6,0.991431474685669
5067,3,2,0.614737331867218
5068,4,1,0.739839494228363
5069,0,0,0.9992485642433167
5070,9,9,0.9667426943778992
5071,7,7,0.9978832602500916
5072,1,1,0.9856262803077698
5073,9,9,0.9900602102279663
5074,3,3,0.6303033232688904
5075,8,8,0.7916046380996704
5076,4,4,0.9940338730812073
5077,7,7,0.9960266351699829
5078,3,2,0.6187586188316345
5079,0,0,0.9759446382522583
5080,9,9,0.9941556453704834
5081,1,1,0.9911858439445496
5082,4,4,0.9999451637268066
5083,5,5,0.9093478322029114
5084,4,4,0.8890545964241028
5085,6,6,0.997989296913147
5086,2,2,0.7485212087631226
5087,0,0,0.9995287656784058
5088,6,6,0.9965460896492004
5089,2,2,0.9934632778167725
5090,1,1,0.9749805927276611
5091,1,1,0.8433208465576172
5092,1,1,0.9816336035728455
5093,1,1,0.935900092124939
5094,7,7,0.9910187721252441
5095,2,2,0.999975323677063
5096,4,4,0.9923645257949829
5097,7,7,0.9436628818511963
5098,5,5,0.9928309321403503
5099,2,2,0.9980100989341736
5100,9,9,0.7430264949798584
5101,4,4,0.9757742285728455
5102,5,5,0.998618483543396
5103,8,8,0.9703484773635864
5104,4,4,0.9895842671394348
5105,2,2,0.9848393797874451
5106,9,9,0.8971332907676697
5107,7,7,0.9956514239311218
5108,0,0,0.9983598589897156
5109,0,0,0.9973195195198059
5110,7,7,0.9742854833602905
5111,5,5,0.9789107441902161
5112,1,1,0.9927678108215332
5113,1,1,0.9810799360275269
5114,7,7,0.9842525124549866
5115,6,6,0.9986030459403992
5116,6,6,0.999723494052887
5117,6,6,0.9959023594856262
5118,8,8,0.8624650239944458
5119,2,2,0.9976119995117188
5120,2,2,0.9994571805000305
5121,7,7,0.9728909134864807
5122,7,7,0.9638152122497559
5123,4,4,0.9803206920623779
5124,0,0,0.9994237422943115
5125,2,2,0.9992809891700745
5126,4,4,0.9956334233283997
5127,2,2,0.9990153312683105
5128,1,1,0.9882975220680237
5129,8,8,0.8081018328666687
5130,9,9,0.9409856796264648
5131,6,6,0.998656153678894
5132,1,1,0.9664344191551208
5133,0,0,0.9990278482437134
5134,5,5,0.8556087613105774
5135,9,9,0.458450049161911
5136,6,6,0.992723286151886
5137,9,9,0.9611140489578247
5138,8,8,0.6599622964859009
5139,0,0,0.9885490536689758
5140,3,2,0.5402966737747192
5141,0,0,0.9579353332519531
5142,8,8,0.9575135707855225
5143,3,3,0.462717741727829
5144,9,9,0.9358638525009155
5145,6,6,0.9833426475524902
5146,3,3,0.8948507308959961
5147,0,0,0.9866004586219788
5148,1,1,0.9797673225402832
5149,2,2,0.9969762563705444
5150,3,3,0.9995037317276001
5151,4,4,0.9444109797477722
5152,5,5,0.9972944855690002
5153,6,6,0.9936490654945374
5154,7,7,0.9792830348014832
5155,0,0,0.9236173033714294
5156,1,1,0.9923058152198792
5157,2,2,0.9615152478218079
5158,3,3,0.9998792409896851
5159,4,4,0.5704342722892761
5160,5,5,0.9834180474281311
5161,6,6,0.9990378618240356
5162,7,7,0.9570009112358093
5163,8,8,0.996148943901062
5164,9,9,0.897391140460968
5165,0,3,0.446912944316864
5166,1,1,0.9544566869735718
5167,2,2,0.9028295278549194
5168,3,3,0.9957541227340698
5169,4,4,0.9138392806053162
5170,5,5,0.9824329614639282
5171,6,6,0.9912508726119995
5172,7,7,0.9962915182113647
5173,8,8,0.9379295110702515
5174,5,5,0.8859866261482239
5175,4,4,0.9074395298957825
5176,8,5,0.5692802667617798
5177,7,7,0.5566277503967285
5178,4,4,0.9797978401184082
5179,7,7,0.9994884729385376
5180,7,7,0.9931830763816833
5181,3,3,0.9644819498062134
5182,9,9,0.8924496173858643
5183,8,4,0.6372323036193848
5184,8,8,0.9155251383781433
5185,3,3,0.7655215859413147
5186,1,1,0.9887003302574158
5187,5,5,0.9764404892921448
5188,8,8,0.9735957384109497
5189,2,2,0.9873892068862915
5190,7,7,0.9715902209281921
5191,4,4,0.9360057711601257
5192,2,2,0.9601029753684998
5193,1,1,0.9495607614517212
5194,5,5,0.749369740486145
5195,4,4,0.86556077003479
5196,5,5,0.9901907444000244
5197,5,5,0.9780775308609009
5198,8,8,0.9748011231422424
5199,6,6,0.9564445614814758
5200,4,4,0.9321146011352539
5201,4,4,0.35222291946411133
5202,4,4,0.9918903112411499
5203,1,1,0.9563118815422058
5204,8,8,0.8954430222511292
5205,7,7,0.9381039142608643
5206,5,5,0.9886711835861206
5207,5,5,0.977773129940033
5208,1,1,0.9886496067047119
5209,8,6,0.4986138641834259
5210,9,7,0.6603736281394958
5211,1,1,0.9551852941513062
5212,3,3,0.973836362361908
5213,6,6,0.9813529253005981
5214,3,3,0.9741926193237305
5215,3,3,0.9290357232093811
5216,2,2,0.9990087151527405
5217,2,8,0.6182495951652527
5218,6,6,0.9958859086036682
5219,9,9,0.8875523805618286
5220,9,9,0.9541835188865662
5221,6,6,0.9813500642776489
5222,5,5,0.9783177375793457
5223,5,5,0.9907717704772949
5224,3,3,0.9357331395149231
5225,3,3,0.6389680504798889
5226,8,8,0.9535754323005676
5227,1,1,0.980053722858429
5228,6,6,0.8813948035240173
5229,5,5,0.8548781275749207
5230,6,6,0.9943444728851318
5231,8,8,0.7418370246887207
5232,1,1,0.9663035869598389
5233,9,9,0.950573742389679
5234,7,7,0.9902471303939819
5235,6,6,0.9977763295173645
5236,8,8,0.9648872017860413
5237,3,3,0.6552227139472961
5238,7,7,0.99710613489151
5239,4,4,0.7710782289505005
5240,7,7,0.9932112693786621
5241,0,0,0.9946233034133911
5242,9,9,0.879875123500824
5243,0,0,0.9928473830223083
5244,0,0,0.9905965328216553
5245,3,3,0.9311662912368774
5246,7,2,0.631737232208252
5247,9,9,0.896729052066803
5248,3,3,0.9764061570167542
5249,0,0,0.9970568418502808
5250,2,2,0.9577675461769104
5251,0,0,0.9889668822288513
5252,1,1,0.9849927425384521
5253,0,0,0.9926335215568542
5254,1,1,0.9287952184677124
5255,0,0,0.9631292223930359
5256,4,4,0.9127889275550842
5257,0,0,0.9697182774543762
5258,1,1,0.949685275554657
5259,0,0,0.9912589192390442
5260,4,4,0.8832506537437439
5261,7,7,0.9155527949333191
5262,9,9,0.7890114784240723
5263,6,6,0.9976366758346558
5264,2,2,0.9951371550559998
5265,6,6,0.9849206805229187
5266,2,2,0.9835061430931091
5267,2,2,0.9826146960258484
5268,9,9,0.79375159740448
5269,9,9,0.8187360763549805
5270,0,0,0.9944131970405579
5271,1,1,0.9601682424545288
5272,2,2,0.9997463822364807
5273,3,3,0.9983043670654297
5274,4,4,0.9494659900665283
5275,5,5,0.9704915881156921
5276,6,6,0.9942541718482971
5277,7,7,0.9959751963615417
5278,8,8,0.5653920769691467
5279,9,9,0.9718305468559265
5280,0,0,0.9997138381004333
5281,1,1,0.9848465919494629
5282,2,2,0.9999741315841675
5283,3,3,0.8342782855033875
5284,4,4,0.9950952529907227
5285,5,5,0.9751322269439697
5286,6,6,0.9992521405220032
5287,7,7,0.9995840191841125
5288,8,8,0.47367289662361145
5289,9,9,0.9502187371253967
5290,0,0,0.9870188236236572
5291,1,1,0.9874491691589355
5292,2,2,0.9999775886535645
5293,3,3,0.9849780797958374
5294,4,4,0.9900000691413879
5295,5,5,0.9800136089324951
5296,6,6,0.999093770980835
5297,7,7,0.9999837875366211
5298,8,8,0.6152434349060059
5299,9,9,0.6729701161384583
5300,8,8,0.951094925403595
5301,0,0,0.9938507080078125
5302,5,5,0.9399656653404236
5303,6,6,0.964404821395874
5304,6,6,0.9933680891990662
5305,0,0,0.9986538887023926
5306,8,8,0.9370741248130798
5307,0,0,0.9991395473480225
5308,2,2,0.9895888566970825
5309,3,3,0.9958861470222473
5310,7,7,0.9982776641845703
5311,9,9,0.5519137978553772
5312,4,4,0.9960116147994995
5313,7,7,0.9979731440544128
5314,1,1,0.9957401752471924
5315,9,9,0.9913966059684753
5316,1,1,0.9911077618598938
5317,7,7,0.9962872266769409
5318,1,1,0.9913753867149353
5319,4,4,0.9942280054092407
5320,0,0,0.9954570531845093
5321,0,0,0.99985671043396
5322,4,4,0.9960551261901855
5323,1,1,0.9253240823745728
5324,7,7,0.9883113503456116
5325,5,5,0.9785418510437012
5326,7,7,0.9979058504104614
5327,1,1,0.9913637638092041
5328,3,3,0.9964421391487122
5329,3,3,0.9432123303413391
5330,3,3,0.9536734223365784
5331,1,6,0.6584678888320923
5332,6,6,0.9992307424545288
5333,9,9,0.9872719645500183
5334,7,7,0.9994117021560669
5335,4,4,0.9750186204910278
5336,3,3,0.9941086769104004
5337,0,0,0.9997403025627136
5338,2,2,0.9991280436515808
5339,5,5,0.9364742636680603
5340,2,2,0.9999758005142212
5341,6,6,0.9871335029602051
5342,0,0,0.999363124370575
5343,8,8,0.9550184607505798
5344,9,9,0.9699596762657166
5345,4,4,0.9898306727409363
5346,3,3,0.9843853116035461
5347,5,5,0.9759458899497986
5348,4,4,0.9395605325698853
5349,8,8,0.9170212745666504
5350,1,1,0.9874433875083923
5351,5,5,0.992290198802948
5352,9,9,0.9779106974601746
5353,0,0,0.9994757771492004
5354,6,6,0.9971163272857666
5355,4,4,0.9815256595611572
5356,3,3,0.9775652885437012
5357,6,6,0.9971354007720947
5358,3,3,0.8679009675979614
5359,3,3,0.8778347373008728
5360,8,8,0.487028032541275
5361,1,1,0.9854780435562134
5362,4,4,0.9977346658706665
5363,7,7,0.9015815854072571
5364,5,5,0.9682779312133789
5365,7,7,0.9957894682884216
5366,2,2,0.9999856948852539
5367,2,2,0.9998102784156799
5368,0,0,0.9994077682495117
5369,0,0,0.9997395873069763
5370,1,1,0.9955142140388489
5371,7,7,0.8020028471946716
5372,7,7,0.9473243355751038
5373,9,9,0.9715196490287781
5374,5,5,0.9848161935806274
5375,9,9,0.9698672890663147
5376,8,8,0.9763749241828918
5377,9,9,0.9516395926475525
5378,6,6,0.9993435740470886
5379,8,8,0.8836715817451477
5380,8,8,0.7169974446296692
5381,2,2,0.9999853372573853
5382,3,3,0.9023469686508179
5383,6,6,0.9748209118843079
5384,1,1,0.9947187900543213
5385,2,2,0.9999830722808838
5386,9,9,0.9698328375816345
5387,8,8,0.9648996591567993
5388,9,9,0.9756132960319519
5389,5,5,0.9535320997238159
5390,2,2,0.9967484474182129
5391,6,6,0.9810985922813416
5392,2,2,0.9981288313865662
5393,4,4,0.9841135144233704
5394,8,8,0.9235101938247681
5395,4,4,0.9757019281387329
5396,6,6,0.9949554800987244
5397,5,5,0.7233008742332458
5398,0,0,0.9862572550773621
5399,1,1,0.9931902289390564
5400,5,5,0.9867037534713745
5401,6,6,0.8046419024467468
5402,7,7,0.9961297512054443
5403,8,8,0.8291457891464233
5404,9,9,0.9708398580551147
5405,0,0,0.9881529211997986
5406,1,1,0.879900336265564
5407,2,2,0.9995743632316589
5408,3,3,0.9908050298690796
5409,4,6,0.5274669528007507
5410,5,5,0.9862504005432129
5411,6,6,0.9986811280250549
5412,7,7,0.9984357953071594
5413,8,8,0.8486407995223999
5414,9,9,0.931719183921814
5415,0,0,0.993074893951416
5416,1,1,0.9897712469100952
5417,2,2,0.999757707118988
5418,3,3,0.9977204203605652
5419,4,4,0.7827913165092468
5420,5,5,0.9689279198646545
5421,6,6,0.9600123167037964
5422,7,7,0.9985659718513489
5423,8,8,0.8702197074890137
5424,9,9,0.8966642618179321
5425,7,7,0.998793363571167
5426,4,4,0.9730748534202576
5427,2,2,0.9975173473358154
5428,0,0,0.9998937845230103
5429,9,9,0.7904438972473145
5430,0,0,0.9999772310256958
5431,1,1,0.9772986769676208
5432,5,5,0.976246178150177
5433,8,8,0.9414728879928589
5434,8,8,0.8804206252098083
5435,0,0,0.9986721277236938
5436,2,2,0.9999743700027466
5437,7,7,0.9987176656723022
5438,8,8,0.9754757881164551
5439,4,4,0.9973358511924744
5440,4,4,0.7511301636695862
5441,6,6,0.9827703237533569
5442,1,1,0.9820236563682556
5443,0,0,0.9999494552612305
5444,4,4,0.9946205615997314
5445,5,5,0.9817146062850952
5446,3,3,0.8980205059051514
5447,9,9,0.9536323547363281
5448,4,4,0.7990899085998535
5449,2,2,0.9973938465118408
5450,0,0,0.9969484210014343
5451,5,5,0.9942042231559753
5452,0,0,0.9999434947967529
5453,1,1,0.9862518906593323
5454,3,3,0.9995361566543579
5455,2,2,0.9997259974479675
5456,9,9,0.9199125170707703
5457,1,1,0.3635105788707733
5458,6,6,0.9930330514907837
5459,0,0,0.999517560005188
5460,1,1,0.9539178013801575
5461,1,1,0.9884335398674011
5462,8,8,0.9292160868644714
5463,0,0,0.9999878406524658
5464,4,4,0.8842472434043884
5465,7,7,0.9998087286949158
5466,7,7,0.9965605139732361
5467,6,6,0.9995101690292358
5468,3,3,0.9725295305252075
5469,6,6,0.9781913161277771
5470,0,0,0.9999452829360962
5471,7,7,0.9949808716773987
5472,3,3,0.9999696016311646
5473,5,5,0.9487136006355286
5474,4,4,0.9991039633750916
5475,2,2,0.9991775155067444
5476,4,4,0.9959462285041809
5477,1,1,0.9906150102615356
5478,8,8,0.9541892409324646
5479,3,3,0.9973543882369995
5480,5,5,0.9461909532546997
5481,6,6,0.9990599751472473
5482,7,7,0.9979806542396545
5483,0,0,0.9938200116157532
5484,6,6,0.9921988844871521
5485,7,7,0.9971039891242981
5486,1,1,0.9906153678894043
5487,2,2,0.9993607401847839
5488,5,5,0.9965012073516846
5489,8,8,0.9907110333442688
5490,1,1,0.9867873191833496
5491,9,9,0.984891414642334
5492,3,3,0.9918889403343201
5493,8,8,0.9598680138587952
5494,2,2,0.9994321465492249
5495,8,8,0.4946520924568176
5496,7,7,0.9932182431221008
5497,6,6,0.9624879360198975
5498,7,7,0.9996147155761719
5499,1,1,0.944365918636322
5500,4,4,0.9914146065711975
5501,6,6,0.9986103773117065
5502,2,2,0.9994801878929138
5503,9,9,0.982763409614563
5504,3,3,0.9950587749481201
5505,0,0,0.9945980310440063
5506,1,1,0.9968854784965515
5507,2,2,0.8681554794311523
5508,3,3,0.9990087747573853
5509,4,4,0.9491642117500305
5510,5,5,0.9489680528640747
5511,6,6,0.9973673224449158
5512,7,7,0.8870614767074585
5513,0,0,0.99919193983078
5514,1,1,0.9780881404876709
5515,2,2,0.9966055154800415
5516,3,3,0.9996882677078247
5517,4,4,0.941156804561615
5518,5,5,0.8454426527023315
5519,0,0,0.9779266715049744
5520,1,1,0.9919143915176392
5521,2,2,0.9948930740356445
5522,8,8,0.8970274925231934
5523,9,7,0.5304692983627319
5524,1,1,0.9947320222854614
5525,4,4,0.6990954279899597
5526,0,0,0.9966739416122437
5527,9,9,0.9606698155403137
5528,5,5,0.9712052941322327
5529,0,0,0.9981074333190918
5530,8,8,0.8945934176445007
5531,0,0,0.9994120597839355
5532,7,7,0.9120001196861267
5533,7,7,0.778331995010376
5534,1,1,0.9975347518920898
5535,1,1,0.9774292707443237
5536,2,2,0.8347863554954529
5537,9,9,0.943733811378479
5538,3,3,0.9991329312324524
5539,6,6,0.8789234757423401
5540,7,7,0.9955520033836365
5541,2,2,0.9409088492393494
5542,3,3,0.9901698231697083
5543,8,8,0.9626131057739258
5544,1,1,0.9951512813568115
5545,2,2,0.9893361330032349
5546,9,9,0.904620349407196
5547,8,8,0.8037765026092529
5548,8,8,0.9027831554412842
5549,7,7,0.9909819960594177
5550,1,1,0.9972341656684875
5551,7,7,0.9669559597969055
5552,1,1,0.9879569411277771
5553,1,1,0.996624231338501
5554,0,0,0.9990678429603577
5555,3,3,0.9992148876190186
5556,4,4,0.8696037530899048
5557,2,2,0.9244162440299988
5558,6,6,0.9916890263557434
5559,4,4,0.862225353717804
5560,7,7,0.6409109234809875
5561,4,4,0.8381741046905518
5562,2,2,0.507054328918457
5563,7,7,0.9983843564987183
5564,4,4,0.6550105810165405
5565,9,9,0.9777315258979797
5566,1,1,0.9644615650177002
5567,0,0,0.9958100318908691
5568,6,6,0.9993098974227905
5569,8,8,0.6337748169898987
5570,5,5,0.9955589771270752
5571,5,5,0.7866815328598022
5572,5,5,0.9591683149337769
5573,3,3,0.976798951625824
5574,5,5,0.9492409229278564
5575,9,9,0.9760993123054504
5576,7,7,0.9993409514427185
5577,4,4,0.5930445194244385
5578,8,8,0.9222338795661926
5579,5,5,0.8091095089912415
5580,9,9,0.9830266833305359
5581,6,6,0.9934804439544678
5582,9,9,0.9783400893211365
5583,3,3,0.9909438490867615
5584,0,0,0.9997788071632385
5585,3,3,0.9997556805610657
5586,8,8,0.9059585332870483
5587,9,9,0.9745178818702698
5588,1,1,0.8782775402069092
5589,8,8,0.9882539510726929
5590,1,1,0.9967141151428223
5591,6,6,0.9989864230155945
5592,0,0,0.9979897737503052
5593,0,0,0.9240342974662781
5594,1,1,0.7696436643600464
5595,2,2,0.9905480742454529
5596,3,3,0.981899619102478
5597,4,4,0.6573554873466492
5598,5,5,0.9928032755851746
5599,6,6,0.9711522459983826
5600,7,9,0.49991679191589355
5601,8,8,0.5651648640632629
5602,9,9,0.9726963043212891
5603,0,0,0.9872881174087524
5604,1,1,0.986935019493103
5605,2,2,0.991405725479126
5606,3,3,0.9983831644058228
5607,4,4,0.8189891576766968
5608,5,5,0.44046494364738464
5609,6,6,0.9992663264274597
5610,7,7,0.9455080628395081
5611,8,1,0.4951970875263214
5612,9,9,0.9702271223068237
5613,0,0,0.9273481965065002
5614,1,1,0.984121561050415
5615,2,2,0.9389014840126038
5616,3,3,0.9949139356613159
5617,4,9,0.70975661277771
5618,5,5,0.9860668778419495
5619,6,6,0.8283098936080933
5620,7,9,0.9617161154747009
5621,8,8,0.9112266898155212
5622,9,9,0.9006648063659668
5623,3,3,0.7529300451278687
5624,5,5,0.9964726567268372
5625,3,3,0.9971140623092651
5626,2,2,0.9607812762260437
5627,9,9,0.9693298935890198
5628,3,3,0.9892143607139587
5629,2,2,0.9969111084938049
5630,1,1,0.9793519973754883
5631,4,4,0.7985345125198364
5632,5,5,0.989485502243042
5633,5,5,0.9108973741531372
5634,2,3,0.46500086784362793
5635,3,3,0.8521066308021545
5636,2,2,0.9807126522064209
5637,1,1,0.9584788680076599
5638,3,3,0.9677282571792603
5639,9,9,0.74980628490448
5640,7,7,0.9787291288375854
5641,2,2,0.9418197870254517
5642,1,5,0.8711530566215515
5643,2,2,0.9879952073097229
5644,8,8,0.8904526233673096
5645,9,9,0.9169859886169434
5646,1,1,0.9933645725250244
5647,8,8,0.8103684186935425
5648,8,8,0.9813839793205261
5649,7,9,0.5972157716751099
5650,8,8,0.946162223815918
5651,1,1,0.9905956983566284
5652,0,0,0.9968457818031311
5653,0,6,0.6170017719268799
5654,7,7,0.7543997168540955
5655,7,7,0.8994268774986267
5656,8,8,0.8717710971832275
5657,7,7,0.7911531329154968
5658,5,5,0.9944145679473877
5659,0,0,0.9996935129165649
5660,6,6,0.9698370099067688
5661,1,1,0.9895386695861816
5662,5,5,0.5582723617553711
5663,7,7,0.7596529722213745
5664,4,4,0.9725375175476074
5665,6,6,0.9885818362236023
5666,1,1,0.9907410144805908
5667,2,2,0.9842391014099121
5668,5,5,0.9969684481620789
5669,0,0,0.9998016953468323
5670,7,7,0.9403387904167175
5671,9,9,0.9507370591163635
5672,9,9,0.9543709754943848
5673,0,0,0.921516478061676
5674,3,3,0.985385000705719
5675,8,8,0.8905585408210754
5676,4,4,0.3291735053062439
5677,4,6,0.4892212450504303
5678,8,5,0.46544256806373596
5679,1,1,0.9882354736328125
5680,8,8,0.922795295715332
5681,6,6,0.9298185110092163
5682,5,5,0.9651359915733337
5683,9,9,0.9212360978126526
5684,0,0,0.9983173608779907
5685,0,0,0.9950340986251831
5686,0,0,0.9992467164993286
5687,3,3,0.9772506356239319
5688,7,9,0.5990311503410339
5689,1,1,0.9930657148361206
5690,6,6,0.7886735796928406
5691,4,4,0.39546722173690796
5692,2,2,0.9993734955787659
5693,6,6,0.9425143003463745
5694,6,6,0.9832590818405151
5695,0,0,0.6488208770751953
5696,4,4,0.9201443195343018
5697,5,5,0.9468061923980713
5698,4,4,0.7879102826118469
5699,1,1,0.9926927089691162
5700,3,3,0.9517030119895935
5701,8,8,0.8934199810028076
5702,6,6,0.9588515758514404
5703,3,3,0.9962052702903748
5704,9,9,0.9841869473457336
5705,9,9,0.8114913105964661
5706,5,5,0.988821268081665
5707,9,9,0.9689773917198181
5708,3,3,0.9998663663864136
5709,7,7,0.6780844926834106
5710,8,8,0.6530874967575073
5711,5,5,0.9865288734436035
5712,6,6,0.9301778674125671
5713,4,4,0.9325588941574097
5714,7,9,0.5560641288757324
5715,6,6,0.7525113224983215
5716,2,2,0.9955990314483643
5717,2,2,0.8114153146743774
5718,0,0,0.4498135447502136
5719,9,9,0.6524542570114136
5720,4,4,0.5086886882781982
5721,0,0,0.9964383840560913
5722,1,1,0.9909336566925049
5723,2,2,0.9991497993469238
5724,3,3,0.9850510358810425
5725,4,4,0.9954842329025269
5726,5,5,0.7617856860160828
5727,6,6,0.9609658122062683
5728,7,7,0.9883257150650024
5729,8,8,0.920241117477417
5730,9,9,0.9188318848609924
5731,0,0,0.9459120035171509
5732,1,1,0.9697322845458984
5733,2,2,0.9998656511306763
5734,3,7,0.444442480802536
5735,5,6,0.2986772060394287
5736,6,6,0.6667342782020569
5737,0,0,0.974770188331604
5738,1,1,0.9668711423873901
5739,2,2,0.9999009370803833
5740,3,3,0.9790544509887695
5741,4,4,0.9930181503295898
5742,5,5,0.9707496762275696
5743,6,6,0.9482061266899109
5744,8,8,0.9674316048622131
5745,7,7,0.9232600927352905
5746,1,1,0.8200297355651855
5747,3,3,0.9898146390914917
5748,2,2,0.9962784647941589
5749,8,6,0.6762096285820007
5750,0,0,0.9992974996566772
5751,7,7,0.9998018145561218
5752,5,5,0.8696194887161255
5753,9,9,0.9628670811653137
5754,9,9,0.5295243859291077
5755,6,6,0.98050457239151
5756,0,0,0.9925036430358887
5757,9,7,0.6010915637016296
5758,4,4,0.9967789053916931
5759,1,1,0.9213413000106812
5760,3,3,0.9934719800949097
5761,2,2,0.9989209175109863
5762,1,1,0.9890700578689575
5763,2,2,0.9787402153015137
5764,3,3,0.9977032542228699
5765,8,8,0.988621175289154
5766,3,3,0.9965366125106812
5767,2,2,0.9999817609786987
5768,6,6,0.9803155064582825
5769,5,5,0.5083860754966736
5770,6,6,0.9857183694839478
5771,8,8,0.7717159390449524
5772,2,2,0.998870313167572
5773,7,7,0.9974380731582642
5774,4,4,0.9721724987030029
5775,8,8,0.9731167554855347
5776,1,1,0.9827970266342163
5777,8,8,0.9978255033493042
5778,0,0,0.9656949043273926
5779,5,5,0.8599219918251038
5780,3,3,0.6405025720596313
5781,9,9,0.9581460356712341
5782,4,4,0.9910436868667603
5783,1,1,0.9871010780334473
5784,9,9,0.838184654712677
5785,2,2,0.999935507774353
5786,1,1,0.9927854537963867
5787,9,9,0.9091697335243225
5788,6,6,0.9937788844108582
5789,7,7,0.9997010827064514
5790,9,9,0.9681133031845093
5791,0,0,0.9990272521972656
5792,4,4,0.9965470433235168
5793,6,6,0.9884622693061829
5794,1,1,0.9797257781028748
5795,7,7,0.9988130331039429
5796,3,3,0.9985685348510742
5797,8,8,0.9747371077537537
5798,7,7,0.9918946623802185
5799,2,2,0.9995421171188354
5800,9,9,0.595818281173706
5801,6,6,0.607925534248352
5802,5,5,0.7350760102272034
5803,8,8,0.9623275995254517
5804,3,3,0.9994571805000305
5805,9,9,0.9913491606712341
5806,0,0,0.994490385055542
5807,5,5,0.8097116947174072
5808,7,7,0.9985886216163635
5809,1,1,0.9885460734367371
5810,6,6,0.9778728485107422
5811,1,1,0.9839245080947876
5812,0,0,0.9986936450004578
5813,9,9,0.9940871000289917
5814,3,3,0.97798091173172
5815,3,3,0.9760962128639221
5816,4,4,0.9986288547515869
5817,4,4,0.9957654476165771
5818,0,0,0.9973113536834717
5819,6,6,0.9865813255310059
5820,2,2,0.9997422099113464
5821,5,3,0.6872807145118713
5822,4,4,0.9922193288803101
5823,2,2,0.9944023489952087
5824,3,3,0.8243211507797241
5825,4,4,0.9977840781211853
5826,6,6,0.9616531133651733
5827,0,0,0.9464878439903259
5828,0,0,0.914011538028717
5829,2,2,0.9997534155845642
5830,0,0,0.9992493987083435
5831,1,1,0.8592482805252075
5832,4,4,0.9925259351730347
5833,5,5,0.9305869936943054
5834,6,6,0.9944502115249634
5835,7,9,0.5090681910514832
5836,8,8,0.840421199798584
5837,9,9,0.9416095018386841
5838,0,0,0.9957770109176636
5839,1,1,0.9404707551002502
5840,2,2,0.9960542917251587
5841,3,3,0.8916197419166565
5842,4,7,0.7105066180229187
5843,5,5,0.8955202698707581
5844,6,6,0.9357486963272095
5845,7,7,0.9668835401535034
5846,8,8,0.996152937412262
5847,0,0,0.996268630027771
5848,1,1,0.9660068154335022
5849,2,2,0.996669590473175
5850,3,3,0.9969474673271179
5851,4,4,0.7678980231285095
5852,5,5,0.5086659789085388
5853,6,6,0.9876561164855957
5854,7,7,0.9472715854644775
5855,8,8,0.9091466665267944
5856,9,9,0.9314000606536865
5857,8,8,0.7614708542823792
5858,7,7,0.7923536896705627
5859,1,1,0.998058021068573
5860,3,3,0.9954808950424194
5861,7,7,0.9738625884056091
5862,5,3,0.7124691009521484
5863,2,2,0.9994475245475769
5864,8,8,0.9647105932235718
5865,0,0,0.9997202754020691
5866,7,7,0.9103623032569885
5867,5,5,0.5139368772506714
5868,9,9,0.8892077207565308
5869,9,9,0.9597559571266174
5870,0,0,0.7113474607467651
5871,9,9,0.8649995923042297
5872,1,1,0.9770863652229309
5873,1,1,0.9915552735328674
5874,5,3,0.5715992450714111
5875,8,8,0.9860566854476929
5876,8,8,0.9342904686927795
5877,6,6,0.974612295627594
5878,3,3,0.9924617409706116
5879,2,2,0.9932281374931335
5880,1,1,0.9939202070236206
5881,8,8,0.9764149188995361
5882,3,3,0.9924424886703491
5883,2,2,0.992689311504364
5884,6,6,0.9922052025794983
5885,5,5,0.7361865043640137
5886,6,6,0.9952770471572876
5887,7,3,0.4593625068664551
5888,4,0,0.8866395950317383
5889,1,1,0.9883731007575989
5890,0,0,0.9029586911201477
5891,5,6,0.37805068492889404
5892,3,3,0.9605017304420471
5893,1,1,0.975020706653595
5894,9,9,0.9727157354354858
5895,2,2,0.9969402551651001
5896,1,1,0.9902684688568115
5897,9,9,0.8776697516441345
5898,6,6,0.9821526408195496
5899,0,0,0.9727952480316162
5900,4,4,0.9958345890045166
5901,6,6,0.9907515048980713
5902,1,1,0.9912548065185547
5903,7,7,0.8699237108230591
5904,3,3,0.8552659153938293
5905,8,8,0.9393603205680847
5906,7,7,0.8311088681221008
5907,2,2,0.925778865814209
5908,9,9,0.956089198589325
5909,6,6,0.9889829754829407
5910,5,5,0.8862496018409729
5911,8,8,0.9084360003471375
5912,3,0,0.6768069863319397
5913,5,3,0.9488453269004822
5914,7,7,0.7000353932380676
5915,1,1,0.9910596013069153
5916,6,6,0.7938249707221985
5917,1,1,0.9824041128158569
5918,0,0,0.8633043766021729
5919,9,9,0.9713950157165527
5920,6,6,0.9933710098266602
5921,2,2,0.9082452058792114
5922,5,3,0.7372064590454102
5923,4,4,0.8358123302459717
5924,2,2,0.9707993268966675
5925,3,3,0.9540917873382568
5926,4,4,0.6068285703659058
5927,4,4,0.9796684384346008
5928,6,6,0.9727927446365356
5929,0,0,0.9930787682533264
5930,0,0,0.9989714622497559
5931,2,2,0.9992187023162842
5932,0,0,0.9993353486061096
5933,1,1,0.990898847579956
5934,2,2,0.9991822838783264
5935,3,3,0.6057708263397217
5936,4,9,0.9033488631248474
5937,5,3,0.7864413261413574
5938,6,6,0.8852024674415588
5939,7,7,0.958644688129425
5940,8,8,0.9408690929412842
5941,9,9,0.9989359974861145
5942,0,0,0.9998704195022583
5943,1,1,0.9485137462615967
5944,2,2,0.9929268956184387
5945,3,3,0.806987464427948
5946,4,4,0.8943779468536377
5947,5,5,0.8627601861953735
5948,6,6,0.7638217210769653
5949,7,7,0.7879655361175537
5950,8,8,0.9178730845451355
5951,9,9,0.9581468105316162
5952,0,0,0.999309778213501
5953,1,1,0.9672912359237671
5954,2,2,0.9999972581863403
5955,3,8,0.9429336190223694
5956,4,4,0.9812136292457581
5957,5,8,0.47035709023475647
5958,6,6,0.9200491309165955
5959,7,7,0.9909353852272034
5960,8,8,0.9471893310546875
5961,9,9,0.9508872032165527
5962,8,8,0.9241787791252136
5963,6,6,0.9893015027046204
5964,5,5,0.8258896470069885
5965,0,0,0.9889223575592041
5966,6,6,0.9977719187736511
5967,8,8,0.9375818967819214
5968,9,9,0.9506857991218567
5969,4,4,0.9527736306190491
5970,1,1,0.9618678092956543
5971,9,9,0.9693060517311096
5972,5,3,0.6620671153068542
5973,3,8,0.7447522282600403
5974,0,0,0.9587082266807556
5975,4,9,0.5511590242385864
5976,8,8,0.7408248782157898
5977,9,9,0.9992328882217407
5978,1,1,0.9585630893707275
5979,4,4,0.9830500483512878
5980,0,0,0.9637997150421143
5981,5,5,0.6671915054321289
5982,5,5,0.7168139815330505
5983,2,2,0.9996587038040161
5984,1,1,0.9826899766921997
5985,5,8,0.7276386022567749
5986,4,4,0.8465221524238586
5987,0,0,0.530674159526825
5988,7,7,0.73952317237854
5989,6,6,0.9812606573104858
5990,0,0,0.9996669292449951
5991,1,1,0.9923380017280579
5992,7,9,0.47558528184890747
5993,0,0,0.9988303780555725
5994,6,6,0.9962666630744934
5995,8,8,0.9604367017745972
5996,9,9,0.9755008816719055
5997,5,5,0.6671644449234009
5998,1,1,0.88022381067276
5999,7,7,0.9522790312767029
6000,9,9,0.8149123191833496
6001,8,8,0.981980562210083
6002,6,6,0.5125750303268433
6003,0,0,0.9980942606925964
6004,8,8,0.7776904702186584
6005,1,1,0.659369945526123
6006,7,7,0.8895753026008606
6007,7,7,0.909949004650116
6008,1,1,0.9409406185150146
6009,3,3,0.8356068730354309
6010,2,2,0.9994598031044006
6011,3,3,0.9609755277633667
6012,1,1,0.9858878254890442
6013,4,4,0.9788166880607605
6014,2,2,0.9998025298118591
6015,0,0,0.8946093916893005
6016,0,0,0.9983881711959839
6017,7,7,0.991283655166626
6018,8,8,0.957696795463562
6019,4,4,0.570770800113678
6020,6,6,0.7456604838371277
6021,4,4,0.7587695121765137
6022,9,9,0.8349822163581848
6023,3,5,0.4202616810798645
6024,8,8,0.43632808327674866
6025,4,4,0.980660617351532
6026,7,7,0.3615168035030365
6027,2,2,0.9534953236579895
6028,5,5,0.8838212490081787
6029,6,6,0.8912721276283264
6030,3,3,0.7127159237861633
6031,6,6,0.9876109957695007
6032,9,9,0.9384244680404663
6033,6,6,0.9759123921394348
6034,3,3,0.4874045252799988
6035,2,2,0.41752368211746216
6036,2,2,0.9926389455795288
6037,4,9,0.46271008253097534
6038,6,6,0.7790594100952148
6039,9,9,0.9608663320541382
6040,0,0,0.9783947467803955
6041,2,2,0.9973887801170349
6042,5,8,0.5206992030143738
6043,5,3,0.7362383604049683
6044,1,1,0.9708554744720459
6045,3,8,0.3723132312297821
6046,3,3,0.7279897332191467
6047,9,9,0.9708856344223022
6048,7,7,0.9741585850715637
6049,8,8,0.9200329184532166
6050,7,7,0.9857057332992554
6051,2,2,0.9962718486785889
6052,2,2,0.9869710206985474
6053,5,5,0.6976088881492615
6054,7,7,0.975867748260498
6055,9,9,0.9802354574203491
6056,8,8,0.7294771671295166
6057,2,2,0.9976931214332581
6058,1,1,0.9909486174583435
6059,3,8,0.5415864586830139
6060,1,1,0.9796659350395203
6061,3,3,0.9840587973594666
6062,0,0,0.9999676942825317
6063,1,1,0.9200250506401062
6064,2,2,0.9997538924217224
6065,3,8,0.7788602113723755
6066,4,4,0.9975792765617371
6067,5,5,0.9989364743232727
6068,6,6,0.9998561143875122
6069,7,7,0.9998536109924316
6070,8,8,0.9971107244491577
6071,9,3,0.6197954416275024
6072,0,0,0.9997912049293518
6073,1,1,0.9482078552246094
6074,2,2,0.9995858073234558
6075,3,3,0.9547645449638367
6076,4,4,0.9862568974494934
6077,5,5,0.9947391152381897
6078,6,6,0.9988301396369934
6079,7,7,0.9980728626251221
6080,8,8,0.9523398876190186
6081,9,8,0.6933342218399048
6082,0,0,0.9999262094497681
6083,1,1,0.6852670907974243
6084,2,2,0.9984111785888672
6085,3,3,0.9960854053497314
6086,4,4,0.9836133718490601
6087,5,5,0.8622069358825684
6088,6,6,0.9999366998672485
6089,7,7,0.9998477697372437
6090,8,8,0.9990992546081543
6091,9,8,0.46244096755981445
6092,1,1,0.9922170639038086
6093,2,2,0.5262733101844788
6094,6,6,0.9998435974121094
6095,5,5,0.9876054525375366
6096,3,3,0.9895074963569641
6097,0,0,0.9999967813491821
6098,7,7,0.9992128610610962
6099,0,0,0.9999501705169678
6100,4,4,0.9993046522140503
6101,1,1,0.8027786016464233
6102,4,4,0.998769223690033
6103,3,3,0.997677743434906
6104,6,6,0.9998800754547119
6105,7,7,0.9999041557312012
6106,2,2,0.9997000694274902
6107,3,3,0.9927434921264648
6108,1,1,0.9353051781654358
6109,2,1,0.45265281200408936
6110,1,1,0.9079238176345825
6111,2,2,0.6832444667816162
6112,9,8,0.5575085878372192
6113,6,6,0.9990369081497192
6114,0,0,0.9999983310699463
6115,1,1,0.8602725267410278
6116,3,3,0.9372928738594055
6117,0,0,0.9994574189186096
6118,2,2,0.9996341466903687
6119,7,7,0.9997921586036682
6120,5,5,0.9886223673820496
6121,7,7,0.9914159178733826
6122,6,6,0.9995800852775574
6123,2,2,0.9995254278182983
6124,9,8,0.7603618502616882
6125,1,1,0.9943342208862305
6126,9,9,0.6578771471977234
6127,0,0,0.9999575614929199
6128,6,6,0.9997475743293762
6129,0,0,0.9981561303138733
6130,6,6,0.9982597231864929
6131,0,0,0.9999377727508545
6132,2,2,0.9985861778259277
6133,0,0,0.999998927116394
6134,6,6,0.999656081199646
6135,1,1,0.9283452033996582
6136,5,5,0.991791844367981
6137,8,8,0.9982523322105408
6138,4,4,0.9994511008262634
6139,3,3,0.9330978989601135
6140,0,0,0.9997850060462952
6141,1,1,0.9820871353149414
6142,5,5,0.9970530271530151
6143,4,4,0.9974184036254883
6144,4,4,0.9991293549537659
6145,8,8,0.9759154319763184
6146,5,5,0.9964129328727722
6147,7,7,0.9922499656677246
6148,5,5,0.9925035238265991
6149,7,7,0.9987744688987732
6150,8,8,0.9988033771514893
6151,3,3,0.997308611869812
6152,4,4,0.9944013953208923
6153,8,8,0.8612478971481323
6154,8,8,0.9994729161262512
6155,5,5,0.9881902933120728
6156,2,2,0.9989138841629028
6157,9,8,0.4161553382873535
6158,7,7,0.9996028542518616
6159,1,1,0.9859594702720642
6160,3,8,0.6346039175987244
6161,8,8,0.9971460700035095
6162,1,1,0.9897952675819397
6163,0,0,0.999993085861206
6164,7,7,0.9998124241828918
6165,5,5,0.7915460467338562
6166,9,3,0.7999313473701477
6167,6,6,0.9998965263366699
6168,9,5,0.350868821144104
6169,4,4,0.9956106543540955
6170,7,7,0.9985559582710266
6171,7,7,0.9996609687805176
6172,9,0,0.5753292441368103
6173,9,0,0.5850540399551392
6174,3,3,0.7644123435020447
6175,4,4,0.9944610595703125
6176,4,4,0.9978031516075134
6177,3,3,0.9954350590705872
6178,8,8,0.9475337266921997
6179,6,6,0.9998020529747009
6180,2,2,0.9992795586585999
6181,0,0,0.9959869980812073
6182,1,1,0.9883823990821838
6183,2,2,0.9993228912353516
6184,3,3,0.9716647267341614
6185,4,4,0.9976766705513
6186,5,5,0.9869295358657837
6187,6,6,0.9990542531013489
6188,7,7,0.9454386830329895
6189,8,8,0.9093466997146606
6190,9,9,0.9868640303611755
6191,0,0,0.9999918937683105
6192,1,1,0.988974928855896
6193,2,2,0.9996827840805054
6194,3,3,0.9641789793968201
6195,4,4,0.998894989490509
6196,5,5,0.9957131147384644
6197,6,6,0.9980140924453735
6198,7,7,0.9668426513671875
6199,8,8,0.9965938925743103
6200,9,9,0.9847581386566162
6201,0,0,0.999882698059082
6202,1,1,0.9817787408828735
6203,2,2,0.9998635053634644
6204,3,3,0.9950844645500183
6205,4,4,0.9935199618339539
6206,5,5,0.9955543875694275
6207,6,6,0.9990211725234985
6208,7,7,0.9585148096084595
6209,8,8,0.9957404136657715
6210,9,9,0.9896752238273621
6211,0,0,0.9999924898147583
6212,8,8,0.9794944524765015
6213,3,3,0.987888514995575
6214,9,9,0.9527618885040283
6215,5,5,0.9814167618751526
6216,5,5,0.9872926473617554
6217,2,2,0.9971985816955566
6218,6,6,0.9988504648208618
6219,8,8,0.950933039188385
6220,4,4,0.9845831394195557
6221,9,9,0.971479594707489
6222,1,1,0.9942031502723694
6223,7,7,0.8269661068916321
6224,1,1,0.9919284582138062
6225,2,2,0.9986411929130554
6226,3,3,0.9971675276756287
6227,5,3,0.6184148788452148
6228,9,9,0.996921181678772
6229,6,6,0.996454119682312
6230,9,9,0.9927880167961121
6231,1,1,0.9770287871360779
6232,1,1,0.9733972549438477
6233,1,1,0.9881614446640015
6234,2,2,0.9998698234558105
6235,9,9,0.9480931758880615
6236,5,5,0.9990590214729309
6237,6,6,0.9085590243339539
6238,8,8,0.828620970249176
6239,1,1,0.9642603397369385
6240,2,2,0.9999237060546875
6241,0,0,0.9996464252471924
6242,7,7,0.8758431673049927
6243,7,7,0.9505894780158997
6244,5,5,0.9690834283828735
6245,8,8,0.984024167060852
6246,2,2,0.9999089241027832
6247,9,9,0.9889272451400757
6248,8,8,0.9838999509811401
6249,9,9,0.9655701518058777
6250,0,0,0.9986359477043152
6251,4,4,0.9850509166717529
6252,6,6,0.9088352918624878
6253,7,7,0.9864377975463867
6254,1,1,0.9898837208747864
6255,3,3,0.9704481363296509
6256,4,4,0.9977023005485535
6257,5,5,0.9961795806884766
6258,6,6,0.9977191090583801
6259,0,0,0.9986074566841125
6260,3,3,0.9974505305290222
6261,6,6,0.9982069730758667
6262,8,8,0.9789820909500122
6263,7,7,0.9831750988960266
6264,0,0,0.9992885589599609
6265,4,4,0.9949145317077637
6266,2,2,0.9998477697372437
6267,7,7,0.8826716542243958
6268,4,4,0.9967135190963745
6269,7,7,0.9654465913772583
6270,5,5,0.9974964261054993
6271,4,4,0.9273392558097839
6272,3,3,0.9852159023284912
6273,4,4,0.9826441407203674
6274,2,2,0.9857665300369263
6275,8,8,0.9842425584793091
6276,1,1,0.9875745177268982
6277,5,5,0.9942189455032349
6278,1,1,0.9900363683700562
6279,2,2,0.9994475245475769
6280,0,0,0.9995507597923279
6281,2,2,0.9997343420982361
6282,5,5,0.9830496907234192
6283,6,6,0.9884204864501953
6284,4,4,0.996380627155304
6285,3,3,0.9979243278503418
6286,0,0,0.9994660019874573
6287,0,0,0.9999536275863647
6288,0,0,0.9997909665107727
6289,3,3,0.9472469687461853
6290,3,3,0.9869740009307861
6291,5,5,0.9977649450302124
6292,7,7,0.9161569476127625
6293,0,0,0.9993963241577148
6294,6,6,0.9384720921516418
6295,4,4,0.9942631125450134
6296,8,8,0.9898309111595154
6297,8,8,0.978410542011261
6298,6,6,0.9909254312515259
6299,3,3,0.9996119141578674
6300,4,4,0.9830134510993958
6301,6,6,0.9974619150161743
6302,9,9,0.9859799742698669
6303,9,9,0.8751774430274963
6304,8,3,0.5206626057624817
6305,2,2,0.9904127717018127
6306,7,7,0.9699786305427551
6307,7,7,0.9993751645088196
6308,1,1,0.9556973576545715
6309,0,0,0.999845027923584
6310,1,1,0.9890726208686829
6311,2,2,0.9999868869781494
6312,3,3,0.9585908055305481
6313,4,4,0.9980471134185791
6314,5,5,0.9885303378105164
6315,6,6,0.9895457625389099
6316,7,7,0.9955311417579651
6317,8,8,0.9979249238967896
6318,9,9,0.9902358651161194
6319,0,0,0.9995728135108948
6320,1,1,0.9911120533943176
6321,2,2,0.9999579191207886
6322,3,3,0.9767772555351257
6323,4,4,0.987223744392395
6324,5,2,0.4126765727996826
6325,6,6,0.9975040555000305
6326,7,7,0.9897775053977966
6327,8,8,0.9958595633506775
6328,0,0,0.994577169418335
6329,1,1,0.9873493313789368
6330,2,2,0.9999988079071045
6331,3,3,0.994561493396759
6332,4,4,0.9976669549942017
6333,5,5,0.9954138398170471
6334,6,6,0.9927765130996704
6335,7,7,0.9994055032730103
6336,8,8,0.97489333152771
6337,2,2,0.9999464750289917
6338,1,1,0.9781382083892822
6339,7,7,0.9952067732810974
6340,2,2,0.9996734857559204
6341,5,5,0.9962060451507568
6342,0,0,0.9989546537399292
6343,8,8,0.9554749727249146
6344,0,0,0.9926436543464661
6345,2,2,0.999957799911499
6346,7,7,0.9977237582206726
6347,8,6,0.5507382154464722
6348,8,8,0.9817599654197693
6349,3,3,0.9888319969177246
6350,6,6,0.9865766763687134
6351,0,0,0.8411619663238525
6352,2,2,0.9978952407836914
6353,7,7,0.997927188873291
6354,6,6,0.9947189092636108
6355,6,6,0.996829092502594
6356,1,1,0.9938985109329224
6357,2,2,0.9999788999557495
6358,8,8,0.9526745676994324
6359,8,8,0.8732065558433533
6360,7,7,0.9990642666816711
6361,7,7,0.9992733597755432
6362,4,4,0.9947728514671326
6363,7,7,0.9983959794044495
6364,7,7,0.9993569254875183
6365,3,3,0.9929088354110718
6366,7,7,0.9989829659461975
6367,4,4,0.994234025478363
6368,5,5,0.9728982448577881
6369,4,4,0.9919479489326477
6370,3,3,0.8079092502593994
6371,3,3,0.9785379767417908
6372,8,8,0.957426905632019
6373,4,4,0.9964364767074585
6374,1,1,0.99460768699646
6375,1,1,0.9970600008964539
6376,9,9,0.85598224401474
6377,7,7,0.9188352227210999
6378,4,4,0.9934408068656921
6379,3,3,0.9806168079376221
6380,7,7,0.9969346523284912
6381,3,3,0.9857749938964844
6382,3,3,0.9997031092643738
6383,0,0,0.9955959916114807
6384,2,2,0.9871058464050293
6385,5,5,0.39097094535827637
6386,5,5,0.9801884889602661
6387,6,6,0.9938336610794067
6388,6,6,0.996507465839386
6389,3,3,0.9967886209487915
6390,5,5,0.8711344003677368
6391,2,6,0.8033733367919922
6392,5,2,0.49381697177886963
6393,9,9,0.7919512987136841
6394,9,9,0.9930103421211243
6395,8,8,0.9856067895889282
6396,4,4,0.9341648817062378
6397,1,1,0.995712399482727
6398,0,0,0.9975989460945129
6399,6,6,0.9730055928230286
6400,0,6,0.7099510431289673
6401,9,9,0.9633579850196838
6402,6,6,0.8227064609527588
6403,8,8,0.9226682186126709
6404,8,8,0.9833637475967407
6405,5,5,0.9545795321464539
6406,6,6,0.9899542331695557
6407,1,1,0.9962455630302429
6408,1,1,0.9764944911003113
6409,9,9,0.937400758266449
6410,8,8,0.995736837387085
6411,9,9,0.9439422488212585
6412,2,2,0.9999957084655762
6413,3,3,0.9999083280563354
6414,5,5,0.9949215054512024
6415,5,5,0.9862770438194275
6416,9,9,0.9605754017829895
6417,4,4,0.8594528436660767
6418,2,2,0.7958019971847534
6419,1,1,0.9912562370300293
6420,9,9,0.9521167278289795
6421,3,3,0.5221514105796814
6422,9,9,0.9803882837295532
6423,2,2,0.9998514652252197
6424,0,0,0.9649227261543274
6425,6,2,0.9129309058189392
6426,0,6,0.889569103717804
6427,4,4,0.9828305244445801
6428,0,6,0.42057105898857117
6429,0,0,0.9988780617713928
6430,1,1,0.958763599395752
6431,2,2,0.999889612197876
6432,3,8,0.527892529964447
6433,4,4,0.9990365505218506
6434,7,7,0.7899848818778992
6435,8,8,0.9832224249839783
6436,9,9,0.9910587668418884
6437,0,0,0.9987105131149292
6438,1,1,0.9750435948371887
6439,2,2,0.9998559951782227
6440,3,3,0.9960494637489319
6441,7,7,0.9080672264099121
6442,8,8,0.9903737306594849
6443,9,9,0.9347447752952576
6444,0,0,0.9627339243888855
6445,1,1,0.9291558861732483
6446,2,2,0.9857720732688904
6447,3,3,0.9973980188369751
6448,4,4,0.9980663657188416
6449,7,7,0.943479597568512
6450,8,8,0.9959251880645752
6451,9,9,0.8598594069480896
6452,7,7,0.941369354724884
6453,3,3,0.7023801803588867
6454,0,0,0.9927002787590027
6455,3,3,0.6699784398078918
6456,1,1,0.9788472056388855
6457,8,8,0.9954612851142883
6458,7,7,0.8479124307632446
6459,6,6,0.998805046081543
6460,4,4,0.9917510151863098
6461,0,0,0.9992608428001404
6462,2,2,0.9997170567512512
6463,6,6,0.9995073080062866
6464,8,8,0.9955582618713379
6465,3,3,0.9748207926750183
6466,2,2,0.9992673993110657
6467,8,8,0.9818217158317566
6468,1,1,0.9461380839347839
6469,2,2,0.9997602105140686
6470,0,0,0.9965628981590271
6471,7,7,0.956950843334198
6472,1,1,0.9582651257514954
6473,0,0,0.991982638835907
6474,4,4,0.7662315368652344
6475,4,4,0.9990144968032837
6476,5,5,0.99570232629776
6477,8,8,0.9946093559265137
6478,0,0,0.9989204406738281
6479,6,6,0.9996862411499023
6480,2,6,0.4311506152153015
6481,3,3,0.977410614490509
6482,1,1,0.995305061340332
6483,5,5,0.9955230951309204
6484,1,1,0.9807620644569397
6485,8,8,0.977112352848053
6486,5,5,0.9889699220657349
6487,9,9,0.9595937132835388
6488,4,4,0.9971553087234497
6489,0,0,0.999046266078949
6490,7,7,0.9688467979431152
6491,5,5,0.9926849603652954
6492,8,8,0.967549741268158
6493,8,8,0.9781544804573059
6494,3,3,0.5482913255691528
6495,8,8,0.7874365448951721
6496,9,9,0.965294361114502
6497,2,2,0.998957633972168
6498,6,6,0.9996880292892456
6499,2,2,0.9998190999031067
6500,5,5,0.959003210067749
6501,3,3,0.5925332903862
6502,1,1,0.9780097603797913
6503,7,7,0.9790077209472656
6504,3,3,0.8535025715827942
6505,9,0,0.7965899705886841
6506,1,1,0.9807029962539673
6507,9,9,0.8344966173171997
6508,9,9,0.9877983927726746
6509,6,6,0.9997759461402893
6510,0,0,0.9994444251060486
6511,3,3,0.5410592555999756
6512,9,9,0.9655075669288635
6513,2,2,0.9990711212158203
6514,8,8,0.992760419845581
6515,1,1,0.9514400362968445
6516,4,4,0.9998049139976501
6517,3,3,0.49755895137786865
6518,5,5,0.9406600594520569
6519,2,2,0.999895453453064
6520,9,9,0.9766702651977539
6521,2,2,0.9955790638923645
6522,5,5,0.9803109169006348
6523,8,8,0.7581932544708252
6524,9,9,0.9916296601295471
6525,5,5,0.979925811290741
6526,0,0,0.9997949004173279
6527,1,1,0.9244163632392883
6528,2,2,0.9841078519821167
6529,4,4,0.9654514789581299
6530,5,5,0.5463183522224426
6531,6,6,0.9484509825706482
6532,0,0,0.508087694644928
6533,1,1,0.992026150226593
6534,2,2,0.9996212720870972
6535,3,3,0.8800386786460876
6536,4,4,0.9928306937217712
6537,5,5,0.9177814722061157
6538,6,6,0.6768023371696472
6539,7,7,0.9953617453575134
6540,1,1,0.9651327729225159
6541,2,2,0.9980465173721313
6542,3,3,0.8056381940841675
6543,4,4,0.9941732287406921
6544,5,5,0.7319005727767944
6545,1,1,0.9832219481468201
6546,0,0,0.9934251308441162
6547,4,4,0.9961416125297546
6548,5,5,0.9861754775047302
6549,6,6,0.995219886302948
6550,6,6,0.9965307116508484
6551,3,3,0.9216105341911316
6552,4,4,0.9510592818260193
6553,4,4,0.9372451305389404
6554,2,2,0.9392651319503784
6555,8,7,0.5637475252151489
6556,1,1,0.8698142766952515
6557,0,0,0.9597297310829163
6558,6,6,0.5430798530578613
6559,4,4,0.9378551840782166
6560,9,3,0.8040164113044739
6561,7,7,0.7165911793708801
6562,2,2,0.9485093355178833
6563,3,3,0.8735905885696411
6564,3,3,0.45486748218536377
6565,9,9,0.9028395414352417
6566,2,2,0.9962762594223022
6567,0,0,0.9949818253517151
6568,9,4,0.6993600726127625
6569,3,3,0.44301754236221313
6570,3,3,0.8632628917694092
6571,9,7,0.6060150861740112
6572,1,1,0.24950139224529266
6573,5,5,0.5321639776229858
6574,2,6,0.7274799346923828
6575,3,3,0.6170827150344849
6576,7,7,0.6289447546005249
6577,7,7,0.34494054317474365
6578,8,8,0.4197075366973877
6579,4,4,0.986480176448822
6580,0,0,0.9329503178596497
6581,2,2,0.9970265030860901
6582,4,4,0.9905529022216797
6583,0,0,0.9992443323135376
6584,2,2,0.9938661456108093
6585,4,4,0.9973522424697876
6586,7,7,0.9896857142448425
6587,8,8,0.6096514463424683
6588,0,0,0.9927660226821899
6589,7,7,0.996272087097168
6590,0,0,0.8011445999145508
6591,6,6,0.9936530590057373
6592,9,9,0.9017173647880554
6593,3,3,0.947941780090332
6594,2,2,0.9983140230178833
6595,8,8,0.94528728723526
6596,6,6,0.8106606602668762
6597,0,7,0.9342066645622253
6598,5,2,0.43520447611808777
6599,7,7,0.763126790523529
6600,5,5,0.8579413294792175
6601,1,1,0.9893836379051208
6602,0,0,0.9937683343887329
6603,8,7,0.526369035243988
6604,1,1,0.9749569892883301
6605,6,6,0.7010324597358704
6606,7,7,0.9854924082756042
6607,2,2,0.9869195818901062
6608,9,9,0.3757283091545105
6609,7,7,0.9460977911949158
6610,9,9,0.7012665271759033
6611,5,5,0.9461886882781982
6612,8,8,0.6325095295906067
6613,6,6,0.594463586807251
6614,2,2,0.9177819490432739
6615,6,6,0.9207820296287537
6616,2,2,0.9999189376831055
6617,8,8,0.8378295302391052
6618,1,1,0.8881702423095703
6619,7,7,0.8828781247138977
6620,5,5,0.9781708121299744
6621,0,0,0.826346755027771
6622,1,1,0.9166408181190491
6623,1,1,0.9578811526298523
6624,3,3,0.6106506586074829
6625,8,4,0.4776606857776642
6626,4,4,0.990168571472168
6627,9,9,0.7671610116958618
6628,1,1,0.9847609996795654
6629,8,8,0.9920614957809448
6630,6,6,0.9900362491607666
6631,8,8,0.9437103271484375
6632,9,5,0.47091132402420044
6633,0,0,0.9916074275970459
6634,1,1,0.9822062253952026
6635,2,2,0.9977778792381287
6636,3,3,0.9282624125480652
6637,4,4,0.9893531799316406
6638,5,5,0.9816498160362244
6639,6,6,0.9977657794952393
6640,7,7,0.9958712458610535
6641,8,5,0.7417038083076477
6642,9,9,0.3985753059387207
6643,0,0,0.7417010068893433
6644,1,1,0.9433859586715698
6645,2,2,0.6218255162239075
6646,3,3,0.9906347393989563
6647,4,4,0.9916360378265381
6648,7,7,0.9883257150650024
6649,8,8,0.9019159078598022
6650,9,9,0.7949704527854919
6651,0,5,0.4746868312358856
6652,1,1,0.9630177617073059
6653,7,7,0.9931908249855042
6654,8,8,0.9223256707191467
6655,9,9,0.9870971441268921
6656,9,9,0.9732658863067627
6657,8,5,0.5791410803794861
6658,9,9,0.9469869136810303
6659,8,8,0.8819704651832581
6660,4,4,0.9987022876739502
6661,1,1,0.7905880212783813
6662,7,7,0.9493573307991028
6663,7,7,0.9944979548454285
6664,3,3,0.8157223463058472
6665,3,3,0.9928198456764221
6666,7,7,0.9919314980506897
6667,6,6,0.9839149713516235
6668,6,6,0.7833287715911865
6669,6,6,0.9317673444747925
6670,1,1,0.9491698145866394
6671,9,9,0.9088618755340576
6672,0,0,0.918796956539154
6673,1,1,0.9255461692810059
6674,7,7,0.9893608689308167
6675,6,6,0.9809955954551697
6676,3,3,0.9925432205200195
6677,2,2,0.9801279306411743
6678,1,1,0.9733031392097473
6679,7,7,0.9948169589042664
6680,1,1,0.9508540034294128
6681,3,3,0.8804910182952881
6682,9,9,0.9830559492111206
6683,1,1,0.9846115708351135
6684,7,7,0.9174765944480896
6685,6,6,0.9976734519004822
6686,8,8,0.8267914056777954
6687,4,4,0.9953836798667908
6688,1,1,0.5860379934310913
6689,4,4,0.9959349632263184
6690,3,3,0.9954662322998047
6691,6,6,0.8409469127655029
6692,9,9,0.8364819288253784
6693,6,6,0.9795600175857544
6694,1,1,0.558767557144165
6695,4,4,0.9899789094924927
6696,4,4,0.9955316781997681
6697,7,7,0.9334120750427246
6698,2,2,0.9952751398086548
6699,4,4,0.9912325739860535
6700,4,4,0.9530540108680725
6701,0,0,0.9980993866920471
6702,1,1,0.9849967956542969
6703,2,2,0.9996742010116577
6704,3,3,0.9963812828063965
6705,4,4,0.9976457953453064
6706,5,7,0.5953278541564941
6707,6,6,0.9991961121559143
6708,7,7,0.9972520470619202
6709,8,8,0.9891293048858643
6710,9,9,0.8538550734519958
6711,0,0,0.9997186064720154
6712,1,1,0.9707145094871521
6713,2,2,0.999882698059082
6714,3,3,0.9998089671134949
6715,4,4,0.9886293411254883
6716,5,5,0.7731021046638489
6717,6,6,0.9997925162315369
6718,9,9,0.7646507024765015
6719,0,0,0.999075174331665
6720,1,1,0.9789103865623474
6721,2,4,0.3653658628463745
6722,3,3,0.9991492033004761
6723,4,4,0.9779500365257263
6724,7,7,0.9941906929016113
6725,8,8,0.8671361804008484
6726,1,1,0.9855772852897644
6727,3,3,0.9999172687530518
6728,5,5,0.8833486437797546
6729,1,1,0.9926624298095703
6730,7,7,0.9783653020858765
6731,7,7,0.9889646768569946
6732,2,2,0.9864403605461121
6733,1,1,0.9447224140167236
6734,4,4,0.9914135932922363
6735,8,8,0.9857402443885803
6736,3,3,0.9999878406524658
6737,4,4,0.8769064545631409
6738,4,4,0.9967318773269653
6739,3,2,0.5015912652015686
6740,9,0,0.7822627425193787
6741,7,7,0.9824747443199158
6742,4,4,0.8788356781005859
6743,1,1,0.7754796743392944
6744,2,8,0.9592284560203552
6745,3,3,0.9994827508926392
6746,5,4,0.7968556880950928
6747,9,9,0.7077500820159912
6748,1,1,0.9836375117301941
6749,6,6,0.968288779258728
6750,0,0,0.9998695850372314
6751,1,1,0.9737070798873901
6752,0,0,0.9998432397842407
6753,0,0,0.9996737241744995
6754,2,2,0.99978107213974
6755,8,8,0.5672208666801453
6756,7,7,0.9990473389625549
6757,1,1,0.9955335855484009
6758,1,1,0.948611855506897
6759,4,4,0.7881960868835449
6760,0,0,0.997306227684021
6761,4,4,0.9016904234886169
6762,7,7,0.9521834850311279
6763,3,3,0.9998610019683838
6764,6,6,0.9879095554351807
6765,8,8,0.7158021330833435
6766,0,0,0.9993263483047485
6767,3,3,0.9998363256454468
6768,7,7,0.4009474813938141
6769,4,8,0.6218974590301514
6770,0,0,0.9996931552886963
6771,6,6,0.9900434017181396
6772,9,9,0.832812488079071
6773,2,2,0.9999322891235352
6774,6,6,0.9968631267547607
6775,5,1,0.4475804269313812
6776,8,8,0.9010703563690186
6777,6,6,0.9988846182823181
6778,9,9,0.962439239025116
6779,0,0,0.9997430443763733
6780,4,4,0.9081078171730042
6781,0,0,0.9999603033065796
6782,6,6,0.9708399772644043
6783,1,1,0.538022518157959
6784,9,4,0.43737998604774475
6785,2,4,0.541619598865509
6786,0,0,0.9998674392700195
6787,9,9,0.6463085412979126
6788,5,5,0.9504062533378601
6789,1,1,0.9929100871086121
6790,3,3,0.9925663471221924
6791,7,7,0.981530487537384
6792,6,6,0.9968894124031067
6793,9,9,0.72911536693573
6794,3,3,0.9999027252197266
6795,0,0,0.9983910918235779
6796,2,7,0.901449978351593
6797,2,2,0.9999337196350098
6798,0,0,0.9997479319572449
6799,1,1,0.9958242177963257
6800,2,2,0.9615045785903931
6801,3,3,0.9792245030403137
6802,4,4,0.873923659324646
6803,5,5,0.7686010599136353
6804,6,6,0.9873034358024597
6805,7,7,0.9865363240242004
6806,8,8,0.4735596477985382
6807,9,9,0.6927199959754944
6808,0,0,0.9918633699417114
6809,1,1,0.9642207622528076
6810,2,2,0.9517143368721008
6811,3,3,0.9813856482505798
6812,4,4,0.9949106574058533
6813,5,5,0.7776836156845093
6814,6,6,0.8884407877922058
6815,7,7,0.9981728792190552
6816,8,8,0.8875238299369812
6817,9,9,0.5628893971443176
6818,0,0,0.9813612103462219
6819,1,1,0.9954200983047485
6820,2,2,0.9910675883293152
6821,3,3,0.9956600069999695
6822,4,4,0.9903435707092285
6823,5,5,0.9893998503684998
6824,6,6,0.9959695339202881
6825,7,7,0.9957965612411499
6826,8,8,0.8482879996299744
6827,9,9,0.7210333943367004
6828,2,2,0.9994704127311707
6829,1,1,0.9960861206054688
6830,7,7,0.9861946105957031
6831,2,2,0.958508312702179
6832,5,5,0.9153056740760803
6833,0,0,0.999294638633728
6834,8,8,0.8803344368934631
6835,0,0,0.9930177927017212
6836,2,2,0.88295978307724
6837,7,7,0.944895327091217
6838,8,8,0.9861240386962891
6839,8,8,0.9902709722518921
6840,3,3,0.9920790791511536
6841,0,0,0.9992502331733704
6842,6,6,0.9925851225852966
6843,0,0,0.9877102971076965
6844,2,2,0.998145580291748
6845,7,7,0.9786575436592102
6846,6,6,0.92243891954422
6847,6,4,0.8409587144851685
6848,1,1,0.9928408861160278
6849,2,2,0.9946231842041016
6850,8,8,0.9700189828872681
6851,8,8,0.9454324841499329
6852,7,7,0.9551882147789001
6853,7,7,0.9719332456588745
6854,4,4,0.6455803513526917
6855,7,7,0.9974111914634705
6856,7,7,0.9815539121627808
6857,3,3,0.9887781739234924
6858,7,7,0.9997645020484924
6859,4,4,0.991431474685669
6860,5,5,0.9808012843132019
6861,4,4,0.9973662495613098
6862,3,3,0.9949179887771606
6863,3,3,0.9966073036193848
6864,8,8,0.8942945599555969
6865,4,4,0.9902100563049316
6866,5,5,0.8645279407501221
6867,4,4,0.856671154499054
6868,1,1,0.9940024018287659
6869,1,1,0.9922083020210266
6870,9,9,0.858924925327301
6871,7,7,0.9795433878898621
6872,4,2,0.42190060019493103
6873,3,3,0.9971480965614319
6874,7,7,0.9949455857276917
6875,3,3,0.9973267316818237
6876,3,3,0.9976440072059631
6877,0,0,0.9979426264762878
6878,2,2,0.9315201044082642
6879,5,5,0.9606254696846008
6880,5,5,0.8314996361732483
6881,6,6,0.9962185025215149
6882,3,3,0.9933339953422546
6883,1,1,0.9449018239974976
6884,5,5,0.9048470258712769
6885,2,2,0.55994713306427
6886,5,5,0.9030585289001465
6887,9,9,0.9804023504257202
6888,9,9,0.9890232086181641
6889,8,8,0.9542049169540405
6890,4,4,0.9956192374229431
6891,1,1,0.9918854236602783
6892,0,0,0.9917017817497253
6893,6,6,0.9946350455284119
6894,0,0,0.9027954936027527
6895,9,9,0.733309268951416
6896,6,6,0.9889776110649109
6897,8,8,0.9438228607177734
6898,8,8,0.8163923621177673
6899,5,5,0.5716012120246887
6900,6,6,0.980881929397583
6901,1,1,0.9964854717254639
6902,1,1,0.970186710357666
6903,9,9,0.944705069065094
6904,8,8,0.9172797799110413
6905,9,9,0.7660218477249146
6906,2,2,0.5616075396537781
6907,3,3,0.9973933696746826
6908,5,5,0.9966220855712891
6909,5,5,0.653408944606781
6910,9,9,0.6311699748039246
6911,4,4,0.9919484853744507
6912,2,2,0.8964921832084656
6913,1,1,0.9878936409950256
6914,9,9,0.3975902497768402
6915,4,4,0.9689635634422302
6916,9,9,0.9413481950759888
6917,1,1,0.9948239326477051
6918,3,3,0.9944012761116028
6919,9,7,0.6069533228874207
6920,2,2,0.9874699115753174
6921,0,0,0.997581958770752
6922,6,6,0.9439095258712769
6923,0,0,0.993830144405365
6924,4,4,0.9546934962272644
6925,0,0,0.9971754550933838
6926,6,4,0.8718361854553223
6927,0,0,0.9984560012817383
6928,1,1,0.9907082319259644
6929,2,2,0.9998542070388794
6930,3,3,0.9768720269203186
6931,4,4,0.9550013542175293
6932,5,5,0.9946603178977966
6933,6,6,0.9929203391075134
6934,7,7,0.9866337776184082
6935,8,8,0.9973958730697632
6936,9,9,0.9425478577613831
6937,0,0,0.9933170080184937
6938,1,1,0.9923046231269836
6939,2,2,0.9985588192939758
6940,3,3,0.8776374459266663
6941,4,4,0.9959065914154053
6942,5,5,0.9311633706092834
6943,6,6,0.9954202175140381
6944,7,7,0.9784380197525024
6945,8,8,0.7087068557739258
6946,9,9,0.9336411356925964
6947,0,0,0.9995684027671814
6948,1,1,0.9888671040534973
6949,2,2,0.9999798536300659
6950,3,3,0.9751298427581787
6951,4,4,0.9942445158958435
6952,5,5,0.9910048246383667
6953,6,6,0.999194324016571
6954,7,7,0.9509055018424988
6955,8,8,0.9989755153656006
6956,9,9,0.9139636754989624
6957,3,3,0.9947155117988586
6958,8,8,0.9884092807769775
6959,0,0,0.9991573095321655
6960,7,7,0.9989251494407654
6961,1,1,0.9862275719642639
6962,0,0,0.9729147553443909
6963,7,7,0.996131181716919
6964,5,5,0.8373567461967468
6965,5,5,0.9917371869087219
6966,6,6,0.9946820139884949
6967,9,9,0.8727204203605652
6968,0,0,0.993363618850708
6969,1,1,0.9657815098762512
6970,0,0,0.9976769089698792
6971,0,0,0.9775277972221375
6972,8,8,0.9942610263824463
6973,3,3,0.9977980852127075
6974,4,4,0.9943575263023376
6975,3,3,0.999197781085968
6976,1,1,0.9818649291992188
6977,5,5,0.9856093525886536
6978,0,0,0.9982654452323914
6979,0,0,0.9993498921394348
6980,9,9,0.9168370366096497
6981,5,6,0.548535943031311
6982,3,3,0.9962373971939087
6983,4,4,0.9896847009658813
6984,9,9,0.9659308195114136
6985,3,3,0.9999637603759766
6986,7,7,0.9956973791122437
6987,6,6,0.9992350339889526
6988,9,9,0.8932785987854004
6989,2,2,0.9996731281280518
6990,4,4,0.8298521041870117
6991,5,5,0.9829636812210083
6992,7,7,0.998747706413269
6993,2,2,0.9999622106552124
6994,6,6,0.998332679271698
6995,4,4,0.999671220779419
6996,9,9,0.9205759763717651
6997,4,4,0.7401018738746643
6998,9,9,0.9535266757011414
6999,4,4,0.9805423021316528
7000,1,1,0.9743036031723022
7001,2,2,0.9930709004402161
7002,2,2,0.8616032600402832
7003,5,5,0.7552696466445923
7004,8,8,0.9590466022491455
7005,1,1,0.986448347568512
7006,3,3,0.9874172210693359
7007,2,2,0.9998831748962402
7008,9,9,0.9752791523933411
7009,4,4,0.9814271330833435
7010,3,3,0.8725910782814026
7011,8,8,0.959321916103363
7012,2,2,0.9996148347854614
7013,2,2,0.9998941421508789
7014,1,1,0.9915760159492493
7015,2,2,0.9971238970756531
7016,8,8,0.9196858406066895
7017,6,6,0.9476783275604248
7018,5,5,0.9633391499519348
7019,1,1,0.9961187839508057
7020,6,6,0.9978387951850891
7021,7,7,0.9848614931106567
7022,2,2,0.9999873638153076
7023,1,1,0.943530797958374
7024,3,3,0.9997245669364929
7025,9,9,0.9349672198295593
7026,3,3,0.9981459379196167
7027,8,8,0.9402438402175903
7028,7,7,0.9970916509628296
7029,5,5,0.957991361618042
7030,7,7,0.8483190536499023
7031,0,0,0.9765268564224243
7032,7,7,0.8647639155387878
7033,4,4,0.9152344465255737
7034,8,8,0.9971041083335876
7035,8,8,0.4392144978046417
7036,5,5,0.9965718984603882
7037,0,0,0.9691523909568787
7038,6,6,0.9950760006904602
7039,6,6,0.9971779584884644
7040,3,3,0.9605274796485901
7041,7,7,0.9997647404670715
7042,6,6,0.9987707734107971
7043,9,9,0.6060664057731628
7044,9,9,0.7848547697067261
7045,4,4,0.9865224957466125
7046,8,8,0.9804556369781494
7047,4,4,0.9262255430221558
7048,1,1,0.9878023266792297
7049,0,0,0.5589461326599121
7050,6,6,0.9992239475250244
7051,6,6,0.9959896206855774
7052,0,0,0.9973118305206299
7053,1,1,0.8540162444114685
7054,2,2,0.9518274664878845
7055,3,3,0.9935681223869324
7056,4,4,0.995001494884491
7057,5,5,0.9916127920150757
7058,6,6,0.9708371758460999
7059,7,7,0.9985032081604004
7060,8,8,0.9687998294830322
7061,9,9,0.5093587636947632
7062,0,0,0.9989487528800964
7063,1,1,0.9796181321144104
7064,2,2,0.9793063402175903
7065,3,3,0.9821940660476685
7066,4,4,0.9997531771659851
7067,5,5,0.9986552000045776
7068,6,6,0.9997169375419617
7069,7,7,0.9999228715896606
7070,8,8,0.8225162625312805
7071,9,9,0.8048788905143738
7072,0,0,0.9986754059791565
7073,1,1,0.9933279752731323
7074,2,2,0.9988704323768616
7075,3,3,0.9875011444091797
7076,4,4,0.999733030796051
7077,5,5,0.9785225987434387
7078,6,6,0.9961146116256714
7079,7,7,0.9995850920677185
7080,8,8,0.9553813934326172
7081,9,9,0.6204257011413574
7082,7,7,0.9975106716156006
7083,4,4,0.9902170896530151
7084,0,0,0.9694117903709412
7085,4,4,0.9838317632675171
7086,0,0,0.9889877438545227
7087,1,1,0.9668520092964172
7088,7,7,0.9994363188743591
7089,9,9,0.8598474264144897
7090,5,5,0.906932532787323
7091,1,1,0.9853816032409668
7092,4,4,0.9969148635864258
7093,2,2,0.9969725608825684
7094,8,8,0.5052897930145264
7095,9,9,0.8143603801727295
7096,4,4,0.9965343475341797
7097,3,3,0.9607997536659241
7098,7,7,0.9990234375
7099,8,8,0.9709396362304688
7100,2,2,0.9992902278900146
7101,4,4,0.98097163438797
7102,4,4,0.9434303641319275
7103,3,3,0.9556390047073364
7104,3,3,0.9305142164230347
7105,6,6,0.986467719078064
7106,9,9,0.8568799495697021
7107,9,9,0.382839560508728
7108,5,5,0.9886162877082825
7109,8,8,0.9960642457008362
7110,6,6,0.998695433139801
7111,7,7,0.9989045858383179
7112,0,0,0.9994450211524963
7113,6,6,0.9978060126304626
7114,8,8,0.9988188147544861
7115,2,2,0.993878185749054
7116,6,6,0.997328519821167
7117,3,3,0.9684759974479675
7118,9,9,0.8871070146560669
7119,3,3,0.9774726629257202
7120,2,2,0.9996343851089478
7121,8,7,0.39674898982048035
7122,6,6,0.8650707006454468
7123,1,1,0.9750965237617493
7124,7,7,0.9961119294166565
7125,4,4,0.9768310785293579
7126,8,8,0.9605072140693665
7127,8,8,0.933891773223877
7128,9,9,0.9769319891929626
7129,0,0,0.9983519315719604
7130,3,9,0.5417089462280273
7131,3,3,0.9968256950378418
7132,9,9,0.8361940979957581
7133,0,0,0.9941845536231995
7134,5,5,0.9864965081214905
7135,2,2,0.9744778275489807
7136,9,9,0.915020227432251
7137,4,4,0.9934850335121155
7138,1,1,0.9665661454200745
7139,0,0,0.9966894388198853
7140,3,3,0.963424801826477
7141,7,7,0.9989681243896484
7142,5,5,0.9976352453231812
7143,8,8,0.8200627565383911
7144,7,7,0.99936443567276
7145,7,7,0.9986308217048645
7146,8,8,0.9698728919029236
7147,2,2,0.9998230338096619
7148,9,9,0.9669244289398193
7149,7,7,0.999291181564331
7150,1,1,0.9833893179893494
7151,2,2,0.9997246861457825
7152,6,6,0.9997850060462952
7153,4,4,0.5690138339996338
7154,2,2,0.9911425113677979
7155,5,5,0.9867761731147766
7156,2,2,0.9999269247055054
7157,3,3,0.9782349467277527
7158,6,6,0.996967613697052
7159,6,6,0.9700149893760681
7160,5,5,0.9847772121429443
7161,0,0,0.9825059175491333
7162,0,0,0.97755366563797
7163,2,2,0.9999487400054932
7164,8,8,0.9800260066986084
7165,1,1,0.9800540804862976
7166,6,6,0.9994857311248779
7167,1,1,0.9845967888832092
7168,0,0,0.9972570538520813
7169,4,4,0.9874788522720337
7170,3,3,0.9491835236549377
7171,1,1,0.9790869951248169
7172,6,6,0.9989973902702332
7173,1,1,0.9863768219947815
7174,9,9,0.8821079730987549
7175,0,0,0.9908713698387146
7176,1,1,0.9866582751274109
7177,4,4,0.9680033922195435
7178,5,5,0.881479799747467
7179,6,6,0.9307389855384827
7180,7,7,0.9802370667457581
7181,8,8,0.8744544982910156
7182,9,9,0.6049290299415588
7183,1,1,0.9752265214920044
7184,2,2,0.9991940855979919
7185,3,3,0.9943113327026367
7186,4,4,0.8999839425086975
7187,5,5,0.9943041205406189
7188,6,6,0.9975500702857971
7189,7,7,0.9388852119445801
7190,0,0,0.9933085441589355
7191,1,1,0.949884295463562
7192,2,2,0.9928109049797058
7193,3,3,0.9908348321914673
7194,4,4,0.9665731191635132
7195,5,5,0.6605555415153503
7196,6,6,0.9948424696922302
7197,7,7,0.975609302520752
7198,8,9,0.44437211751937866
7199,9,9,0.919726550579071
7200,8,8,0.5881954431533813
7201,4,4,0.9774003624916077
7202,0,0,0.994244396686554
7203,0,0,0.9993540644645691
7204,7,7,0.9473799467086792
7205,2,2,0.9904453754425049
7206,4,4,0.9973272085189819
7207,3,3,0.9982864260673523
7208,8,8,0.6686043739318848
7209,6,6,0.9894893765449524
7210,6,6,0.6738356351852417
7211,3,3,0.9768358469009399
7212,2,2,0.8437913060188293
7213,6,6,0.8597097992897034
7214,3,3,0.9983116388320923
7215,3,3,0.9973340034484863
7216,0,6,0.28145790100097656
7217,1,1,0.9471633434295654
7218,4,4,0.9961827397346497
7219,7,7,0.9671069383621216
7220,8,3,0.9027462601661682
7221,0,0,0.995212197303772
7222,3,3,0.999825656414032
7223,1,1,0.9663151502609253
7224,9,9,0.9148193597793579
7225,0,0,0.9836068153381348
7226,1,1,0.9124994874000549
7227,9,9,0.9169051051139832
7228,1,1,0.9323021769523621
7229,2,2,0.998461127281189
7230,7,7,0.9828330874443054
7231,0,0,0.9924924969673157
7232,1,1,0.9765992760658264
7233,3,3,0.38678282499313354
7234,8,8,0.9826902151107788
7235,2,2,0.9110047221183777
7236,9,9,0.8949950933456421
7237,2,2,0.9975353479385376
7238,7,7,0.9648497104644775
7239,6,6,0.9984365105628967
7240,5,5,0.9193105101585388
7241,5,8,0.39397701621055603
7242,9,9,0.9621151685714722
7243,9,9,0.7486472129821777
7244,8,8,0.9875507950782776
7245,2,2,0.999297022819519
7246,9,9,0.9381580948829651
7247,1,1,0.9263944029808044
7248,3,3,0.8507928252220154
7249,2,2,0.8578461408615112
7250,3,3,0.9996769428253174
7251,4,4,0.9997075200080872
7252,3,3,0.984784722328186
7253,1,1,0.9669756889343262
7254,9,9,0.9896094799041748
7255,0,0,0.9940997362136841
7256,9,9,0.9638014435768127
7257,3,3,0.9987083673477173
7258,6,6,0.9732761979103088
7259,8,8,0.861027717590332
7260,7,7,0.9821141362190247
7261,0,0,0.9957133531570435
7262,1,1,0.6242743730545044
7263,0,0,0.9897153973579407
7264,5,5,0.9897140264511108
7265,8,3,0.48193877935409546
7266,2,2,0.9999315738677979
7267,7,7,0.9908333420753479
7268,7,7,0.8561623096466064
7269,0,0,0.9975511431694031
7270,1,1,0.9939821362495422
7271,2,2,0.9986573457717896
7272,3,3,0.9104483723640442
7273,4,4,0.9542495012283325
7274,5,5,0.9185832738876343
7275,6,6,0.9937322735786438
7276,7,7,0.9532275199890137
7277,8,8,0.9268954992294312
7278,9,9,0.9477733969688416
7279,0,0,0.9972378015518188
7280,1,1,0.9907727241516113
7281,2,2,0.9987930059432983
7282,3,3,0.9659016132354736
7283,4,4,0.9787966012954712
7284,5,5,0.834245502948761
7285,6,6,0.9941390752792358
7286,7,7,0.9628692269325256
7287,8,8,0.9848787188529968
7288,9,9,0.9636111259460449
7289,0,0,0.9999672174453735
7290,1,1,0.9939476251602173
7291,2,2,0.9997254014015198
7292,3,3,0.9875158071517944
7293,4,4,0.956166684627533
7294,5,5,0.6580783724784851
7295,6,6,0.988771378993988
7296,7,7,0.984876275062561
7297,8,8,0.9919735193252563
7298,9,9,0.978719174861908
7299,1,1,0.9902751445770264
7300,7,7,0.9584025144577026
7301,4,4,0.9373879432678223
7302,8,8,0.9767550826072693
7303,1,1,0.9931871891021729
7304,5,5,0.5445681810379028
7305,6,6,0.9684550762176514
7306,5,5,0.9397398829460144
7307,7,7,0.9654538035392761
7308,2,2,0.9999938011169434
7309,8,8,0.890862226486206
7310,6,6,0.9980877041816711
7311,3,3,0.9673500061035156
7312,3,3,0.9725080132484436
7313,8,8,0.9738484621047974
7314,6,6,0.9901427030563354
7315,5,5,0.9086763858795166
7316,4,4,0.9938812255859375
7317,0,0,0.9999803304672241
7318,9,9,0.9946122169494629
7319,1,1,0.9832562208175659
7320,7,7,0.7919775247573853
7321,2,2,0.9998615980148315
7322,9,9,0.9672983884811401
7323,1,1,0.9960783123970032
7324,5,5,0.9028018116950989
7325,1,1,0.962986946105957
7326,3,3,0.9993909597396851
7327,2,2,0.9999034404754639
7328,2,2,0.9998947381973267
7329,3,3,0.9992449283599854
7330,0,0,0.9999887943267822
7331,6,6,0.9987988471984863
7332,4,4,0.9201491475105286
7333,3,3,0.8553580641746521
7334,7,7,0.9850085973739624
7335,6,6,0.984980583190918
7336,9,9,0.9794472455978394
7337,0,0,0.9924600720405579
7338,4,9,0.5039355158805847
7339,8,8,0.9191826581954956
7340,1,1,0.9862416982650757
7341,4,4,0.9767577052116394
7342,0,0,0.9998986721038818
7343,6,6,0.9949278831481934
7344,1,1,0.9694734215736389
7345,2,2,0.9847500324249268
7346,6,6,0.9981889128684998
7347,9,9,0.98641437292099
7348,2,2,0.9978439807891846
7349,2,2,0.9903774857521057
7350,3,3,0.8671094179153442
7351,5,5,0.7961783409118652
7352,5,5,0.8191627264022827
7353,1,1,0.9917435050010681
7354,0,0,0.9862877130508423
7355,7,7,0.9945593476295471
7356,7,7,0.8842623829841614
7357,9,9,0.9509274959564209
7358,6,6,0.9997887015342712
7359,2,2,0.999721348285675
7360,9,9,0.9714890718460083
7361,4,4,0.9223654866218567
7362,7,7,0.9990096092224121
7363,0,0,0.9808128476142883
7364,2,2,0.999810516834259
7365,3,3,0.8148722648620605
7366,4,4,0.953198254108429
7367,0,0,0.9992228746414185
7368,0,0,0.999906063079834
7369,8,8,0.9938632249832153
7370,8,8,0.8219022154808044
7371,8,8,0.9994500279426575
7372,5,5,0.748692512512207
7373,1,1,0.9928625226020813
7374,3,3,0.9981092214584351
7375,7,7,0.9818810224533081
7376,4,4,0.9837035536766052
7377,9,9,0.9390340447425842
7378,8,8,0.9859241247177124
7379,8,8,0.98489910364151
7380,9,9,0.9599581956863403
7381,0,0,0.9628078937530518
7382,9,9,0.9645686745643616
7383,8,8,0.9901020526885986
7384,9,9,0.8404038548469543
7385,0,0,0.9991719722747803
7386,2,2,0.9998094439506531
7387,6,6,0.9966292977333069
7388,5,5,0.9860251545906067
7389,6,6,0.9741413593292236
7390,7,7,0.936446487903595
7391,4,4,0.7821577191352844
7392,7,7,0.9253271818161011
7393,5,5,0.9788651466369629
7394,4,8,0.38284391164779663
7395,1,1,0.9676761031150818
7396,3,3,0.9971956014633179
7397,5,5,0.9805964231491089
7398,3,3,0.9879163503646851
7399,1,1,0.9815443754196167
7400,2,2,0.9528567790985107
7401,3,3,0.9890429377555847
7402,4,4,0.7634658217430115
7403,5,5,0.7546254992485046
7404,6,6,0.7636226415634155
7405,1,1,0.9969629645347595
7406,2,2,0.9831183552742004
7407,3,3,0.994201123714447
7408,4,4,0.9425973892211914
7409,6,6,0.999504804611206
7410,0,0,0.8714301586151123
7411,1,1,0.9909013509750366
7412,2,2,0.9394744634628296
7413,4,4,0.9625295996665955
7414,5,5,0.9707678556442261
7415,6,6,0.9981491565704346
7416,7,7,0.9760103821754456
7417,8,8,0.9174144864082336
7418,1,1,0.9757004380226135
7419,7,7,0.8348056674003601
7420,2,2,0.9322502613067627
7421,4,4,0.9824584126472473
7422,1,1,0.9768059253692627
7423,4,4,0.8532057404518127
7424,1,1,0.9677753448486328
7425,4,4,0.8641763925552368
7426,9,9,0.6066470146179199
7427,6,6,0.9890332221984863
7428,8,8,0.9662460684776306
7429,4,4,0.89528888463974
7430,5,5,0.8162544965744019
7431,3,3,0.9938805103302002
7432,7,2,0.6513617038726807
7433,8,8,0.5336853265762329
7434,4,8,0.7415586113929749
7435,3,3,0.9938587546348572
7436,3,3,0.6049845814704895
7437,5,5,0.9180155992507935
7438,6,6,0.9648614525794983
7439,7,7,0.9808961153030396
7440,0,0,0.9592807292938232
7441,6,6,0.9192478060722351
7442,1,1,0.9800040125846863
7443,6,6,0.8351231217384338
7444,8,8,0.675856351852417
7445,7,7,0.9074621200561523
7446,0,0,0.8821378946304321
7447,1,1,0.7879334092140198
7448,5,5,0.664749264717102
7449,0,0,0.9516997337341309
7450,8,8,0.980850338935852
7451,5,6,0.5032482147216797
7452,0,0,0.9879730939865112
7453,1,1,0.9630911946296692
7454,5,5,0.6020375490188599
7455,8,8,0.9241398572921753
7456,4,4,0.9603670239448547
7457,2,2,0.9725649356842041
7458,3,3,0.995788037776947
7459,9,5,0.5916168689727783
7460,7,7,0.974992036819458
7461,6,6,0.9803907871246338
7462,9,9,0.9459203481674194
7463,1,1,0.9842157959938049
7464,9,9,0.9709808230400085
7465,0,0,0.8304405212402344
7466,6,6,0.9980283379554749
7467,7,7,0.9925671815872192
7468,1,1,0.9664753675460815
7469,2,2,0.9868306517601013
7470,3,3,0.9995988011360168
7471,9,9,0.9678009152412415
7472,2,2,0.5979329943656921
7473,4,8,0.48326435685157776
7474,5,5,0.9817968606948853
7475,5,5,0.9675329327583313
7476,3,3,0.8108810186386108
7477,7,7,0.9917277097702026
7478,5,5,0.9526006579399109
7479,3,3,0.994885265827179
7480,1,1,0.9914498925209045
7481,8,8,0.7303019165992737
7482,2,2,0.9866256713867188
7483,2,2,0.9593206644058228
7484,3,3,0.9828017354011536
7485,0,0,0.9957861304283142
7486,2,2,0.9828757047653198
7487,9,9,0.6670870780944824
7488,4,4,0.9937750101089478
7489,9,9,0.9683239459991455
7490,7,7,0.9091157913208008
7491,0,0,0.8253442049026489
7492,2,7,0.3682643175125122
7493,7,7,0.9342405200004578
7494,4,4,0.5426032543182373
7495,9,9,0.7212193608283997
7496,9,9,0.9582586884498596
7497,2,2,0.999742329120636
7498,5,3,0.8970539569854736
7499,9,9,0.8474034070968628
7500,8,8,0.9592825174331665
7501,3,3,0.9957398176193237
7502,8,8,0.9331701397895813
7503,6,6,0.9244277477264404
7504,7,7,0.9475435614585876
7505,0,0,0.8307548761367798
7506,0,0,0.9998900890350342
7507,1,1,0.9919853210449219
7508,2,2,0.9979674220085144
7509,3,3,0.9980217218399048
7510,4,4,0.9962254762649536
7511,5,5,0.427484929561615
7512,6,6,0.9984059929847717
7513,7,7,0.980472981929779
7514,8,8,0.8224812746047974
7515,9,9,0.978446900844574
7516,0,0,0.9977165460586548
7517,1,1,0.9928830862045288
7518,2,2,0.9436110854148865
7519,3,3,0.9927547574043274
7520,4,4,0.9990538954734802
7521,5,5,0.8487134575843811
7522,6,6,0.9840096235275269
7523,7,7,0.984036386013031
7524,8,8,0.8830940127372742
7525,9,9,0.791633129119873
7526,0,0,0.9968568086624146
7527,1,1,0.9769748449325562
7528,2,2,0.9852191209793091
7529,3,3,0.9875373244285583
7530,4,4,0.9892656803131104
7531,5,5,0.8804696798324585
7532,6,6,0.9964871406555176
7533,7,7,0.9937680959701538
7534,8,8,0.9747101664543152
7535,9,9,0.9347241520881653
7536,0,0,0.9965648055076599
7537,0,0,0.9994382262229919
7538,7,7,0.9884617328643799
7539,2,8,0.5064623951911926
7540,6,6,0.9984666109085083
7541,5,5,0.49834007024765015
7542,5,8,0.3151407837867737
7543,3,3,0.9933069348335266
7544,7,7,0.9971119165420532
7545,8,9,0.5688216686248779
7546,6,6,0.9947080612182617
7547,6,6,0.9976494908332825
7548,6,6,0.9624893665313721
7549,6,6,0.9817202091217041
7550,4,4,0.9997113347053528
7551,3,3,0.9871290922164917
7552,8,8,0.6940748691558838
7553,8,8,0.8545753955841064
7554,3,3,0.999398946762085
7555,0,0,0.9964008331298828
7556,1,1,0.9845312833786011
7557,9,9,0.9837750792503357
7558,0,0,0.9523522257804871
7559,5,5,0.9153931736946106
7560,4,4,0.9970589876174927
7561,1,1,0.9762750267982483
7562,9,9,0.9546553492546082
7563,1,1,0.981829047203064
7564,2,2,0.9963545799255371
7565,7,7,0.7219642996788025
7566,0,0,0.9991940855979919
7567,1,1,0.9261388182640076
7568,3,3,0.9897504448890686
7569,8,8,0.9301071166992188
7570,2,2,0.9882474541664124
7571,9,9,0.9412462711334229
7572,2,2,0.9931663870811462
7573,7,7,0.9967148303985596
7574,4,4,0.8443523645401001
7575,2,2,0.9920856356620789
7576,6,6,0.9987730383872986
7577,5,5,0.9643222093582153
7578,5,5,0.9679108262062073
7579,9,9,0.7518146634101868
7580,9,9,0.6832106709480286
7581,1,1,0.9859793782234192
7582,1,1,0.9574843049049377
7583,5,5,0.8711555600166321
7584,7,7,0.8855554461479187
7585,6,6,0.9974752068519592
7586,8,8,0.9618254899978638
7587,2,2,0.9028492569923401
7588,9,9,0.8740675449371338
7589,4,4,0.9976407289505005
7590,3,3,0.9984075427055359
7591,1,1,0.9844045042991638
7592,9,9,0.958972692489624
7593,0,0,0.9941007494926453
7594,9,9,0.8866885900497437
7595,3,3,0.8083382844924927
7596,6,6,0.9949721097946167
7597,8,8,0.763261079788208
7598,7,7,0.9931720495223999
7599,0,0,0.9959548711776733
7600,1,1,0.9864041805267334
7601,0,0,0.996905505657196
7602,5,5,0.9955750703811646
7603,8,8,0.5585764050483704
7604,2,2,0.9826580882072449
7605,7,7,0.9965336322784424
7606,7,7,0.9767910242080688
7607,0,0,0.9968233108520508
7608,1,1,0.9781650900840759
7609,2,2,0.993782103061676
7610,3,3,0.7812636494636536
7611,4,4,0.9960960745811462
7612,5,5,0.9102160930633545
7613,6,6,0.996098518371582
7614,7,7,0.9988577365875244
7615,8,8,0.9766973257064819
7616,9,9,0.9552243947982788
7617,0,0,0.9983358979225159
7618,1,1,0.996260404586792
7619,2,2,0.7468961477279663
7620,3,3,0.7423046827316284
7621,4,4,0.9901949763298035
7622,5,5,0.9514204859733582
7623,8,8,0.8967763185501099
7624,9,9,0.9826777577400208
7625,0,0,0.9991492033004761
7626,1,1,0.9975634813308716
7627,2,2,0.9957157969474792
7628,3,3,0.9826400876045227
7629,4,4,0.9890832304954529
7630,5,5,0.9574308395385742
7631,6,6,0.9763408303260803
7632,7,7,0.9976373910903931
7633,8,8,0.9693356156349182
7634,9,9,0.8129405975341797
7635,2,2,0.8004048466682434
7636,1,1,0.9889709949493408
7637,2,3,0.6532966494560242
7638,1,1,0.9927636981010437
7639,3,3,0.9459195137023926
7640,9,9,0.9681063890457153
7641,9,9,0.44215962290763855
7642,8,8,0.9006028175354004
7643,5,5,0.5814325213432312
7644,3,3,0.9706294536590576
7645,7,7,0.9979215264320374
7646,0,0,0.9975448250770569
7647,7,7,0.9991574287414551
7648,7,7,0.9932450652122498
7649,5,5,0.9065961241722107
7650,7,7,0.9927613735198975
7651,9,9,0.5273953080177307
7652,9,9,0.9464325308799744
7653,4,4,0.8978620171546936
7654,7,7,0.9890978336334229
7655,0,0,0.99996018409729
7656,3,3,0.8650742173194885
7657,4,4,0.9933714866638184
7658,1,1,0.9962965846061707
7659,5,5,0.8406575918197632
7660,8,8,0.9643903970718384
7661,1,1,0.9835821390151978
7662,4,4,0.9831876158714294
7663,8,8,0.9885342717170715
7664,4,4,0.9699641466140747
7665,1,1,0.9876065850257874
7666,8,8,0.9972679615020752
7667,6,6,0.9989011287689209
7668,6,6,0.758150041103363
7669,4,4,0.9904670119285583
7670,6,6,0.9914126396179199
7671,0,0,0.8312394022941589
7672,5,5,0.542603611946106
7673,5,5,0.6330253481864929
7674,3,3,0.9756077527999878
7675,3,3,0.9361957907676697
7676,5,5,0.8650097846984863
7677,7,7,0.9876513481140137
7678,2,2,0.6490605473518372
7679,5,5,0.9094720482826233
7680,9,9,0.8846880793571472
7681,6,6,0.9952318072319031
7682,9,9,0.9135012626647949
7683,2,2,0.9832448959350586
7684,6,6,0.9896677732467651
7685,2,2,0.9902380108833313
7686,1,1,0.993051290512085
7687,2,2,0.9938424825668335
7688,0,0,0.9986635446548462
7689,8,8,0.604155421257019
7690,3,3,0.9160913228988647
7691,8,3,0.43175214529037476
7692,3,3,0.5442095994949341
7693,0,0,0.9993268251419067
7694,8,8,0.9307005405426025
7695,7,7,0.996278703212738
7696,4,4,0.9830752015113831
7697,9,9,0.6830641627311707
7698,5,5,0.9041659235954285
7699,0,0,0.9978482723236084
7700,9,9,0.9034923911094666
7701,7,7,0.9889471530914307
7702,0,0,0.9966965913772583
7703,0,0,0.9975124597549438
7704,4,4,0.9599263072013855
7705,6,6,0.9990377426147461
7706,0,0,0.99543696641922
7707,9,9,0.9029048085212708
7708,1,1,0.9677368402481079
7709,6,6,0.9915058016777039
7710,2,2,0.9862589836120605
7711,7,7,0.9524471759796143
7712,6,6,0.8693001866340637
7713,8,8,0.6455371975898743
7714,3,3,0.8473656177520752
7715,5,5,0.9641539454460144
7716,2,2,0.9308252334594727
7717,1,1,0.9923891425132751
7718,8,8,0.8849780559539795
7719,3,3,0.9826897382736206
7720,8,8,0.6400415301322937
7721,6,6,0.9942481517791748
7722,1,1,0.986849308013916
7723,0,0,0.9992414712905884
7724,2,2,0.5384916067123413
7725,1,1,0.9965054988861084
7726,4,4,0.9729946255683899
7727,0,0,0.9999246597290039
7728,1,1,0.7843363285064697
7729,2,2,0.9991689920425415
7730,3,3,0.9645986557006836
7731,4,4,0.9349789619445801
7732,5,5,0.9718319773674011
7733,6,6,0.9989563226699829
7734,7,7,0.999021053314209
7735,8,8,0.9555466175079346
7736,9,9,0.5180007815361023
7737,0,0,0.9999960660934448
7738,1,1,0.7551278471946716
7739,2,2,0.9999946355819702
7740,3,3,0.9999778270721436
7741,4,4,0.9413396716117859
7742,5,5,0.9885708689689636
7743,6,6,0.9989456534385681
7744,7,7,0.999370276927948
7745,8,8,0.9984000325202942
7746,9,9,0.9312049746513367
7747,0,0,0.9999779462814331
7748,1,1,0.9756184220314026
7749,2,2,0.9999061822891235
7750,3,3,0.9995527863502502
7751,4,4,0.9941835999488831
7752,5,5,0.9853846430778503
7753,6,6,0.999900221824646
7754,7,7,0.9428406357765198
7755,8,8,0.9888014793395996
7756,9,9,0.6962525844573975
7757,7,7,0.9568203687667847
7758,6,6,0.9989848732948303
7759,4,4,0.9956433773040771
7760,7,7,0.9957275390625
7761,6,6,0.9998724460601807
7762,2,2,0.9998968839645386
7763,3,3,0.9997057318687439
7764,4,4,0.8996493816375732
7765,8,8,0.9959511756896973
7766,7,7,0.9986826777458191
7767,8,8,0.9895374774932861
7768,6,6,0.9972811937332153
7769,9,9,0.9833443760871887
7770,8,8,0.9722785949707031
7771,3,3,0.989205002784729
7772,2,2,0.9998204112052917
7773,2,2,0.9998941421508789
7774,8,8,0.9917022585868835
7775,4,4,0.9993441700935364
7776,8,8,0.9914702773094177
7777,5,5,0.8838890194892883
7778,6,6,0.9994916915893555
7779,5,5,0.7050234079360962
7780,0,0,0.999997615814209
7781,2,2,0.9999788999557495
7782,0,0,0.9999910593032837
7783,1,1,0.9344444870948792
7784,1,1,0.9555329084396362
7785,2,2,0.9999980926513672
7786,9,9,0.7704343795776367
7787,6,6,0.9996404647827148
7788,8,8,0.9434993267059326
7789,2,2,0.999969482421875
7790,1,1,0.9437607526779175
7791,0,0,0.9999500513076782
7792,6,6,0.9996446371078491
7793,5,5,0.9931144118309021
7794,2,2,0.9933886528015137
7795,9,9,0.9425604343414307
7796,7,7,0.991417646408081
7797,5,2,0.6369715332984924
7798,3,3,0.9891077280044556
7799,9,9,0.9551085829734802
7800,3,2,0.7999952435493469
7801,7,7,0.987633466720581
7802,1,1,0.8984731435775757
7803,8,8,0.9876132011413574
7804,3,3,0.9967441558837891
7805,8,8,0.9894494414329529
7806,1,1,0.9405779242515564
7807,9,9,0.9835559725761414
7808,5,5,0.643559455871582
7809,5,5,0.7531940340995789
7810,0,0,0.9999854564666748
7811,1,1,0.71251380443573
7812,1,8,0.5173774361610413
7813,9,9,0.8903806209564209
7814,8,8,0.9996097683906555
7815,2,2,0.9999986886978149
7816,6,6,0.9997311234474182
7817,0,0,0.999991774559021
7818,4,4,0.9952256679534912
7819,5,5,0.9197087287902832
7820,0,0,0.9999098777770996
7821,3,2,0.9540553689002991
7822,1,1,0.6153926849365234
7823,8,8,0.6874376535415649
7824,6,6,0.9980775117874146
7825,7,7,0.9996185302734375
7826,5,8,0.6280602216720581
7827,9,9,0.9618353843688965
7828,9,9,0.938165545463562
7829,3,3,0.9832862615585327
7830,0,0,0.9999457597732544
7831,3,3,0.9968708157539368
7832,1,1,0.9863590598106384
7833,4,4,0.9976338148117065
7834,4,4,0.9558215141296387
7835,0,0,0.9999922513961792
7836,4,4,0.9986621141433716
7837,9,9,0.8322557806968689
7838,0,0,0.9999942779541016
7839,1,8,0.522566556930542
7840,2,2,0.9998573064804077
7841,3,3,0.9973753690719604
7842,5,8,0.9568445086479187
7843,6,6,0.9999433755874634
7844,7,7,0.9879006147384644
7845,8,8,0.9999110698699951
7846,0,0,0.9998268485069275
7847,1,8,0.6621524691581726
7848,2,2,0.9978877902030945
7849,3,9,0.5977570414543152
7850,5,8,0.9139025211334229
7851,6,6,0.4605124890804291
7852,7,7,0.9988491535186768
7853,8,8,0.9995180368423462
7854,9,9,0.9252551198005676
7855,0,0,0.999756395816803
7856,1,8,0.6460474729537964
7857,2,9,0.8989927172660828
7858,3,2,0.9189051389694214
7859,5,8,0.6313590407371521
7860,6,6,0.6844386458396912
7861,7,7,0.9965271353721619
7862,8,8,0.9964759945869446
7863,9,9,0.9422014355659485
7864,9,9,0.9746753573417664
7865,7,7,0.978884220123291
7866,0,0,0.9999898672103882
7867,9,9,0.9920950531959534
7868,0,0,0.9996626377105713
7869,1,1,0.8921650052070618
7870,5,4,0.5150367021560669
7871,8,8,0.9974246025085449
7872,8,8,0.9990938901901245
7873,0,0,0.9999959468841553
7874,9,9,0.9730908870697021
7875,3,3,0.9647896885871887
7876,2,2,0.6104696989059448
7877,7,7,0.9832459688186646
7878,8,8,0.9996453523635864
7879,4,4,0.99997878074646
7880,6,6,0.999030351638794
7881,1,1,0.994885265827179
7882,0,0,0.9997501969337463
7883,4,4,0.9991468191146851
7884,9,9,0.9943097829818726
7885,4,4,0.9997326731681824
7886,2,9,0.6380780339241028
7887,0,0,0.9999819993972778
7888,5,4,0.7859499454498291
7889,0,0,0.9999855756759644
7890,1,1,0.9658463001251221
7891,6,6,0.9983447790145874
7892,9,9,0.9827612042427063
7893,3,3,0.9986315369606018
7894,2,2,0.9951627254486084
7895,9,9,0.9932065010070801
7896,1,1,0.7209633588790894
7897,6,6,0.9898841381072998
7898,0,0,0.999957799911499
7899,1,8,0.8463202714920044
7900,1,8,0.5824657082557678
7901,8,8,0.999735414981842
7902,7,7,0.9175578355789185
7903,7,7,0.9855519533157349
7904,6,6,0.9997984766960144
7905,3,2,0.7639389634132385
7906,6,6,0.9966089725494385
7907,0,0,0.9999876022338867
7908,7,7,0.9876189231872559
7909,2,2,0.9988873600959778
7910,4,4,0.9996336698532104
7911,1,1,0.7285122275352478
7912,7,7,0.9866839051246643
7913,0,0,0.9999109506607056
7914,6,6,0.9948840737342834
7915,7,7,0.9682613611221313
7916,1,1,0.5380294322967529
7917,2,4,0.4914533793926239
7918,5,8,0.8713151216506958
7919,8,8,0.9998880624771118
7920,1,8,0.4935460686683655
7921,8,8,0.4835342764854431
7922,2,2,0.9988054037094116
7923,8,8,0.9957653284072876
7924,7,7,0.9975271821022034
7925,6,6,0.9913333058357239
7926,8,8,0.999733030796051
7927,7,7,0.972636878490448
7928,1,8,0.8790895342826843
7929,6,6,0.9850980043411255
7930,2,2,0.9990991353988647
7931,9,9,0.9894987344741821
7932,3,3,0.9993759989738464
7933,0,0,0.9990886449813843
7934,1,1,0.7647675275802612
7935,2,2,0.9999886751174927
7936,3,3,0.9969164133071899
7937,4,4,0.9995923638343811
7938,5,5,0.995978832244873
7939,6,6,0.9896709322929382
7940,7,7,0.9999299049377441
7941,8,8,0.999129593372345
7942,9,9,0.961841881275177
7943,0,0,0.9992490410804749
7944,1,1,0.9694129228591919
7945,2,6,0.7008469700813293
7946,3,3,0.8703027367591858
7947,4,4,0.997715950012207
7948,5,5,0.9476625919342041
7949,6,6,0.9966521859169006
7950,7,7,0.9998725652694702
7951,8,8,0.82837975025177
7952,9,9,0.8828866481781006
7953,0,0,0.9995631575584412
7954,1,1,0.9014319181442261
7955,2,2,0.993120551109314
7956,3,3,0.9997096657752991
7957,4,4,0.9862135052680969
7958,5,5,0.9876911640167236
7959,6,6,0.9997552037239075
7960,7,7,0.9995571970939636
7961,8,8,0.9961581826210022
7962,9,9,0.9779832363128662
7963,8,8,0.9936805963516235
7964,9,9,0.861396849155426
7965,5,5,0.9978773593902588
7966,7,7,0.9960719347000122
7967,0,0,0.9999957084655762
7968,3,3,0.999542236328125
7969,1,1,0.9926579594612122
7970,6,6,0.9991803765296936
7971,8,8,0.915542721748352
7972,4,4,0.9962150454521179
7973,1,1,0.9764333367347717
7974,5,5,0.9968358874320984
7975,6,6,0.9982591271400452
7976,4,4,0.9997981190681458
7977,2,2,0.9999980926513672
7978,7,7,0.9992648959159851
7979,8,8,0.998900294303894
7980,1,1,0.9881977438926697
7981,3,3,0.9997468590736389
7982,4,4,0.9802732467651367
7983,3,3,0.9982012510299683
7984,4,4,0.9927472472190857
7985,7,7,0.9944907426834106
7986,2,2,0.9952051639556885
7987,0,0,0.999984622001648
7988,5,5,0.9977918863296509
7989,0,0,0.9998519420623779
7990,1,8,0.6271533966064453
7991,9,9,0.9000027775764465
7992,2,2,0.9999809265136719
7993,3,3,0.9996132254600525
7994,2,2,0.9997590184211731
7995,3,3,0.9995653033256531
7996,5,5,0.9947032332420349
7997,5,5,0.9929993152618408
7998,7,7,0.9998664855957031
7999,8,8,0.7408735156059265
8000,4,4,0.9999351501464844
8001,9,9,0.9906405210494995
8002,9,9,0.9176493287086487
8003,7,7,0.7161232233047485
8004,1,1,0.7683939933776855
8005,1,1,0.9800896644592285
8006,9,9,0.9742281436920166
8007,0,0,0.9995651841163635
8008,7,7,0.9892755150794983
8009,8,8,0.9991205334663391
8010,3,3,0.7376976609230042
8011,4,4,0.9966230392456055
8012,8,8,0.9983835220336914
8013,6,6,0.9981802701950073
8014,3,3,0.9899352192878723
8015,8,8,0.9996507167816162
8016,0,0,0.9982727766036987
8017,9,9,0.9826950430870056
8018,6,6,0.9979246854782104
8019,2,2,0.9982712268829346
8020,1,8,0.8334969878196716
8021,0,0,0.9999371767044067
8022,1,1,0.8269389867782593
8023,0,0,0.9999902248382568
8024,6,6,0.9955669045448303
8025,2,2,0.9977545142173767
8026,3,3,0.9996919631958008
8027,8,8,0.9992883801460266
8028,9,9,0.9423388242721558
8029,0,0,0.9999655485153198
8030,7,7,0.999580442905426
8031,2,2,0.9999239444732666
8032,3,3,0.9992902278900146
8033,4,4,0.997499406337738
8034,5,5,0.9943175911903381
8035,5,5,0.9900026321411133
8036,2,2,0.9942007064819336
8037,8,8,0.9997076392173767
8038,5,5,0.9986234903335571
8039,4,4,0.9993896484375
8040,6,6,0.9958024621009827
8041,6,6,0.999119222164154
8042,6,6,0.9978583455085754
8043,7,7,0.9825785160064697
8044,9,9,0.5837502479553223
8045,1,1,0.9687503576278687
8046,8,8,0.9644017815589905
8047,2,9,0.7107595801353455
8048,1,1,0.9789109230041504
8049,5,5,0.9960587024688721
8050,3,3,0.9888265132904053
8051,4,4,0.9995517134666443
8052,7,7,0.9996641874313354
8053,9,9,0.9933950304985046
8054,4,4,0.9994935989379883
8055,0,0,0.9999415874481201
8056,0,0,0.9999947547912598
8057,0,0,0.9999589920043945
8058,1,1,0.9543440937995911
8059,2,2,0.674171507358551
8060,3,3,0.9934717416763306
8061,4,9,0.45692145824432373
8062,5,8,0.8105282783508301
8063,6,6,0.9095892906188965
8064,7,7,0.9842356443405151
8065,8,8,0.9891664385795593
8066,9,9,0.7191333174705505
8067,0,0,0.9999963045120239
8068,1,1,0.9246569275856018
8069,2,2,0.8181441426277161
8070,3,3,0.9997734427452087
8071,4,4,0.8109173774719238
8072,5,3,0.8282034993171692
8073,6,6,0.9925963878631592
8074,7,7,0.9968547821044922
8075,8,8,0.9162473082542419
8076,9,9,0.9485863447189331
8077,0,0,0.9997609257698059
8078,1,1,0.9396733641624451
8079,2,2,0.8721079230308533
8080,3,3,0.9975517392158508
8081,4,6,0.8701848387718201
8082,5,5,0.9688118100166321
8083,6,6,0.9977977275848389
8084,9,9,0.9790264368057251
8085,0,0,0.9999809265136719
8086,1,1,0.9659507274627686
8087,3,3,0.9963994026184082
8088,1,1,0.96354740858078
8089,5,5,0.9958879351615906
8090,1,1,0.9536556601524353
8091,2,8,0.7491149306297302
8092,4,4,0.8145902752876282
8093,9,9,0.9217942357063293
8094,2,8,0.7402986884117126
8095,4,8,0.8229442238807678
8096,6,6,0.9942470788955688
8097,8,8,0.987220048904419
8098,0,0,0.9652830362319946
8099,1,1,0.9947007894515991
8100,1,1,0.9713401198387146
8101,9,9,0.9667549133300781
8102,2,2,0.9589482545852661
8103,6,6,0.9821107983589172
8104,6,6,0.9371286630630493
8105,8,8,0.9808098673820496
8106,7,7,0.9431103467941284
8107,4,4,0.8078677654266357
8108,2,2,0.9998331069946289
8109,9,9,0.9450300335884094
8110,7,7,0.9863871335983276
8111,0,0,0.9999929666519165
8112,2,2,0.9981592297554016
8113,1,1,0.9841449856758118
8114,0,0,0.9999423027038574
8115,3,3,0.9115219712257385
8116,6,6,0.9723453521728516
8117,0,0,0.9886590838432312
8118,1,1,0.9867191910743713
8119,2,2,0.9860532879829407
8120,3,3,0.8880684971809387
8121,4,4,0.9996821880340576
8122,5,5,0.9913113117218018
8123,6,6,0.9976951479911804
8124,7,7,0.9869862198829651
8125,8,8,0.9938993453979492
8126,9,9,0.9230768084526062
8127,0,0,0.9997391104698181
8128,1,1,0.9765487909317017
8129,2,2,0.9994699358940125
8130,3,3,0.9974349141120911
8131,4,4,0.9952548742294312
8132,5,5,0.9800876975059509
8133,6,6,0.9991875290870667
8134,7,7,0.997585654258728
8135,8,8,0.9056425094604492
8136,9,9,0.9433275461196899
8137,0,0,0.9991324543952942
8138,1,1,0.9126610159873962
8139,2,2,0.9980311989784241
8140,3,3,0.9999032020568848
8141,4,4,0.9945582151412964
8142,5,5,0.9975467324256897
8143,6,6,0.8771448135375977
8144,7,7,0.924363374710083
8145,8,8,0.9611036777496338
8146,9,9,0.9210594892501831
8147,8,8,0.9712255597114563
8148,6,6,0.9837665557861328
8149,5,5,0.9946541786193848
8150,9,9,0.974452555179596
8151,7,7,0.9599167704582214
8152,0,0,0.99915611743927
8153,2,2,0.999665379524231
8154,3,3,0.9981228709220886
8155,4,4,0.9412093162536621
8156,3,3,0.962821900844574
8157,8,8,0.9433892965316772
8158,5,5,0.9894997477531433
8159,1,1,0.9668177962303162
8160,5,5,0.7521501183509827
8161,2,2,0.9993245601654053
8162,3,3,0.9851989150047302
8163,0,0,0.9919373393058777
8164,1,1,0.8195194005966187
8165,2,2,0.5127032995223999
8166,1,1,0.9484525918960571
8167,3,3,0.9994252920150757
8168,2,2,0.9890490770339966
8169,6,6,0.9978518486022949
8170,5,5,0.9584178924560547
8171,3,3,0.9894724488258362
8172,0,0,0.9925132393836975
8173,7,7,0.995762288570404
8174,2,2,0.9996651411056519
8175,7,7,0.989926815032959
8176,4,4,0.9975607395172119
8177,6,6,0.9987209439277649
8178,4,4,0.9117549657821655
8179,0,0,0.9979543685913086
8180,5,5,0.9988860487937927
8181,9,9,0.5267438292503357
8182,9,9,0.8339793682098389
8183,8,5,0.8627143502235413
8184,9,9,0.9367673993110657
8185,5,5,0.9591876268386841
8186,3,3,0.9991336464881897
8187,1,1,0.896257221698761
8188,7,7,0.9951536655426025
8189,4,4,0.9992038607597351
8190,7,7,0.9933692812919617
8191,6,6,0.9940489530563354
8192,5,5,0.9961007833480835
8193,4,4,0.9986698627471924
8194,0,0,0.9728949666023254
8195,0,0,0.9996805191040039
8196,6,0,0.4389718472957611
8197,6,6,0.9905650615692139
8198,2,2,0.7786504030227661
8199,0,0,0.9950436353683472
8200,6,6,0.9977856874465942
8201,3,3,0.9954842329025269
8202,7,7,0.8622406125068665
8203,7,7,0.9648872017860413
8204,4,4,0.9326707720756531
8205,4,4,0.9761315584182739
8206,3,3,0.999873161315918
8207,9,9,0.9718502163887024
8208,2,2,0.9997848868370056
8209,8,8,0.9863128066062927
8210,9,9,0.9356027841567993
8211,6,6,0.993621289730072
8212,0,0,0.9500489234924316
8213,9,9,0.9775391817092896
8214,5,5,0.9983168840408325
8215,3,3,0.9993880987167358
8216,8,8,0.9096667170524597
8217,8,8,0.9396044611930847
8218,7,7,0.8614171147346497
8219,1,1,0.9826891422271729
8220,4,4,0.9995766282081604
8221,0,0,0.9993521571159363
8222,4,4,0.9955881834030151
8223,8,8,0.9692462086677551
8224,5,5,0.9994795918464661
8225,2,2,0.9986552000045776
8226,3,3,0.9889996647834778
8227,9,9,0.7953096628189087
8228,0,0,0.8986712098121643
8229,1,1,0.8771353960037231
8230,9,9,0.9675044417381287
8231,1,1,0.8317694067955017
8232,5,5,0.9947315454483032
8233,1,1,0.9628090858459473
8234,7,7,0.9678460359573364
8235,4,4,0.9964015483856201
8236,8,8,0.9069374203681946
8237,6,6,0.9997819066047668
8238,2,2,0.9995655417442322
8239,1,1,0.9438837170600891
8240,6,6,0.999568521976471
8241,8,8,0.9953475594520569
8242,8,8,0.9705399870872498
8243,0,0,0.9726189374923706
8244,1,1,0.9125637412071228
8245,2,2,0.8538812398910522
8246,3,8,0.8049527406692505
8247,4,4,0.9951783418655396
8248,7,7,0.999845027923584
8249,8,8,0.992475688457489
8250,9,9,0.9878360629081726
8251,0,0,0.9988417029380798
8252,1,1,0.9626317620277405
8253,2,2,0.830878496170044
8254,3,3,0.9815500974655151
8255,4,4,0.7436867952346802
8256,6,6,0.9295663833618164
8257,7,7,0.9951450228691101
8258,8,8,0.5723576545715332
8259,9,9,0.9553532004356384
8260,0,0,0.9946321249008179
8261,1,1,0.9550719261169434
8262,2,2,0.8664121627807617
8263,3,3,0.7729613184928894
8264,4,4,0.998088538646698
8265,7,7,0.998897910118103
8266,8,8,0.9822079539299011
8267,9,9,0.9356547594070435
8268,1,1,0.917532742023468
8269,4,4,0.9848088622093201
8270,5,5,0.9686011672019958
8271,3,3,0.9981526732444763
8272,3,8,0.7521381974220276
8273,0,0,0.5027164220809937
8274,9,9,0.8754026293754578
8275,5,5,0.9685824513435364
8276,4,4,0.7977446913719177
8277,3,5,0.6191067695617676
8278,0,0,0.9383467435836792
8279,8,5,0.36984580755233765
8280,4,4,0.9924725294113159
8281,6,6,0.9817996621131897
8282,7,7,0.9963362216949463
8283,0,0,0.9972745776176453
8284,7,7,0.9997057318687439
8285,7,7,0.9833198189735413
8286,1,1,0.6407403349876404
8287,6,6,0.8478020429611206
8288,9,9,0.8846959471702576
8289,1,1,0.9741821885108948
8290,3,3,0.9345888495445251
8291,6,6,0.9585245251655579
8292,2,2,0.9180242419242859
8293,3,3,0.5220034122467041
8294,8,5,0.6597147583961487
8295,2,2,0.9985645413398743
8296,3,3,0.776222288608551
8297,8,8,0.5771055221557617
8298,9,9,0.8492644429206848
8299,5,5,0.9941791296005249
8300,8,8,0.9350797533988953
8301,8,8,0.9306488037109375
8302,7,7,0.9992706179618835
8303,1,1,0.9921050071716309
8304,7,7,0.9546709656715393
8305,1,1,0.9666380882263184
8306,1,1,0.9514310956001282
8307,0,0,0.996493399143219
8308,3,5,0.549796998500824
8309,4,4,0.9770328998565674
8310,2,2,0.9667607545852661
8311,6,6,0.4743303954601288
8312,4,4,0.9979245662689209
8313,7,7,0.997811496257782
8314,4,4,0.8862695097923279
8315,2,2,0.9894194602966309
8316,7,7,0.945530354976654
8317,4,4,0.9312574863433838
8318,2,2,0.8688626289367676
8319,9,9,0.9422247409820557
8320,2,2,0.9825404286384583
8321,7,7,0.9777716398239136
8322,9,9,0.6921266913414001
8323,2,2,0.9549829959869385
8324,1,1,0.9524818062782288
8325,0,0,0.8409191966056824
8326,6,6,0.7827640175819397
8327,5,5,0.8048052787780762
8328,3,3,0.9997780919075012
8329,4,4,0.986552894115448
8330,8,8,0.998103141784668
8331,5,5,0.998544454574585
8332,9,7,0.6829415559768677
8333,6,6,0.9587147235870361
8334,9,9,0.9894979000091553
8335,0,0,0.9973090887069702
8336,6,6,0.9860419631004333
8337,3,3,0.9601250886917114
8338,0,0,0.997541069984436
8339,8,6,0.8216982483863831
8340,1,1,0.9808340668678284
8341,6,6,0.9692054390907288
8342,0,0,0.9987767338752747
8343,0,0,0.995768666267395
8344,1,1,0.9786253571510315
8345,2,2,0.999685525894165
8346,3,3,0.9969214797019958
8347,4,4,0.9932465553283691
8348,5,5,0.9111329317092896
8349,6,6,0.978779137134552
8350,7,7,0.9895520806312561
8351,0,0,0.9851383566856384
8352,1,1,0.9356921315193176
8353,2,2,0.6605945229530334
8354,3,3,0.9963763356208801
8355,4,4,0.9963353872299194
8356,7,7,0.9809766411781311
8357,8,8,0.9279730319976807
8358,9,9,0.8609684705734253
8359,0,0,0.9880934357643127
8360,1,1,0.9912125468254089
8361,2,2,0.9948199391365051
8362,3,3,0.8586372137069702
8363,4,4,0.996208667755127
8364,7,7,0.9960994720458984
8365,2,2,0.9993921518325806
8366,5,5,0.9725803732872009
8367,1,1,0.9457747936248779
8368,6,6,0.9992351531982422
8369,4,4,0.9924984574317932
8370,3,3,0.9991973042488098
8371,9,9,0.9986257553100586
8372,9,9,0.8601612448692322
8373,0,0,0.9975576400756836
8374,9,9,0.9606915712356567
8375,7,7,0.8864779472351074
8376,1,1,0.9624096751213074
8377,6,6,0.9955718517303467
8378,4,4,0.938957929611206
8379,3,3,0.9015542268753052
8380,6,6,0.9958091974258423
8381,2,2,0.9952515363693237
8382,0,0,0.9866527915000916
8383,9,9,0.8763344287872314
8384,8,8,0.9890590310096741
8385,6,6,0.9925861954689026
8386,5,5,0.968778133392334
8387,7,7,0.9759678840637207
8388,0,0,0.9606572389602661
8389,0,0,0.9252505898475647
8390,1,1,0.9846979379653931
8391,7,7,0.8753772377967834
8392,4,4,0.9851437211036682
8393,3,3,0.9835116863250732
8394,2,2,0.9989294409751892
8395,4,4,0.9943763017654419
8396,1,1,0.9490075707435608
8397,3,3,0.9174373745918274
8398,7,7,0.9980765581130981
8399,6,6,0.9988664388656616
8400,4,4,0.9957038760185242
8401,7,7,0.9876024127006531
8402,7,7,0.9994534850120544
8403,7,7,0.9912781119346619
8404,9,9,0.9887067079544067
8405,8,8,0.9020475149154663
8406,4,9,0.5333890914916992
8407,3,3,0.9994422793388367
8408,8,6,0.7143268585205078
8409,2,2,0.9995073080062866
8410,8,6,0.7495779395103455
8411,3,3,0.9969151020050049
8412,5,5,0.9900603294372559
8413,8,8,0.7055156230926514
8414,0,0,0.9675943851470947
8415,5,5,0.9866666197776794
8416,4,4,0.5292478203773499
8417,7,7,0.9949690699577332
8418,1,1,0.986933171749115
8419,3,3,0.9737697839736938
8420,1,1,0.9671180844306946
8421,7,7,0.9991139769554138
8422,9,9,0.9699816703796387
8423,6,6,0.8362802863121033
8424,2,2,0.9999886751174927
8425,0,0,0.9799102544784546
8426,9,7,0.3717084228992462
8427,1,1,0.982029378414154
8428,7,7,0.9917044639587402
8429,3,3,0.9964841604232788
8430,3,3,0.9582393169403076
8431,9,9,0.9446250796318054
8432,1,1,0.9851201176643372
8433,6,6,0.9974573254585266
8434,4,4,0.9958903193473816
8435,3,3,0.9378020167350769
8436,9,9,0.9792371988296509
8437,8,8,0.988236129283905
8438,2,2,0.9996758699417114
8439,1,1,0.9457017183303833
8440,8,8,0.9764449000358582
8441,6,6,0.982040286064148
8442,4,4,0.9420100450515747
8443,1,1,0.969903826713562
8444,5,5,0.6368762850761414
8445,5,5,0.9945200085639954
8446,6,6,0.9992159605026245
8447,5,5,0.9821617603302002
8448,0,0,0.9997883439064026
8449,1,1,0.9920594692230225
8450,2,2,0.9999561309814453
8451,3,3,0.9965648055076599
8452,4,4,0.867903470993042
8453,5,3,0.5752459764480591
8454,6,6,0.9993565678596497
8455,7,7,0.9997765421867371
8456,8,8,0.48613548278808594
8457,9,9,0.5473997592926025
8458,0,0,0.9999902248382568
8459,1,1,0.9138913750648499
8460,2,2,0.9999887943267822
8461,3,3,0.9822787046432495
8462,4,4,0.989625871181488
8463,5,5,0.9811413288116455
8464,6,6,0.9970376491546631
8465,7,7,0.9980787038803101
8466,8,8,0.9803921580314636
8467,9,9,0.9102808833122253
8468,0,0,0.9999635219573975
8469,1,1,0.913671612739563
8470,2,2,0.9998358488082886
8471,3,3,0.9996747970581055
8472,4,4,0.9930845499038696
8473,5,5,0.9969298243522644
8474,6,6,0.999125063419342
8475,7,7,0.9998114705085754
8476,8,8,0.9530224204063416
8477,9,9,0.8398230075836182
8478,6,6,0.9896960258483887
8479,9,9,0.98262619972229
8480,7,7,0.9999725818634033
8481,0,0,0.9999547004699707
8482,2,2,0.9999510049819946
8483,3,3,0.9945108890533447
8484,4,4,0.9957455992698669
8485,3,3,0.9853315353393555
8486,8,8,0.9456956386566162
8487,5,5,0.9961013793945312
8488,1,1,0.9701544046401978
8489,3,3,0.9416851997375488
8490,0,0,0.9996857643127441
8491,1,1,0.9301978349685669
8492,2,2,0.9967203736305237
8493,1,1,0.6171046495437622
8494,3,3,0.9937986731529236
8495,2,2,0.9900830984115601
8496,0,0,0.9998844861984253
8497,7,7,0.9770758152008057
8498,2,2,0.9953863024711609
8499,6,6,0.9985254406929016
8500,4,4,0.9987173080444336
8501,0,0,0.9999382495880127
8502,5,5,0.8655266165733337
8503,9,9,0.9717473387718201
8504,9,9,0.8852131962776184
8505,8,8,0.9833609461784363
8506,9,9,0.9798471927642822
8507,5,5,0.8514034152030945
8508,3,3,0.9673129916191101
8509,1,1,0.804671585559845
8510,7,7,0.9811677932739258
8511,4,4,0.9871626496315002
8512,7,7,0.9916068315505981
8513,0,0,0.9991434812545776
8514,0,0,0.99994957447052
8515,6,6,0.9820427298545837
8516,6,6,0.9996545314788818
8517,6,6,0.9993982315063477
8518,3,3,0.9997369647026062
8519,7,7,0.8639435172080994
8520,4,9,0.8884099125862122
8521,2,2,0.9569911360740662
8522,8,6,0.9039267897605896
8523,9,9,0.32496681809425354
8524,8,8,0.991764485836029
8525,7,7,0.9781301021575928
8526,1,1,0.9744384288787842
8527,4,4,0.9439517259597778
8528,0,0,0.9999946355819702
8529,4,4,0.9995747208595276
8530,8,8,0.9635484218597412
8531,5,5,0.8862361311912537
8532,2,2,0.986647367477417
8533,3,3,0.9877821803092957
8534,9,9,0.9848360419273376
8535,0,0,0.9997796416282654
8536,1,1,0.9833418130874634
8537,9,9,0.9919893145561218
8538,1,1,0.9781934022903442
8539,5,5,0.9480342268943787
8540,1,1,0.9898335933685303
8541,7,7,0.9954270124435425
8542,6,6,0.9789533019065857
8543,1,1,0.9868825078010559
8544,2,2,0.9944078922271729
8545,1,1,0.940380334854126
8546,6,6,0.9871060848236084
8547,8,8,0.9779735207557678
8548,0,0,0.9997453093528748
8549,1,1,0.9917893409729004
8550,2,2,0.9999140501022339
8551,3,3,0.9986145496368408
8552,4,4,0.9822365045547485
8553,5,5,0.5394843816757202
8554,6,6,0.999270498752594
8555,7,7,0.9997959733009338
8556,8,8,0.9883089065551758
8557,9,9,0.9838898181915283
8558,0,0,0.995831310749054
8559,1,1,0.9823057055473328
8560,2,2,0.9866220355033875
8561,3,3,0.9997602105140686
8562,4,4,0.9930799603462219
8563,5,5,0.9529178142547607
8564,6,6,0.9971275925636292
8565,7,7,0.9683048725128174
8566,8,8,0.9763168096542358
8567,0,0,0.9968731999397278
8568,1,1,0.9963812828063965
8569,2,2,0.9883167147636414
8570,3,3,0.9999688863754272
8571,5,5,0.963702380657196
8572,6,6,0.9940478801727295
8573,7,7,0.9963499307632446
8574,8,8,0.9043444991111755
8575,1,1,0.9565564393997192
8576,0,0,0.998730480670929
8577,4,4,0.998087465763092
8578,5,5,0.9353036284446716
8579,6,6,0.9673720002174377
8580,6,6,0.9993799924850464
8581,3,3,0.9743906259536743
8582,4,4,0.9661272764205933
8583,4,4,0.9859033823013306
8584,2,2,0.9452370405197144
8585,8,8,0.9865473508834839
8586,1,1,0.9948792457580566
8587,0,0,0.9979763627052307
8588,6,6,0.9797683358192444
8589,4,4,0.9720643162727356
8590,9,9,0.9659693241119385
8591,7,7,0.9861095547676086
8592,2,2,0.9879419207572937
8593,9,9,0.9438547492027283
8594,2,2,0.9957603812217712
8595,0,0,0.9999605417251587
8596,9,9,0.9353811144828796
8597,3,3,0.8507767915725708
8598,3,3,0.9748252034187317
8599,9,9,0.9747946262359619
8600,1,1,0.9944052696228027
8601,5,5,0.8417853116989136
8602,2,2,0.9860014915466309
8603,3,3,0.9961438179016113
8604,1,1,0.9937276840209961
8605,6,6,0.9943187832832336
8606,7,7,0.987707793712616
8607,3,3,0.8683300018310547
8608,7,7,0.9887292981147766
8609,8,8,0.986777663230896
8610,4,4,0.9115859270095825
8611,0,0,0.9981070756912231
8612,2,2,0.9997133612632751
8613,4,4,0.6988185048103333
8614,0,0,0.9948354959487915
8615,2,2,0.947384774684906
8616,4,4,0.9732122421264648
8617,7,7,0.774550199508667
8618,8,8,0.9868393540382385
8619,0,0,0.9993612170219421
8620,7,7,0.9330698847770691
8621,0,0,0.9962288737297058
8622,6,6,0.9984317421913147
8623,9,9,0.8860445022583008
8624,3,3,0.9784607291221619
8625,2,2,0.9994321465492249
8626,4,4,0.993389368057251
8627,8,8,0.9821529984474182
8628,6,6,0.9358824491500854
8629,0,0,0.9851217269897461
8630,5,5,0.9503130316734314
8631,7,7,0.9527127146720886
8632,5,5,0.9877291917800903
8633,1,1,0.9825244545936584
8634,0,0,0.9959874749183655
8635,8,8,0.9623352289199829
8636,1,1,0.9948793649673462
8637,6,6,0.9124733209609985
8638,7,7,0.941611111164093
8639,2,2,0.6680731773376465
8640,9,9,0.9249864816665649
8641,7,7,0.9961316585540771
8642,9,9,0.9707659482955933
8643,5,5,0.9658421874046326
8644,6,6,0.9920510649681091
8645,5,5,0.9541361927986145
8646,2,2,0.991668701171875
8647,6,6,0.9931204319000244
8648,2,2,0.9793510437011719
8649,8,8,0.9695430994033813
8650,1,1,0.9889017343521118
8651,7,7,0.9023705124855042
8652,5,5,0.9700767993927002
8653,5,5,0.9252869486808777
8654,7,7,0.9340779781341553
8655,3,3,0.9892460703849792
8656,5,5,0.8883897066116333
8657,0,0,0.9978060126304626
8658,1,1,0.9920651316642761
8659,1,1,0.9969437718391418
8660,3,3,0.997130811214447
8661,8,8,0.9196963310241699
8662,4,4,0.9616883993148804
8663,9,9,0.9505346417427063
8664,4,4,0.9881644248962402
8665,5,5,0.8964024782180786
8666,1,1,0.9548143148422241
8667,8,8,0.9692689776420593
8668,6,6,0.999570906162262
8669,8,8,0.7973788976669312
8670,9,9,0.9349387288093567
8671,0,0,0.9991301894187927
8672,1,1,0.9846333265304565
8673,2,2,0.9998884201049805
8674,3,3,0.9848636984825134
8675,4,4,0.997177004814148
8676,5,5,0.9803874492645264
8677,6,6,0.9983890056610107
8678,7,7,0.9940817952156067
8679,8,8,0.9709317088127136
8680,9,9,0.9868367910385132
8681,0,0,0.9946842789649963
8682,1,1,0.9907320141792297
8683,2,2,0.9999064207077026
8684,3,3,0.8730946779251099
8685,4,4,0.9980675578117371
8686,5,5,0.9947821497917175
8687,6,6,0.998601496219635
8688,7,7,0.9949629306793213
8689,8,8,0.9979661703109741
8690,9,9,0.9692121744155884
8691,0,0,0.9983547329902649
8692,1,1,0.9869090914726257
8693,2,2,0.9996140599250793
8694,3,3,0.9925448298454285
8695,4,4,0.9932276606559753
8696,5,5,0.9979155659675598
8697,6,6,0.9935693740844727
8698,7,7,0.9902200102806091
8699,8,8,0.9901116490364075
8700,9,9,0.9785232543945312
8701,3,3,0.9951568245887756
8702,5,5,0.914901852607727
8703,3,3,0.9990494847297668
8704,2,2,0.9997597336769104
8705,9,9,0.9537807106971741
8706,3,3,0.9895988702774048
8707,2,2,0.9998941421508789
8708,1,1,0.9777474999427795
8709,4,4,0.9979140162467957
8710,5,5,0.9512398838996887
8711,5,5,0.9647407531738281
8712,2,2,0.9998869895935059
8713,3,3,0.9977236390113831
8714,2,2,0.9997547268867493
8715,1,1,0.9583666324615479
8716,3,3,0.9996121525764465
8717,9,9,0.9826596975326538
8718,7,7,0.9971150159835815
8719,2,2,0.9997755885124207
8720,1,1,0.9857956171035767
8721,2,2,0.9997872710227966
8722,8,8,0.969732403755188
8723,9,9,0.9568862318992615
8724,1,1,0.9837949275970459
8725,8,8,0.9946265816688538
8726,8,8,0.9779558777809143
8727,7,7,0.973909318447113
8728,8,8,0.9611868262290955
8729,1,1,0.9733374118804932
8730,0,0,0.9998596906661987
8731,0,0,0.9994356036186218
8732,6,6,0.9875764846801758
8733,7,7,0.9419882893562317
8734,7,7,0.9979451298713684
8735,8,8,0.9154520034790039
8736,7,7,0.9979032278060913
8737,5,5,0.9921169877052307
8738,0,0,0.9887402653694153
8739,6,6,0.9985910058021545
8740,1,1,0.9929758310317993
8741,5,5,0.9727857708930969
8742,7,7,0.9449098110198975
8743,4,4,0.9982694387435913
8744,6,6,0.9959660768508911
8745,1,1,0.9804587364196777
8746,2,2,0.9999560117721558
8747,5,5,0.9658960103988647
8748,0,0,0.9997407793998718
8749,7,7,0.9712280035018921
8750,9,9,0.9973142743110657
8751,9,9,0.9970025420188904
8752,0,0,0.9983381032943726
8753,3,3,0.9978762865066528
8754,4,4,0.9982815980911255
8755,4,4,0.9928516745567322
8756,8,8,0.8288524150848389
8757,4,4,0.9919840693473816
8758,1,1,0.9785723686218262
8759,8,8,0.9901381731033325
8760,6,6,0.9955357313156128
8761,5,5,0.9914858937263489
8762,9,9,0.9750455021858215
8763,0,0,0.9994437098503113
8764,0,0,0.9997652173042297
8765,0,0,0.999778687953949
8766,3,3,0.9978378415107727
8767,7,7,0.9952899217605591
8768,1,1,0.9796645641326904
8769,6,6,0.9980440139770508
8770,4,4,0.9923072457313538
8771,6,6,0.9990485310554504
8772,0,0,0.9999252557754517
8773,4,4,0.995136559009552
8774,5,5,0.9974564909934998
8775,4,4,0.9978675842285156
8776,1,1,0.9786581993103027
8777,3,3,0.9997561573982239
8778,8,8,0.994527280330658
8779,6,6,0.9947463274002075
8780,3,3,0.9997743964195251
8781,9,9,0.8888624310493469
8782,9,9,0.9735268354415894
8783,5,5,0.9883354902267456
8784,9,9,0.9889923930168152
8785,3,3,0.9746878147125244
8786,7,7,0.9998400211334229
8787,8,8,0.9656765460968018
8788,5,5,0.9085839986801147
8789,6,6,0.9980383515357971
8790,4,4,0.9987589120864868
8791,7,7,0.9988116025924683
8792,6,6,0.9942575693130493
8793,2,2,0.9999895095825195
8794,2,2,0.999977707862854
8795,0,0,0.9914706349372864
8796,9,9,0.9875975251197815
8797,4,4,0.9983965754508972
8798,0,0,0.9988492727279663
8799,1,1,0.9828237295150757
8800,2,2,0.9998601675033569
8801,3,3,0.9982397556304932
8802,4,4,0.9942359328269958
8803,5,5,0.989730715751648
8804,6,6,0.9984622001647949
8805,7,7,0.9826730489730835
8806,8,8,0.9973998069763184
8807,9,9,0.9811294674873352
8808,0,0,0.9935251474380493
8809,1,1,0.935258150100708
8810,2,2,0.9996503591537476
8811,3,3,0.9982775449752808
8812,4,4,0.9950761198997498
8813,5,5,0.9896485209465027
8814,6,6,0.9974393844604492
8815,7,7,0.9951640367507935
8816,8,8,0.7708423733711243
8817,9,9,0.9852249026298523
8818,0,0,0.9975525736808777
8819,1,1,0.9704539775848389
8820,2,2,0.9994408488273621
8821,3,3,0.998568058013916
8822,4,4,0.99003005027771
8823,5,5,0.9525737166404724
8824,6,6,0.9994053840637207
8825,7,7,0.9870714545249939
8826,8,8,0.99253910779953
8827,9,9,0.9779858589172363
8828,6,6,0.9984126091003418
8829,4,4,0.9671263098716736
8830,2,2,0.9993181228637695
8831,6,6,0.9991053938865662
8832,4,4,0.9964054822921753
8833,7,7,0.890226423740387
8834,5,5,0.9960899353027344
8835,5,5,0.9934413433074951
8836,4,4,0.9936527013778687
8837,7,7,0.9174214601516724
8838,2,2,0.9999632835388184
8839,9,9,0.9735226631164551
8840,3,3,0.9697217345237732
8841,9,9,0.9929835796356201
8842,3,3,0.9971864819526672
8843,8,8,0.9975783228874207
8844,2,2,0.9998400211334229
8845,0,0,0.9994592070579529
8846,9,9,0.8640922904014587
8847,5,5,0.9908985495567322
8848,6,6,0.969202995300293
8849,0,0,0.9963371753692627
8850,1,1,0.990149974822998
8851,0,0,0.9976053237915039
8852,6,6,0.9996737241744995
8853,5,5,0.9910843372344971
8854,3,3,0.9993793964385986
8855,5,5,0.9985723495483398
8856,3,3,0.989071249961853
8857,8,8,0.9978541731834412
8858,0,0,0.9999066591262817
8859,0,0,0.997696578502655
8860,3,3,0.9964866638183594
8861,4,4,0.9983469247817993
8862,1,1,0.9919724464416504
8863,5,6,0.513573944568634
8864,3,3,0.9956884980201721
8865,0,0,0.9983429908752441
8866,8,8,0.9843223690986633
8867,3,3,0.991908073425293
8868,0,0,0.9996160268783569
8869,6,6,0.9962676167488098
8870,2,2,0.9996596574783325
8871,7,7,0.9971816539764404
8872,8,8,0.9996159076690674
8873,1,1,0.9910705089569092
8874,7,7,0.9924495220184326
8875,1,1,0.9845051169395447
8876,3,3,0.992245614528656
8877,8,8,0.99856036901474
8878,5,5,0.9978581070899963
8879,4,4,0.9981254935264587
8880,2,2,0.9998893737792969
8881,0,0,0.9968619346618652
8882,9,9,0.8750619292259216
8883,7,7,0.9997816681861877
8884,6,6,0.9963072538375854
8885,7,7,0.9823790192604065
8886,4,4,0.987571120262146
8887,1,1,0.9601278305053711
8888,6,6,0.9987082481384277
8889,2,2,0.9770858287811279
8890,6,6,0.9958076477050781
8891,7,7,0.9994012117385864
8892,1,1,0.9501428604125977
8893,9,9,0.9942919015884399
8894,8,8,0.9956225752830505
8895,0,0,0.9987545013427734
8896,6,6,0.9882749319076538
8897,9,9,0.971393883228302
8898,4,4,0.9891406297683716
8899,9,9,0.9878779649734497
8900,9,9,0.9937594532966614
8901,6,6,0.9962616562843323
8902,2,2,0.9998900890350342
8903,3,3,0.9992151260375977
8904,7,7,0.990113377571106
8905,1,1,0.9907426238059998
8906,9,9,0.9051830172538757
8907,2,2,0.9997864365577698
8908,2,2,0.9894421100616455
8909,5,5,0.9899734258651733
8910,3,3,0.997890293598175
8911,7,7,0.996857762336731
8912,8,8,0.9250859618186951
8913,0,0,0.9975554943084717
8914,1,1,0.9865096211433411
8915,2,2,0.9998650550842285
8916,3,3,0.9969711303710938
8917,4,4,0.9887925982475281
8918,7,7,0.9953622221946716
8919,8,8,0.9912014007568359
8920,9,9,0.98915034532547
8921,0,0,0.9917608499526978
8922,1,1,0.9851527214050293
8923,2,2,0.9986091256141663
8924,3,3,0.9265231490135193
8925,4,4,0.9998893737792969
8926,7,7,0.9995297193527222
8927,8,8,0.9961398243904114
8928,9,9,0.7673215866088867
8929,0,0,0.9999418258666992
8930,1,1,0.9921358823776245
8931,7,7,0.9859077334403992
8932,8,8,0.9967135190963745
8933,9,9,0.9757310748100281
8934,8,8,0.9826046824455261
8935,9,9,0.9946175217628479
8936,2,2,0.9989711046218872
8937,6,6,0.9975168704986572
8938,1,1,0.9854016304016113
8939,3,3,0.9774745106697083
8940,5,5,0.9943901896476746
8941,4,4,0.9205473065376282
8942,8,8,0.8946956396102905
8943,2,2,0.9995198249816895
8944,6,6,0.9932268261909485
8945,4,4,0.9988111257553101
8946,3,3,0.9993835687637329
8947,4,4,0.9972522854804993
8948,5,5,0.9467118978500366
8949,9,9,0.9893211126327515
8950,2,2,0.9989228844642639
8951,0,0,0.9998290538787842
8952,3,3,0.6026363968849182
8953,9,9,0.9892957806587219
8954,4,4,0.8481422662734985
8955,9,9,0.9460092186927795
8956,7,7,0.9840888977050781
8957,3,3,0.9984037280082703
8958,8,8,0.9828563332557678
8959,7,7,0.9685443639755249
8960,4,4,0.9965997338294983
8961,4,4,0.974109947681427
8962,9,9,0.9815043807029724
8963,8,8,0.9738960862159729
8964,5,5,0.989569902420044
8965,8,8,0.9985755681991577
8966,2,2,0.9994590878486633
8967,6,6,0.9971057772636414
8968,6,6,0.9996351003646851
8969,2,2,0.9990123510360718
8970,3,3,0.9983918070793152
8971,1,1,0.9911978840827942
8972,3,3,0.997219443321228
8973,2,2,0.9995911717414856
8974,7,7,0.9901517033576965
8975,3,3,0.9848179221153259
8976,1,1,0.994042694568634
8977,9,9,0.9943038821220398
8978,0,0,0.9995773434638977
8979,1,1,0.986774206161499
8980,1,1,0.94745272397995
8981,3,3,0.9791354537010193
8982,5,5,0.9689479470252991
8983,0,0,0.9934455156326294
8984,7,7,0.976360023021698
8985,8,8,0.9969934225082397
8986,1,1,0.9458056092262268
8987,5,5,0.993668258190155
8988,1,1,0.9919371604919434
8989,4,4,0.9995548129081726
8990,6,6,0.999121367931366
8991,0,0,0.9975419044494629
8992,0,0,0.9994701743125916
8993,4,4,0.9985656142234802
8994,9,9,0.9798848628997803
8995,1,1,0.9774264693260193
8996,6,6,0.9997480511665344
8997,6,6,0.9996558427810669
8998,9,9,0.7425296902656555
8999,0,0,0.9999340772628784
9000,7,7,0.9992637038230896
9001,6,6,0.9881888628005981
9002,1,1,0.9834340810775757
9003,1,1,0.963200569152832
9004,0,0,0.8560561537742615
9005,1,1,0.9127494096755981
9006,2,2,0.879096508026123
9007,3,8,0.7792209386825562
9008,4,4,0.6625326871871948
9009,7,2,0.9969981908798218
9010,2,8,0.945963978767395
9011,3,3,0.8849554061889648
9012,4,4,0.9651610851287842
9013,5,6,0.8160715103149414
9014,6,6,0.9984481334686279
9015,7,2,0.9955886602401733
9016,0,5,0.6473979949951172
9017,1,1,0.6555204391479492
9018,2,2,0.9990836381912231
9019,7,2,0.9966247081756592
9020,8,8,0.9705882668495178
9021,6,6,0.9971031546592712
9022,3,3,0.630798876285553
9023,9,9,0.9770082235336304
9024,7,2,0.9953880906105042
9025,1,1,0.8370751738548279
9026,9,9,0.6627947092056274
9027,3,3,0.8079819083213806
9028,9,9,0.8924453854560852
9029,6,6,0.9988540410995483
9030,1,1,0.97139972448349
9031,7,2,0.5259145498275757
9032,2,2,0.9241417050361633
9033,4,4,0.9836766719818115
9034,4,4,0.9242579936981201
9035,5,5,0.9330155849456787
9036,7,2,0.9400342702865601
9037,0,0,0.9996744394302368
9038,0,0,0.9992557168006897
9039,1,1,0.9738208651542664
9040,6,6,0.998288094997406
9041,6,6,0.9995891451835632
9042,8,8,0.9809854626655579
9043,2,2,0.7210863828659058
9044,7,7,0.6051213145256042
9045,7,2,0.7964673042297363
9046,2,2,0.4857940971851349
9047,4,4,0.9972707629203796
9048,2,2,0.9998055100440979
9049,1,1,0.9800776243209839
9050,6,6,0.9973583817481995
9051,1,1,0.8140836954116821
9052,0,0,0.999998927116394
9053,6,6,0.9995595812797546
9054,9,9,0.819477379322052
9055,8,8,0.9987012147903442
9056,3,3,0.981194794178009
9057,9,9,0.7866041660308838
9058,6,6,0.9991126656532288
9059,3,3,0.9752203822135925
9060,0,0,0.999998927116394
9061,1,1,0.9295088052749634
9062,2,2,0.9139975309371948
9063,3,3,0.9787098169326782
9064,4,4,0.9934824109077454
9065,5,5,0.9798880815505981
9066,6,6,0.9999798536300659
9067,7,7,0.9981178045272827
9068,8,8,0.98568195104599
9069,9,9,0.984140157699585
9070,0,0,0.9999902248382568
9071,1,8,0.47178611159324646
9072,2,2,0.99639892578125
9073,3,3,0.9874381422996521
9074,4,4,0.9534382224082947
9075,5,5,0.9823397994041443
9076,6,6,0.999916672706604
9077,7,7,0.9996978044509888
9078,8,8,0.9994458556175232
9079,9,9,0.9768359661102295
9080,0,0,0.9991399049758911
9081,1,1,0.9613932371139526
9082,2,2,0.817011833190918
9083,3,3,0.9998632669448853
9084,4,4,0.9586096405982971
9085,5,5,0.8701598644256592
9086,6,6,0.9999645948410034
9087,7,7,0.9997894167900085
9088,8,8,0.984820544719696
9089,9,9,0.9822738766670227
9090,1,1,0.9877896308898926
9091,6,6,0.9990629553794861
9092,8,8,0.8346526622772217
9093,9,9,0.9795230627059937
9094,9,9,0.9960591793060303
9095,0,0,0.9999347925186157
9096,1,1,0.9746853709220886
9097,2,2,0.9916319251060486
9098,4,4,0.9907388687133789
9099,4,4,0.9830411672592163
9100,3,3,0.9988289475440979
9101,7,7,0.9982118606567383
9102,4,4,0.9706284403800964
9103,4,4,0.27724725008010864
9104,4,4,0.9064003825187683
9105,0,0,0.9999818801879883
9106,3,3,0.9988546371459961
9107,8,8,0.9656877517700195
9108,7,7,0.995387613773346
9109,5,5,0.9976213574409485
9110,8,8,0.6620022058486938
9111,2,2,0.9997475743293762
9112,1,1,0.7896555662155151
9113,7,7,0.9993213415145874
9114,5,5,0.9945467710494995
9115,3,3,0.9989320635795593
9116,8,8,0.9742684364318848
9117,5,5,0.9466487765312195
9118,2,2,0.9935557246208191
9119,5,5,0.8560112714767456
9120,1,1,0.9742808938026428
9121,1,1,0.976984441280365
9122,6,6,0.9992727637290955
9123,2,2,0.9973902106285095
9124,1,1,0.993316650390625
9125,3,3,0.9995872378349304
9126,8,8,0.9694259762763977
9127,6,6,0.9653537273406982
9128,4,4,0.38298651576042175
9129,2,2,0.9985541701316833
9130,6,6,0.9682401418685913
9131,2,2,0.9998420476913452
9132,5,5,0.8232744336128235
9133,5,5,0.8821839094161987
9134,0,0,0.9999727010726929
9135,2,2,0.9998780488967896
9136,8,8,0.9383218884468079
9137,0,0,0.9999730587005615
9138,6,6,0.9995518326759338
9139,8,8,0.7130167484283447
9140,1,1,0.9966932535171509
9141,7,9,0.5058266520500183
9142,9,9,0.9815011620521545
9143,1,1,0.9843313694000244
9144,9,9,0.9877514839172363
9145,2,2,0.9899771213531494
9146,6,6,0.99899822473526
9147,7,7,0.9990555644035339
9148,6,6,0.997219443321228
9149,6,6,0.9986510872840881
9150,8,8,0.9609845280647278
9151,7,7,0.9992969036102295
9152,4,4,0.9800384640693665
9153,9,9,0.7341184020042419
9154,2,2,0.9988685846328735
9155,1,1,0.970845639705658
9156,3,3,0.9938468337059021
9157,3,3,0.9992771744728088
9158,0,0,0.9895429611206055
9159,5,5,0.9764854907989502
9160,5,5,0.9965389966964722
9161,8,8,0.9652479290962219
9162,0,0,0.9997112154960632
9163,3,3,0.9599485993385315
9164,7,7,0.999657154083252
9165,9,9,0.8773038983345032
9166,7,7,0.99817955493927
9167,0,0,0.9998086094856262
9168,2,2,0.45611444115638733
9169,7,7,0.9968157410621643
9170,9,9,0.7157545685768127
9171,1,1,0.9894232153892517
9172,7,7,0.9848629832267761
9173,8,8,0.8842423558235168
9174,0,0,0.9999818801879883
9175,3,3,0.9987537860870361
9176,5,5,0.9429147243499756
9177,3,3,0.9989099502563477
9178,6,6,0.9996970891952515
9179,0,0,0.9992874264717102
9180,1,1,0.9686043858528137
9181,2,2,0.9991263747215271
9182,3,9,0.39750656485557556
9183,4,4,0.9916877150535583
9184,5,5,0.9910847544670105
9185,6,6,0.9995248317718506
9186,7,7,0.9929413795471191
9187,8,8,0.9754948616027832
9188,9,9,0.9175673127174377
9189,0,0,0.9987169504165649
9190,1,1,0.9660666584968567
9191,2,2,0.9961597919464111
9192,3,3,0.9942073822021484
9193,4,4,0.9852568507194519
9194,5,5,0.942002534866333
9195,6,6,0.9998438358306885
9196,7,7,0.9914692044258118
9197,8,8,0.9214784502983093
9198,9,9,0.915805995464325
9199,0,0,0.9999808073043823
9200,1,1,0.9611666798591614
9201,2,2,0.9977370500564575
9202,3,3,0.7866610884666443
9203,4,4,0.9267296195030212
9204,7,7,0.9986328482627869
9205,8,8,0.8596049547195435
9206,9,9,0.9121068120002747
9207,6,6,0.9976072311401367
9208,4,4,0.8602421879768372
9209,2,8,0.5117124319076538
9210,6,6,0.8675668239593506
9211,4,4,0.4302001893520355
9212,7,7,0.9965445399284363
9213,8,8,0.9951767921447754
9214,9,9,0.3787667453289032
9215,2,2,0.9349759817123413
9216,9,9,0.9417030811309814
9217,3,3,0.8812780976295471
9218,9,9,0.9708685278892517
9219,3,3,0.9966161847114563
9220,0,0,0.999968409538269
9221,0,0,0.9986365437507629
9222,1,1,0.9891396164894104
9223,0,0,0.9999649524688721
9224,4,4,0.973694384098053
9225,2,2,0.9870783090591431
9226,6,6,0.9987413287162781
9227,3,3,0.9377422332763672
9228,5,5,0.9927365779876709
9229,3,3,0.9756515622138977
9230,0,0,0.9998633861541748
9231,3,3,0.9106050133705139
9232,4,4,0.9997609257698059
9233,1,1,0.9647690653800964
9234,5,5,0.9528052806854248
9235,3,3,0.9933621883392334
9236,0,0,0.9989839196205139
9237,8,8,0.8949634432792664
9238,3,3,0.9267125725746155
9239,0,0,0.9994578957557678
9240,6,6,0.999560534954071
9241,1,1,0.9843355417251587
9242,7,7,0.9981727600097656
9243,8,8,0.8541585803031921
9244,0,0,0.9995492100715637
9245,9,7,0.6706451773643494
9246,2,2,0.9988585710525513
9247,6,6,0.9999295473098755
9248,7,7,0.9830998182296753
9249,1,1,0.9105156660079956
9250,9,9,0.9914051294326782
9251,6,6,0.9997846484184265
9252,9,9,0.7360769510269165
9253,4,4,0.8871086239814758
9254,9,9,0.9199991226196289
9255,9,9,0.8066530823707581
9256,6,6,0.8975464105606079
9257,7,7,0.9823688864707947
9258,1,1,0.9888801574707031
9259,2,2,0.9752659797668457
9260,5,5,0.9804431796073914
9261,3,3,0.9970613121986389
9262,7,7,0.9938614368438721
9263,8,8,0.8983021974563599
9264,0,0,0.9685858488082886
9265,1,1,0.9641828536987305
9266,2,2,0.9507266283035278
9267,4,4,0.9754000306129456
9268,5,5,0.7862610816955566
9269,6,6,0.9894120097160339
9270,7,7,0.9863954782485962
9271,8,8,0.9752600789070129
9272,9,9,0.937979519367218
9273,0,0,0.9586693644523621
9274,1,1,0.9673479199409485
9275,3,3,0.9963208436965942
9276,4,4,0.9982196688652039
9277,5,5,0.9587956666946411
9278,6,6,0.9757310748100281
9279,7,7,0.9987996816635132
9280,8,5,0.6296947002410889
9281,0,0,0.9895567297935486
9282,1,1,0.9894497990608215
9283,3,3,0.970946729183197
9284,4,4,0.9927470088005066
9285,7,7,0.9938809871673584
9286,8,8,0.9490524530410767
9287,9,9,0.9410597085952759
9288,7,7,0.9949213862419128
9289,5,5,0.9716633558273315
9290,5,5,0.8764087557792664
9291,1,1,0.9960126876831055
9292,9,9,0.9635896682739258
9293,9,9,0.8925182819366455
9294,7,7,0.9986218214035034
9295,1,1,0.980232834815979
9296,0,0,0.9173538088798523
9297,0,0,0.8216436505317688
9298,5,5,0.9869250059127808
9299,9,9,0.9704959392547607
9300,7,7,0.9989299178123474
9301,1,1,0.9863727688789368
9302,7,7,0.9925875067710876
9303,2,2,0.7572296857833862
9304,2,2,0.9509415030479431
9305,3,3,0.9950149655342102
9306,6,6,0.9980892539024353
9307,8,8,0.9836865067481995
9308,3,3,0.9454452991485596
9309,2,2,0.6602151393890381
9310,0,0,0.9888966083526611
9311,0,0,0.9818664193153381
9312,6,6,0.9864006042480469
9313,1,1,0.96455317735672
9314,7,7,0.9940637946128845
9315,5,5,0.9153261184692383
9316,8,3,0.4434647262096405
9317,6,6,0.7555200457572937
9318,2,2,0.9647938013076782
9319,9,9,0.9472343325614929
9320,4,4,0.9655117988586426
9321,8,8,0.8393473029136658
9322,8,8,0.9560447335243225
9323,7,7,0.9979093670845032
9324,1,1,0.9915325045585632
9325,0,0,0.9810032844543457
9326,8,8,0.8778418898582458
9327,7,7,0.9983841180801392
9328,7,7,0.9984797835350037
9329,5,5,0.9935294985771179
9330,8,8,0.9566148519515991
9331,5,5,0.8474925756454468
9332,3,3,0.9411116242408752
9333,4,4,0.992570698261261
9334,6,6,0.9952464699745178
9335,1,1,0.9858707785606384
9336,1,1,0.9960642457008362
9337,5,5,0.928388774394989
9338,5,5,0.9170491695404053
9339,0,0,0.9745669960975647
9340,7,7,0.9876583218574524
9341,2,2,0.9730211496353149
9342,3,3,0.8407184481620789
9343,6,6,0.9950835704803467
9344,4,4,0.977776288986206
9345,1,1,0.9952722191810608
9346,2,2,0.9171866178512573
9347,4,4,0.9880682826042175
9348,1,1,0.993343710899353
9349,5,5,0.9894412755966187
9350,4,4,0.92502760887146
9351,2,2,0.9208036661148071
9352,0,0,0.9754651188850403
9353,4,4,0.9538847804069519
9354,8,8,0.9580647349357605
9355,6,6,0.9360784292221069
9356,1,1,0.9924466609954834
9357,9,9,0.8897502422332764
9358,0,0,0.9955083131790161
9359,2,2,0.9742223620414734
9360,5,5,0.9935169219970703
9361,6,6,0.9764198064804077
9362,9,9,0.9427419900894165
9363,3,3,0.9776535630226135
9364,6,6,0.916299045085907
9365,3,3,0.9973648190498352
9366,6,6,0.6899999380111694
9367,0,0,0.9998691082000732
9368,1,1,0.9929146766662598
9369,2,2,0.9989186525344849
9370,3,3,0.999444305896759
9371,4,4,0.975640058517456
9372,5,5,0.9894758462905884
9373,6,6,0.9866523146629333
9374,7,7,0.9967626333236694
9375,8,8,0.9425846934318542
9376,9,9,0.9840139746665955
9377,0,0,0.9995075464248657
9378,1,1,0.9941436648368835
9379,2,2,0.9998587369918823
9380,3,3,0.9987047910690308
9381,4,4,0.9791229963302612
9382,5,5,0.9021172523498535
9383,6,6,0.9995619654655457
9384,7,7,0.9989965558052063
9385,8,8,0.7133855223655701
9386,9,9,0.9247919321060181
9387,0,0,0.9998961687088013
9388,1,1,0.9509993195533752
9389,2,2,0.9999969005584717
9390,3,3,0.9975778460502625
9391,5,5,0.9856672883033752
9392,6,6,0.9958353042602539
9393,7,7,0.9995051622390747
9394,8,8,0.6532660126686096
9395,1,1,0.9912931323051453
9396,0,0,0.9968945980072021
9397,9,9,0.9597464203834534
9398,5,5,0.6981286406517029
9399,7,7,0.99068683385849
9400,5,5,0.9406939148902893
9401,1,1,0.988560140132904
9402,8,8,0.9858668446540833
9403,6,6,0.9983695149421692
9404,9,9,0.9936095476150513
9405,0,0,0.9928075075149536
9406,4,4,0.9348570704460144
9407,1,1,0.9954357743263245
9408,9,9,0.9503393173217773
9409,3,3,0.9610394835472107
9410,8,8,0.9131428003311157
9411,4,4,0.9255305528640747
9412,4,4,0.9975228905677795
9413,7,7,0.9870747327804565
9414,0,0,0.9994019269943237
9415,1,1,0.9929788708686829
9416,9,9,0.9647809267044067
9417,2,2,0.9874690771102905
9418,8,8,0.9374800324440002
9419,7,7,0.9979438185691833
9420,8,8,0.9860499501228333
9421,2,2,0.987338662147522
9422,5,3,0.5624813437461853
9423,9,9,0.9792947173118591
9424,6,6,0.9852747917175293
9425,0,0,0.8745099306106567
9426,6,4,0.5538626909255981
9427,5,3,0.5424175262451172
9428,5,5,0.8177642822265625
9429,3,3,0.8940981030464172
9430,3,3,0.9929953217506409
9431,3,3,0.9654631614685059
9432,9,9,0.987827479839325
9433,8,8,0.5525203943252563
9434,1,1,0.9936250448226929
9435,1,1,0.9828283190727234
9436,0,0,0.9651413559913635
9437,6,6,0.9677606225013733
9438,1,1,0.9976688027381897
9439,0,0,0.9995881915092468
9440,0,0,0.9993446469306946
9441,6,6,0.8955509662628174
9442,2,2,0.989240825176239
9443,1,1,0.9921839833259583
9444,1,1,0.9921604990959167
9445,3,3,0.9997237324714661
9446,2,6,0.4504333734512329
9447,7,7,0.9699511528015137
9448,7,7,0.9646534323692322
9449,8,8,0.8565025925636292
9450,8,8,0.7655060887336731
9451,7,7,0.9977806210517883
9452,8,8,0.9568480253219604
9453,4,4,0.9967623949050903
9454,6,6,0.9453017711639404
9455,0,0,0.9822044968605042
9456,2,2,0.5736718773841858
9457,0,0,0.9964582324028015
9458,7,7,0.984328031539917
9459,0,0,0.9994945526123047
9460,3,3,0.9988947510719299
9461,6,6,0.9992638230323792
9462,8,8,0.9882225394248962
9463,7,7,0.7259888052940369
9464,1,1,0.9859959483146667
9465,5,3,0.7380982041358948
9466,9,9,0.9638349413871765
9467,9,9,0.9528976082801819
9468,3,3,0.9168511033058167
9469,7,7,0.9974328875541687
9470,2,2,0.9967445135116577
9471,4,4,0.950873076915741
9472,9,9,0.9634062051773071
9473,4,4,0.9248335361480713
9474,3,3,0.9785096645355225
9475,6,6,0.9970945119857788
9476,2,2,0.9996376037597656
9477,2,2,0.9821292757987976
9478,5,5,0.7366185784339905
9479,3,3,0.8585965037345886
9480,2,2,0.9999310970306396
9481,5,5,0.9838790893554688
9482,5,3,0.809059202671051
9483,9,9,0.9238185882568359
9484,4,4,0.9941154718399048
9485,1,1,0.9667387008666992
9486,7,7,0.9994613528251648
9487,2,2,0.8476033210754395
9488,0,0,0.9998093247413635
9489,1,1,0.9962661862373352
9490,2,2,0.8574191331863403
9491,3,3,0.9934034943580627
9492,4,4,0.852871835231781
9493,5,5,0.940951943397522
9494,6,6,0.9982983469963074
9495,7,7,0.9968969821929932
9496,8,8,0.9968968629837036
9497,9,9,0.831602156162262
9498,0,0,0.9994638562202454
9499,1,1,0.9858400821685791
9500,2,2,0.969813346862793
9501,3,3,0.9951205849647522
9502,4,4,0.9717152714729309
9503,5,5,0.9914803504943848
9504,6,6,0.9948790073394775
9505,7,7,0.9994745850563049
9506,8,8,0.6941816806793213
9507,9,9,0.8783756494522095
9508,0,0,0.6598755717277527
9509,1,1,0.8707387447357178
9510,2,2,0.9998799562454224
9511,3,3,0.9910484552383423
9512,4,4,0.9482383131980896
9513,5,5,0.8415656685829163
9514,6,6,0.9179072976112366
9515,7,7,0.9999480247497559
9516,8,8,0.9991655349731445
9517,9,9,0.874269962310791
9518,1,1,0.9861542582511902
9519,0,0,0.9998095631599426
9520,1,1,0.9719359278678894
9521,2,2,0.9989209175109863
9522,7,7,0.8272961378097534
9523,5,5,0.9884477257728577
9524,3,3,0.9927338361740112
9525,4,4,0.9992283582687378
9526,4,4,0.9802899956703186
9527,0,0,0.9978713989257812
9528,0,0,0.9999858140945435
9529,6,6,0.9943451881408691
9530,9,9,0.4185428321361542
9531,6,6,0.9552038908004761
9532,6,6,0.9933229088783264
9533,5,5,0.9636983871459961
9534,7,9,0.5145544409751892
9535,2,2,0.9647791385650635
9536,3,3,0.8436284065246582
9537,4,4,0.9536111950874329
9538,4,9,0.3634118437767029
9539,9,9,0.8550757765769958
9540,1,1,0.9573559165000916
9541,4,4,0.7630391120910645
9542,0,0,0.996030867099762
9543,7,7,0.9922595620155334
9544,9,7,0.6948610544204712
9545,5,5,0.9876477718353271
9546,7,7,0.9513300061225891
9547,2,2,0.998877227306366
9548,3,3,0.9995089769363403
9549,1,1,0.986989438533783
9550,4,4,0.9959118366241455
9551,4,4,0.9917451739311218
9552,0,0,0.9935579895973206
9553,9,9,0.8696227669715881
9554,9,7,0.7207242846488953
9555,6,6,0.9906332492828369
9556,1,1,0.6384444832801819
9557,8,8,0.9976351261138916
9558,3,3,0.9686023592948914
9559,3,3,0.9208215475082397
9560,7,7,0.3996778726577759
9561,3,3,0.9825075268745422
9562,9,9,0.907371997833252
9563,8,8,0.9982019662857056
9564,8,8,0.7987378239631653
9565,4,4,0.9829736948013306
9566,7,7,0.9996480941772461
9567,7,7,0.9971780776977539
9568,6,6,0.9992904663085938
9569,2,2,0.9986995458602905
9570,1,1,0.9923957586288452
9571,9,9,0.9049032926559448
9572,8,8,0.9774452447891235
9573,7,7,0.9999074935913086
9574,8,8,0.9961611032485962
9575,8,8,0.9989909529685974
9576,7,7,0.9664409756660461
9577,2,2,0.9961257576942444
9578,2,2,0.9989641904830933
9579,3,3,0.999638557434082
9580,9,9,0.9452453255653381
9581,3,3,0.9985893368721008
9582,3,3,0.998195469379425
9583,5,5,0.9920825958251953
9584,5,5,0.9944156408309937
9585,0,0,0.9996476173400879
9586,7,7,0.9975359439849854
9587,9,4,0.9535008668899536
9588,5,5,0.9924049973487854
9589,6,6,0.9964489936828613
9590,5,5,0.9990823268890381
9591,1,1,0.9413133263587952
9592,4,4,0.93891441822052
9593,1,1,0.9887410998344421
9594,1,1,0.7960556149482727
9595,2,8,0.5092688798904419
9596,8,8,0.9987133741378784
9597,2,2,0.9993938207626343
9598,6,6,0.9953880906105042
9599,1,1,0.9169474244117737
9600,5,5,0.970583975315094
9601,0,0,0.9983505010604858
9602,1,1,0.9862185120582581
9603,2,2,0.9972524046897888
9604,3,3,0.9976902008056641
9605,4,4,0.9995885491371155
9606,5,5,0.8939156532287598
9607,6,6,0.7068949341773987
9608,7,7,0.999441921710968
9609,8,8,0.9995123147964478
9610,9,9,0.7934523224830627
9611,0,0,0.998863935470581
9612,1,1,0.745430588722229
9613,2,2,0.9488308429718018
9614,3,5,0.5839109420776367
9615,4,4,0.9987547397613525
9616,5,5,0.994705855846405
9617,6,6,0.6959308981895447
9618,7,7,0.9950504899024963
9619,8,8,0.9733151197433472
9620,9,9,0.9367336630821228
9621,0,0,0.9902582168579102
9622,1,1,0.9827460050582886
9623,2,2,0.9987697005271912
9624,3,8,0.9273400902748108
9625,4,4,0.9897280335426331
9626,5,5,0.9779977202415466
9627,6,6,0.8736439943313599
9628,7,7,0.9956476092338562
9629,8,8,0.9687020182609558
9630,8,8,0.9218451380729675
9631,0,0,0.9920312166213989
9632,6,6,0.749144434928894
9633,0,0,0.9965938925743103
9634,0,3,0.8702273368835449
9635,2,2,0.9988471269607544
9636,3,3,0.8709077835083008
9637,7,7,0.9985040426254272
9638,9,9,0.9156332612037659
9639,4,4,0.9377734661102295
9640,7,7,0.963275671005249
9641,1,1,0.9310423731803894
9642,9,7,0.7013919353485107
9643,1,7,0.6875006556510925
9644,7,7,0.9791527390480042
9645,1,1,0.9606052041053772
9646,4,4,0.9941657781600952
9647,0,0,0.9981141090393066
9648,0,0,0.9993477463722229
9649,1,1,0.9078419208526611
9650,7,7,0.9956002235412598
9651,5,5,0.7885873317718506
9652,7,7,0.9610269069671631
9653,1,1,0.7585815787315369
9654,3,3,0.9001505374908447
9655,3,3,0.659263014793396
9656,3,3,0.976223349571228
9657,1,1,0.991378903388977
9658,6,6,0.917840838432312
9659,9,9,0.9591028690338135
9660,7,7,0.9921557307243347
9661,1,1,0.9698231816291809
9662,3,2,0.6069610118865967
9663,0,0,0.9990405440330505
9664,2,2,0.6459466814994812
9665,6,6,0.9734551906585693
9666,0,0,0.7106639742851257
9667,8,8,0.9965505599975586
9668,9,9,0.9858291149139404
9669,4,4,0.694972813129425
9670,3,3,0.6988154649734497
9671,5,5,0.9496412873268127
9672,4,4,0.9711155891418457
9673,8,8,0.9949318766593933
9674,1,1,0.9887151122093201
9675,5,5,0.9615478515625
9676,9,9,0.9797413349151611
9677,0,0,0.6205011010169983
9678,6,6,0.8032326102256775
9679,6,5,0.5941777229309082
9680,3,3,0.6089050769805908
9681,8,8,0.9746140241622925
9682,1,1,0.9894989728927612
9683,4,4,0.9917114973068237
9684,7,7,0.9180318713188171
9685,5,5,0.9877969622612
9686,2,2,0.9065492749214172
9687,0,0,0.9059951305389404
9688,0,0,0.992299497127533
9689,1,1,0.986599326133728
9690,7,7,0.9984764456748962
9691,8,8,0.969903826713562
9692,9,7,0.4419857859611511
9693,6,6,0.9356999397277832
9694,8,8,0.9298405647277832
9695,8,8,0.9496654868125916
9696,2,2,0.6464038491249084
9697,3,3,0.7405000925064087
9698,6,5,0.7376937866210938
9699,1,1,0.9878942370414734
9700,2,8,0.4167203903198242
9701,9,9,0.9565761089324951
9702,5,5,0.9924565553665161
9703,2,2,0.9108446836471558
9704,0,0,0.9965812563896179
9705,1,1,0.9917452931404114
9706,2,2,0.9974939823150635
9707,3,3,0.9989973902702332
9708,4,4,0.9834926128387451
9709,5,5,0.9048646092414856
9710,6,6,0.9988787770271301
9711,7,7,0.9758452773094177
9712,8,8,0.7050650119781494
9713,9,9,0.6457962989807129
9714,0,0,0.9989618062973022
9715,1,1,0.9853883385658264
9716,2,0,0.45684799551963806
9717,3,3,0.9989392161369324
9718,4,4,0.9931954145431519
9719,5,0,0.6467480659484863
9720,6,6,0.9717965126037598
9721,7,7,0.9770873785018921
9722,8,8,0.9882810711860657
9723,9,9,0.8808588981628418
9724,0,0,0.9837252497673035
9725,1,1,0.9903443455696106
9726,2,2,0.8159903287887573
9727,3,3,0.9971904158592224
9728,4,4,0.7074571251869202
9729,5,6,0.9661046862602234
9730,6,6,0.9929405450820923
9731,7,7,0.9261860847473145
9732,8,5,0.80289226770401
9733,9,8,0.5863090753555298
9734,7,7,0.7862117886543274
9735,4,1,0.30786117911338806
9736,6,6,0.9908652901649475
9737,1,1,0.9918658137321472
9738,4,6,0.44601741433143616
9739,0,0,0.9616218209266663
9740,9,4,0.4689883589744568
9741,9,7,0.4754786789417267
9742,3,3,0.9741936326026917
9743,7,7,0.9919713735580444
9744,8,1,0.8934343457221985
9745,4,2,0.8062392473220825
9746,7,7,0.9015204310417175
9747,5,5,0.8373004198074341
9748,8,8,0.982346773147583
9749,5,6,0.904475748538971
9750,3,3,0.9989301562309265
9751,2,2,0.9048590660095215
9752,2,0,0.5639769434928894
9753,0,0,0.9819276332855225
9754,5,5,0.7345321178436279
9755,8,8,0.6462683081626892
9756,6,6,0.9954566955566406
9757,0,0,0.9913142323493958
9758,3,3,0.7825940251350403
9759,8,8,0.9327993988990784
9760,1,1,0.9712136387825012
9761,0,0,0.9405075907707214
9762,3,3,0.8198478817939758
9763,0,0,0.8685393929481506
9764,4,8,0.46138060092926025
9765,7,7,0.9326037764549255
9766,4,4,0.961588978767395
9767,9,9,0.5839318037033081
9768,2,0,0.8064349889755249
9769,9,9,0.868972897529602
9770,5,0,0.9856413006782532
9771,7,7,0.8898217678070068
9772,1,1,0.9923513531684875
9773,7,7,0.920992910861969
9774,1,1,0.9960849285125732
9775,6,6,0.9214409589767456
9776,6,6,0.9901462197303772
9777,5,0,0.5727820992469788
9778,6,6,0.9958308339118958
9779,2,0,0.8797041177749634
9780,8,1,0.41069191694259644
9781,7,7,0.941526472568512
9782,6,6,0.9234817624092102
9783,4,4,0.5628783702850342
9784,9,9,0.8275701999664307
9785,9,9,0.9784795641899109
9786,5,5,0.842354953289032
9787,3,3,0.9909947514533997
9788,7,7,0.9527044892311096
9789,4,4,0.9213532209396362
9790,3,3,0.9874634742736816
9791,0,0,0.9962366223335266
9792,4,8,0.48766717314720154
9793,6,6,0.9760639667510986
9794,6,6,0.9902054667472839
9795,1,1,0.9740679860115051
9796,1,1,0.9792212843894958
9797,3,3,0.9960502982139587
9798,2,2,0.9955267310142517
9799,1,1,0.9961308240890503
9800,0,0,0.9492544531822205
9801,0,0,0.9940184354782104
9802,1,1,0.9882450103759766
9803,2,2,0.8552887439727783
9804,3,3,0.9813026785850525
9805,4,4,0.9986172914505005
9806,7,7,0.9900333285331726
9807,8,8,0.9919447302818298
9808,9,4,0.874418318271637
9809,0,0,0.9840354323387146
9810,1,1,0.9869489073753357
9811,2,8,0.8518297076225281
9812,3,3,0.9435428380966187
9813,4,4,0.9798890948295593
9814,5,5,0.8599188327789307
9815,6,6,0.9909107089042664
9816,7,7,0.9573767781257629
9817,8,8,0.6251112222671509
9818,0,0,0.9870293140411377
9819,1,1,0.9794275760650635
9820,2,2,0.9486825466156006
9821,3,3,0.9996398687362671
9822,4,4,0.998128354549408
9823,7,7,0.991605281829834
9824,8,8,0.9859207272529602
9825,9,9,0.9710129499435425
9826,0,0,0.754778265953064
9827,8,8,0.8581209778785706
9828,3,3,0.9261056184768677
9829,9,9,0.8392488956451416
9830,5,5,0.9175326228141785
9831,5,5,0.6133522987365723
9832,2,2,0.5158182978630066
9833,6,6,0.9009307622909546
9834,8,8,0.7161483764648438
9835,4,4,0.6478212475776672
9836,1,1,0.988400936126709
9837,7,7,0.9866743683815002
9838,1,1,0.9790388941764832
9839,2,7,0.66593998670578
9840,3,0,0.5973993539810181
9841,5,5,0.9347671866416931
9842,6,6,0.9798133373260498
9843,9,9,0.7323412895202637
9844,1,1,0.9845326542854309
9845,1,1,0.9717501401901245
9846,1,1,0.9674769043922424
9847,2,2,0.5072619318962097
9848,1,1,0.9763789772987366
9849,2,2,0.8517138361930847
9850,0,0,0.9980466365814209
9851,7,7,0.9943535327911377
9852,7,7,0.9586979746818542
9853,5,5,0.6880760192871094
9854,8,8,0.8410828709602356
9855,2,2,0.5025674700737
9856,9,5,0.33471646904945374
9857,8,8,0.6402348875999451
9858,6,3,0.49369508028030396
9859,7,7,0.8463000059127808
9860,3,3,0.9552409648895264
9861,4,4,0.9971956014633179
9862,6,6,0.8522792458534241
9863,8,8,0.6354540586471558
9864,7,7,0.9500607848167419
9865,0,0,0.964817225933075
9866,4,4,0.9977471232414246
9867,2,8,0.7562101483345032
9868,7,7,0.9527158737182617
9869,7,7,0.9799399971961975
9870,5,5,0.8598517775535583
9871,4,4,0.9931859970092773
9872,3,3,0.9919524788856506
9873,4,4,0.8316742777824402
9874,2,8,0.49287277460098267
9875,8,8,0.5755215883255005
9876,1,1,0.9837040305137634
9877,5,5,0.717836320400238
9878,1,1,0.9842722415924072
9879,0,2,0.3685574233531952
9880,2,2,0.8037549257278442
9881,3,3,0.6704517006874084
9882,3,3,0.8973051309585571
9883,5,6,0.5277795791625977
9884,7,7,0.9624934792518616
9885,0,0,0.9853829145431519
9886,6,6,0.8338150382041931
9887,8,8,0.8476091623306274
9888,6,8,0.31340259313583374
9889,3,3,0.6209542751312256
9890,9,4,0.5036579966545105
9891,9,9,0.4115290343761444
9892,8,6,0.5758480429649353
9893,2,8,0.7734742164611816
9894,7,7,0.9855238795280457
9895,7,7,0.958676278591156
9896,1,1,0.9865671992301941
9897,0,0,0.9948601722717285
9898,1,1,0.9921282529830933
9899,7,7,0.9948463439941406
9900,8,8,0.8816663026809692
9901,9,4,0.4977867007255554
9902,0,0,0.9493892788887024
9903,1,1,0.9492574334144592
9904,2,2,0.9149497747421265
9905,3,9,0.644995391368866
9906,4,4,0.8024047613143921
9907,5,5,0.9693194627761841
9908,6,6,0.9988082647323608
9909,7,7,0.9684330821037292
9910,8,8,0.7771874070167542
9911,0,0,0.987748384475708
9912,1,1,0.9374350905418396
9913,2,2,0.9779807329177856
9914,3,3,0.9199451208114624
9915,4,4,0.9899174571037292
9916,7,7,0.6458426713943481
9917,8,8,0.9885382652282715
9918,9,9,0.8024757504463196
9919,7,7,0.8508782386779785
9920,8,8,0.984636664390564
9921,6,2,0.6134945154190063
9922,4,4,0.7778279781341553
9923,1,1,0.9916476011276245
9924,9,9,0.8679983019828796
9925,3,2,0.7170873284339905
9926,8,8,0.7509514689445496
9927,4,4,0.9740127921104431
9928,4,4,0.9569458961486816
9929,7,7,0.833489716053009
9930,0,0,0.9881305694580078
9931,1,1,0.9810426235198975
9932,9,9,0.9100327491760254
9933,2,2,0.9989690780639648
9934,8,8,0.8900617957115173
9935,7,7,0.9436054229736328
9936,8,8,0.7782362699508667
9937,2,2,0.9315738081932068
9938,6,6,0.9954969882965088
9939,0,0,0.9948234558105469
9940,6,6,0.4800878167152405
9941,5,6,0.49682965874671936
9942,3,3,0.988440990447998
9943,3,8,0.4503735303878784
9944,3,9,0.6813129782676697
9945,9,9,0.8950546383857727
9946,1,1,0.9741588830947876
9947,4,4,0.7878594398498535
9948,0,0,0.9055383801460266
9949,6,6,0.9942337870597839
9950,1,1,0.9812538623809814
9951,0,0,0.9585112929344177
9952,0,0,0.9986308217048645
9953,6,6,0.5011433959007263
9954,2,2,0.9372043609619141
9955,1,1,0.8120927810668945
9956,1,1,0.9506617784500122
9957,7,7,0.8591467142105103
9958,7,7,0.9564512968063354
9959,8,7,0.30280983448028564
9960,4,4,0.9558854699134827
9961,6,6,0.9898808598518372
9962,0,0,0.9324169754981995
9963,7,7,0.9904937148094177
9964,0,0,0.9863044619560242
9965,3,3,0.9537583589553833
9966,6,6,0.9723184108734131
9967,8,8,0.8254680633544922
9968,7,7,0.9853297472000122
9969,1,1,0.9864137768745422
9970,5,3,0.9244324564933777
9971,2,2,0.9967753291130066
9972,4,4,0.9897215962409973
9973,9,9,0.9144471883773804
9974,4,4,0.9956557750701904
9975,3,2,0.6136680245399475
9976,6,6,0.9702680706977844
9977,4,4,0.9846400022506714
9978,1,1,0.9919732809066772
9979,7,7,0.9755784869194031
9980,2,2,0.5017966628074646
9981,6,6,0.9140185117721558
9982,5,2,0.4793320894241333
9983,0,0,0.9999189376831055
9984,1,1,0.949307918548584
9985,2,2,0.9484226703643799
9986,3,8,0.6533267498016357
9987,4,4,0.9913614392280579
9988,5,5,0.9913036823272705
9989,6,6,0.9996243715286255
9990,7,7,0.9969643950462341
9991,8,8,0.8916639089584351
9992,9,9,0.8853249549865723
9993,0,0,0.9885432720184326
9994,1,1,0.9899420738220215
9995,2,2,0.9989307522773743
9996,3,3,0.9993233680725098
9997,4,4,0.9630794525146484
9998,5,5,0.9003296494483948
9999,6,6,0.9994310736656189
