sample_id,true_label,predicted_label,confidence
0,7,7,0.999984860420227
1,2,2,0.9999890327453613
2,1,1,0.9998816251754761
3,0,0,0.9999068975448608
4,4,4,0.9995984435081482
5,1,1,0.9999411106109619
6,4,4,0.99796462059021
7,9,9,0.9983674883842468
8,5,5,0.9936497807502747
9,9,9,0.9997648596763611
10,0,0,0.9999978542327881
11,6,6,0.9995273351669312
12,9,9,0.9999828338623047
13,0,0,0.9999871253967285
14,1,1,0.9999241828918457
15,5,5,0.9989314675331116
16,9,9,0.9999371767044067
17,7,7,0.9999891519546509
18,3,3,0.7869541645050049
19,4,4,0.9999986886978149
20,9,9,0.996515154838562
21,6,6,0.998970627784729
22,6,6,0.99928879737854
23,5,5,0.9999943971633911
24,4,4,0.9935466647148132
25,0,0,0.9999630451202393
26,7,7,0.9999309778213501
27,4,4,0.9999955892562866
28,0,0,0.9998377561569214
29,1,1,0.999852180480957
30,3,3,0.9999957084655762
31,1,1,0.9961307048797607
32,3,3,0.9999995231628418
33,4,4,0.9920912981033325
34,7,7,0.9998294115066528
35,2,2,0.9999983310699463
36,7,7,0.9975916147232056
37,1,1,0.999678373336792
38,2,2,0.9997684359550476
39,1,1,0.9999542236328125
40,1,1,0.9979103207588196
41,7,7,0.9902389049530029
42,4,4,0.9999730587005615
43,2,2,0.9999194145202637
44,3,3,0.9998434782028198
45,5,5,0.998734176158905
46,1,1,0.9997742772102356
47,2,2,0.9999997615814209
48,4,4,0.9998169541358948
49,4,4,0.9999942779541016
50,6,6,0.9998121857643127
51,3,3,0.9999988079071045
52,5,5,0.9999842643737793
53,5,5,0.9998310804367065
54,6,6,0.9999220371246338
55,0,0,0.9998756647109985
56,4,4,0.9999997615814209
57,1,1,0.9992294311523438
58,9,9,0.9999808073043823
59,5,5,0.9890235662460327
60,7,7,0.9999903440475464
61,8,8,0.9998818635940552
62,9,9,0.9744885563850403
63,3,3,0.9478186964988708
64,7,7,0.9999686479568481
65,4,4,0.9804881811141968
66,6,6,0.997572124004364
67,4,4,0.9966533780097961
68,3,3,0.9999996423721313
69,0,0,0.9999977350234985
70,7,7,0.9999978542327881
71,0,0,1.0
72,2,2,0.9967724680900574
73,9,9,0.9972158670425415
74,1,1,0.9997794032096863
75,7,7,0.9999858140945435
76,3,3,0.9999233484268188
77,2,2,0.9998764991760254
78,9,9,0.9785470366477966
79,7,7,0.9953835606575012
80,7,7,0.9350544214248657
81,6,6,0.9996167421340942
82,2,2,0.9999996423721313
83,7,7,0.9999066591262817
84,8,8,0.9999451637268066
85,4,4,0.9999990463256836
86,7,7,0.9999358654022217
87,3,3,0.9997560381889343
88,6,6,0.9999873638153076
89,1,1,0.9996428489685059
90,3,3,0.9997962117195129
91,6,6,0.9998798370361328
92,9,9,0.9757283926010132
93,3,3,0.9997839331626892
94,1,1,0.9995846152305603
95,4,4,0.8360118269920349
96,1,1,0.9852107167243958
97,7,7,0.9955162405967712
98,6,6,0.9855097532272339
99,9,9,0.9999983310699463
100,6,6,0.9990594983100891
101,0,0,0.9999990463256836
102,5,5,0.9999889135360718
103,4,4,1.0
104,9,9,0.9997747540473938
105,9,9,0.9999982118606567
106,2,2,0.9999911785125732
107,1,1,0.9990425705909729
108,9,9,0.9993818998336792
109,4,4,0.9999947547912598
110,8,8,0.9999599456787109
111,7,7,0.9989272952079773
112,3,3,0.9999566078186035
113,9,9,0.9999992847442627
114,7,7,0.9992420673370361
115,4,4,0.7674594521522522
116,4,4,0.999874472618103
117,4,4,0.9999988079071045
118,9,9,0.9992223978042603
119,2,2,0.9641702175140381
120,5,5,0.9999772310256958
121,4,4,0.9997879862785339
122,7,7,0.9976453185081482
123,6,6,0.9998927116394043
124,7,7,0.996364414691925
125,9,9,0.9811122417449951
126,0,0,0.9999279975891113
127,5,5,0.9999815225601196
128,8,8,0.9999984502792358
129,5,5,0.9999984502792358
130,6,6,0.9998722076416016
131,6,6,0.9997686743736267
132,5,5,0.9999469518661499
133,7,7,0.9967659711837769
134,8,8,0.9999994039535522
135,1,1,0.999988317489624
136,0,0,0.9999127388000488
137,1,1,0.9997518658638
138,6,6,0.99998939037323
139,4,4,0.9885587692260742
140,6,6,0.9986467957496643
141,7,7,0.999998927116394
142,3,3,0.9999891519546509
143,1,1,0.9999783039093018
144,7,7,0.9997455477714539
145,1,1,0.9997382760047913
146,8,8,0.9999966621398926
147,2,2,0.9999994039535522
148,0,0,0.9999933242797852
149,2,2,0.9431077837944031
150,9,9,0.9999562501907349
151,9,9,0.8935773968696594
152,5,5,0.9999865293502808
153,5,5,0.9998304843902588
154,1,1,0.9997310042381287
155,5,5,0.9999394416809082
156,6,6,0.999997615814209
157,0,0,0.9999825954437256
158,3,3,0.9836666584014893
159,4,4,0.9903330206871033
160,4,4,0.9945479035377502
161,6,6,0.999902606010437
162,5,5,1.0
163,4,4,0.999996542930603
164,6,6,0.9996334314346313
165,5,5,0.999997615814209
166,4,4,0.9987236857414246
167,5,5,0.9959864020347595
168,1,1,0.99992835521698
169,4,4,0.9999347925186157
170,4,4,0.9999532699584961
171,7,7,0.9883171916007996
172,2,2,0.9998606443405151
173,3,3,0.9997926354408264
174,2,2,0.9999451637268066
175,7,7,0.9809038043022156
176,1,1,0.9994075298309326
177,8,8,0.999433696269989
178,1,1,0.9999947547912598
179,8,8,0.9998316764831543
180,1,1,0.9999051094055176
181,8,8,0.99992835521698
182,5,5,0.9999533891677856
183,0,0,0.9999997615814209
184,8,2,0.5500591993331909
185,9,9,0.9965839385986328
186,2,2,0.9999396800994873
187,5,5,0.999994158744812
188,0,0,1.0
189,1,1,0.99669349193573
190,1,1,0.9966585636138916
191,1,1,0.9990065693855286
192,0,0,0.9997819066047668
193,9,9,0.9938876032829285
194,0,0,0.9999752044677734
195,3,3,0.9826490879058838
196,1,1,0.9998888969421387
197,6,6,0.9996981620788574
198,4,4,0.999993085861206
199,2,2,0.991201639175415
200,3,3,0.9977951049804688
201,6,6,0.9999613761901855
202,1,1,0.9999687671661377
203,1,1,0.9988377690315247
204,1,1,0.999919056892395
205,3,3,0.999995231628418
206,9,9,0.9993878602981567
207,5,5,0.9994840621948242
208,2,2,0.9999974966049194
209,9,9,0.9998993873596191
210,4,4,0.9999426603317261
211,5,5,0.8208280205726624
212,9,9,0.9999983310699463
213,3,3,0.9998937845230103
214,9,9,0.9998445510864258
215,0,0,0.9999560117721558
216,3,3,1.0
217,6,6,0.9425858855247498
218,5,5,0.9999967813491821
219,5,5,0.999977707862854
220,7,7,0.9990130662918091
221,2,2,0.9819192886352539
222,2,2,0.9996603727340698
223,7,7,0.9999945163726807
224,1,1,0.9981727600097656
225,2,2,0.9993003606796265
226,8,8,0.9995695948600769
227,4,4,0.9974379539489746
228,1,1,0.9997915625572205
229,7,7,0.9998985528945923
230,3,3,0.9984069466590881
231,3,3,0.9997962117195129
232,8,8,0.9950467348098755
233,8,8,0.9996529817581177
234,7,7,0.9988753199577332
235,9,9,0.9960850477218628
236,2,2,0.9999905824661255
237,2,2,0.9999979734420776
238,4,4,0.9999980926513672
239,1,1,0.999919056892395
240,5,5,0.9999874830245972
241,9,9,0.9089210033416748
242,8,8,0.9992721676826477
243,7,7,0.9976422190666199
244,2,2,0.8492878675460815
245,3,3,0.9981885552406311
246,0,0,0.9999934434890747
247,4,2,0.48327159881591797
248,4,4,0.9999346733093262
249,2,2,0.9990321397781372
250,4,4,0.9356700778007507
251,1,1,0.9692108631134033
252,9,9,0.9999980926513672
253,5,5,0.9999819993972778
254,7,7,0.9999738931655884
255,7,7,0.9992450475692749
256,2,2,0.9998732805252075
257,8,8,0.9961047172546387
258,2,2,0.9999915361404419
259,6,0,0.8998446464538574
260,8,8,0.999997615814209
261,5,5,0.9999942779541016
262,7,7,0.9999983310699463
263,7,7,0.9999786615371704
264,9,9,0.7189610004425049
265,1,1,0.9999741315841675
266,8,8,0.9347216486930847
267,1,1,0.9999741315841675
268,8,8,0.994524359703064
269,0,0,0.9999955892562866
270,3,3,0.9996720552444458
271,0,0,0.999972939491272
272,1,1,0.9998401403427124
273,9,9,0.9999839067459106
274,9,9,0.9999926090240479
275,4,4,0.9997320771217346
276,1,1,0.9999881982803345
277,8,8,0.9999841451644897
278,2,2,0.9999918937683105
279,1,1,0.9999074935913086
280,2,2,0.9999802112579346
281,9,9,0.9999840259552002
282,7,7,0.9740018844604492
283,5,5,0.999968409538269
284,9,9,0.9999428987503052
285,2,2,0.9999998807907104
286,6,6,0.9928436875343323
287,4,4,0.9993131160736084
288,1,1,0.9996355772018433
289,5,5,0.9902820587158203
290,8,8,0.9701341986656189
291,2,2,0.9999126195907593
292,9,9,0.998953104019165
293,2,2,0.9999920129776001
294,0,0,0.9999148845672607
295,4,4,0.9992491602897644
296,0,0,0.9999996423721313
297,0,0,0.999984860420227
298,2,2,0.9999979734420776
299,8,8,0.9999775886535645
300,4,4,0.9974838495254517
301,7,7,0.9968205690383911
302,1,1,0.9999690055847168
303,2,2,0.9988460540771484
304,4,4,0.9999291896820068
305,0,0,0.9999929666519165
306,2,2,0.9999836683273315
307,7,7,0.9982064962387085
308,4,4,0.9999957084655762
309,3,3,0.9999970197677612
310,3,3,0.9999948740005493
311,0,0,0.999448835849762
312,0,0,0.9999880790710449
313,3,3,0.9997842907905579
314,1,1,0.9999744892120361
315,9,9,0.9999916553497314
316,6,6,0.9954255223274231
317,5,5,0.9952632188796997
318,2,2,0.898506224155426
319,5,5,0.9999960660934448
320,9,9,0.43928512930870056
321,2,2,0.7937803268432617
322,9,9,0.9999921321868896
323,3,3,0.9999991655349731
324,0,0,0.5389663577079773
325,4,4,0.9991211295127869
326,2,2,0.996713399887085
327,0,0,0.9999903440475464
328,7,7,0.9984595775604248
329,1,1,0.9999911785125732
330,1,1,0.9999794960021973
331,2,2,0.9999955892562866
332,1,1,0.999992847442627
333,5,5,0.9981380701065063
334,3,3,0.9999995231628418
335,3,3,0.9999058246612549
336,9,9,0.9990873336791992
337,7,7,0.999692440032959
338,8,8,0.9971297383308411
339,6,6,0.9794735312461853
340,5,5,0.876361072063446
341,6,6,0.9808613657951355
342,1,1,0.9999483823776245
343,3,3,0.9997665286064148
344,8,8,0.9998880624771118
345,1,1,0.999858021736145
346,0,0,0.9998466968536377
347,5,5,0.9890917539596558
348,1,1,0.9998632669448853
349,3,3,0.999980092048645
350,1,1,0.9996064305305481
351,5,5,0.9999973773956299
352,5,5,0.9998471736907959
353,6,6,0.9992578625679016
354,1,1,0.9995442032814026
355,8,8,0.9999315738677979
356,5,5,1.0
357,1,1,0.9973106384277344
358,7,7,0.9870042204856873
359,9,9,0.759232223033905
360,4,4,0.9999172687530518
361,6,6,0.9999936819076538
362,2,2,0.9984409213066101
363,2,2,0.9996492862701416
364,5,5,0.9999972581863403
365,0,0,0.9997616410255432
366,6,6,0.9034696221351624
367,5,5,0.9999632835388184
368,6,6,0.9988307356834412
369,3,3,0.9991924166679382
370,7,7,0.9999229907989502
371,2,2,0.9999996423721313
372,0,0,0.9993444085121155
373,8,8,0.9999972581863403
374,8,8,0.9999915361404419
375,5,5,0.9999991655349731
376,4,4,0.9911767244338989
377,1,1,0.9993925094604492
378,1,1,0.9999701976776123
379,4,4,0.9999983310699463
380,0,0,0.9999971389770508
381,3,3,0.5689677596092224
382,3,3,0.9999973773956299
383,7,7,0.9999212026596069
384,6,6,0.9999909400939941
385,1,1,0.9999735355377197
386,6,6,0.9924522042274475
387,2,2,0.9999979734420776
388,1,1,0.9999299049377441
389,9,9,0.9942881464958191
390,2,2,0.9999878406524658
391,8,8,0.9999792575836182
392,6,6,0.9999703168869019
393,1,1,0.9996485710144043
394,9,9,0.9961469173431396
395,5,5,0.9999855756759644
396,2,2,0.9999926090240479
397,5,5,0.9999234676361084
398,4,4,0.9999986886978149
399,4,4,0.999997615814209
400,2,2,0.9960554838180542
401,8,8,0.9999210834503174
402,3,3,0.9999995231628418
403,8,8,0.9944688081741333
404,2,2,0.9912642240524292
405,4,4,0.9991344809532166
406,5,5,0.9958789348602295
407,0,0,0.9999830722808838
408,3,3,0.9998703002929688
409,1,1,0.9994878768920898
410,7,7,1.0
411,7,7,0.9996088147163391
412,5,5,0.9977643489837646
413,7,7,0.9998998641967773
414,9,9,0.9990429282188416
415,7,7,0.9979975819587708
416,1,1,0.9999960660934448
417,9,9,0.9990355968475342
418,2,2,0.9999527931213379
419,1,1,0.9998990297317505
420,4,4,0.7955673933029175
421,2,2,0.9966456294059753
422,9,9,0.9999111890792847
423,2,2,0.9999804496765137
424,0,0,0.9999955892562866
425,4,4,0.9999574422836304
426,9,9,0.9998507499694824
427,1,1,0.9996095299720764
428,4,4,0.9999672174453735
429,8,8,0.9999951124191284
430,1,1,0.9999517202377319
431,8,8,0.9997708201408386
432,4,4,0.9999676942825317
433,5,5,0.9999741315841675
434,9,9,0.9999666213989258
435,8,8,0.8202220797538757
436,8,8,0.9998258948326111
437,3,3,0.9999740123748779
438,7,7,0.9999547004699707
439,6,6,0.9987385869026184
440,0,0,0.9999905824661255
441,0,0,0.9999278783798218
442,3,3,0.999997615814209
443,0,0,0.9805892705917358
444,2,2,0.7169163823127747
445,6,6,0.8802051544189453
446,6,6,0.9906808733940125
447,4,4,0.9775390028953552
448,9,9,0.933210551738739
449,3,3,0.6814008355140686
450,3,3,0.8565358519554138
451,3,3,0.9999954700469971
452,2,2,0.9966984391212463
453,3,3,0.9999783039093018
454,9,9,0.999985933303833
455,1,1,0.9999524354934692
456,2,2,0.9972957968711853
457,6,6,0.9743974208831787
458,8,8,0.9999995231628418
459,0,0,0.9996322393417358
460,5,5,0.9974363446235657
461,6,6,0.9999963045120239
462,6,6,0.9979029893875122
463,6,6,0.9999866485595703
464,3,3,0.9999548196792603
465,8,8,0.9999804496765137
466,8,8,0.9999953508377075
467,2,2,0.9997816681861877
468,7,7,0.9895986318588257
469,5,5,0.9999922513961792
470,8,8,0.9999963045120239
471,9,9,0.9973421692848206
472,6,6,0.9999898672103882
473,1,1,0.9978156089782715
474,8,8,0.9999847412109375
475,4,4,0.9998977184295654
476,1,1,0.9999316930770874
477,2,2,0.9999964237213135
478,5,5,0.9920439124107361
479,9,9,0.9690708518028259
480,1,1,0.9999250173568726
481,9,9,0.9999922513961792
482,7,7,0.9999948740005493
483,5,5,0.9995344877243042
484,4,4,0.9997740387916565
485,0,0,0.9999450445175171
486,8,8,0.9999521970748901
487,9,9,0.9998757839202881
488,9,9,0.9998929500579834
489,1,1,0.9998986721038818
490,0,0,0.9988699555397034
491,5,5,0.9998862743377686
492,2,2,0.6382793188095093
493,3,3,1.0
494,7,7,0.9999961853027344
495,8,8,0.5937097072601318
496,9,9,0.9999915361404419
497,4,4,0.9733666181564331
498,0,0,0.9977729916572571
499,6,6,0.9941951632499695
500,3,3,1.0
501,9,9,0.9999814033508301
502,5,5,0.9996379613876343
503,2,2,1.0
504,1,1,0.999319314956665
505,3,3,0.9999326467514038
506,1,1,0.9998661279678345
507,3,3,0.9985939860343933
508,6,6,0.9228253364562988
509,5,5,0.9997809529304504
510,7,7,0.9962016940116882
511,4,4,0.9198414087295532
512,2,2,0.9999961853027344
513,2,2,0.9999996423721313
514,6,6,0.9996914863586426
515,3,3,0.9999299049377441
516,2,2,0.9999948740005493
517,6,6,0.9997398257255554
518,5,5,0.9999951124191284
519,4,4,0.9991583824157715
520,8,8,0.9999024868011475
521,9,9,0.9956637024879456
522,7,7,0.9989699125289917
523,1,1,0.9637210965156555
524,3,3,0.9999386072158813
525,0,0,0.9999985694885254
526,3,3,0.9967566132545471
527,8,8,0.999637246131897
528,3,3,0.9992055296897888
529,1,1,0.9999823570251465
530,9,9,0.9930232763290405
531,3,3,0.9997984766960144
532,4,4,0.9858192205429077
533,4,4,0.9999997615814209
534,6,6,0.9998552799224854
535,4,4,0.9999948740005493
536,2,2,0.9990307092666626
537,1,1,0.9999650716781616
538,8,8,0.9985085129737854
539,2,2,0.9999445676803589
540,5,5,0.9999727010726929
541,4,4,0.9999947547912598
542,8,8,0.8146644234657288
543,8,8,0.8964276909828186
544,4,4,0.9999990463256836
545,0,0,0.9996022582054138
546,0,0,0.9999986886978149
547,2,2,0.9991012811660767
548,3,3,0.9999961853027344
549,2,2,0.9999169111251831
550,7,7,0.9835500717163086
551,7,7,0.9302031397819519
552,0,0,0.8905636072158813
553,8,8,0.9988034963607788
554,7,7,0.9997592568397522
555,4,4,0.9999449253082275
556,4,4,0.9999760389328003
557,7,7,0.9965818524360657
558,9,9,0.9999654293060303
559,6,6,0.9998514652252197
560,9,9,0.9998883008956909
561,0,0,0.9998175501823425
562,9,9,0.9998804330825806
563,8,8,0.9999257326126099
564,0,0,0.9998279809951782
565,4,4,0.9610844254493713
566,6,6,0.9979549646377563
567,0,0,0.9995388984680176
568,6,6,0.9991472959518433
569,3,3,0.9999862909317017
570,5,5,0.99998939037323
571,4,4,0.7920497059822083
572,8,8,0.9945598244667053
573,3,3,0.999998927116394
574,3,3,0.9999740123748779
575,9,9,0.9997994303703308
576,3,3,0.9999970197677612
577,3,3,0.999994158744812
578,3,3,0.9976282715797424
579,7,7,0.9997339844703674
580,8,8,0.9998109936714172
581,0,0,0.9998314380645752
582,8,2,0.9555149078369141
583,2,2,0.927298367023468
584,1,1,0.9998002648353577
585,7,7,0.9999681711196899
586,0,0,0.9999581575393677
587,6,6,0.9999219179153442
588,5,5,0.9998883008956909
589,4,4,0.9998912811279297
590,3,3,1.0
591,8,8,0.574388325214386
592,0,0,0.9999948740005493
593,9,9,0.9963943362236023
594,6,6,0.9999074935913086
595,3,3,0.9999983310699463
596,8,8,0.9996697902679443
597,0,0,0.9864931702613831
598,9,9,0.9997885823249817
599,9,9,0.9999957084655762
600,6,6,0.9999418258666992
601,8,8,0.9998486042022705
602,6,6,0.9999858140945435
603,8,8,0.9995431900024414
604,5,5,0.9999998807907104
605,7,7,0.9913690686225891
606,8,8,0.9996808767318726
607,6,6,0.9999862909317017
608,0,0,0.9999898672103882
609,2,2,0.9999973773956299
610,4,4,0.9987300038337708
611,0,0,0.9999032020568848
612,2,2,0.9999998807907104
613,2,2,0.8604753613471985
614,3,3,0.9999765157699585
615,1,1,0.9995587468147278
616,9,9,0.9999737739562988
617,7,7,0.9940495491027832
618,5,5,0.9999865293502808
619,1,1,0.9468581080436707
620,0,0,0.9999020099639893
621,8,8,0.9999755620956421
622,4,4,0.9999997615814209
623,6,6,0.9999912977218628
624,2,2,0.999624490737915
625,6,6,0.9757921695709229
626,7,7,0.9999922513961792
627,9,9,0.999506950378418
628,3,3,0.9999871253967285
629,2,2,0.9701077342033386
630,9,9,0.9996839761734009
631,8,8,0.9999904632568359
632,2,2,0.9999361038208008
633,2,2,0.9999990463256836
634,9,9,0.9999947547912598
635,2,2,0.9987282156944275
636,7,7,1.0
637,3,3,0.9982272982597351
638,5,5,0.9999802112579346
639,9,9,0.9996902942657471
640,1,1,0.9999321699142456
641,8,8,0.9996800422668457
642,0,0,0.9992755055427551
643,2,2,0.9999997615814209
644,0,0,0.9999573230743408
645,5,5,0.9972112774848938
646,2,2,0.9854339361190796
647,1,1,0.999836802482605
648,3,3,1.0
649,7,7,0.9998432397842407
650,6,6,0.9987473487854004
651,7,7,0.999836802482605
652,1,1,0.9999696016311646
653,2,2,0.9997503161430359
654,5,5,0.9991998076438904
655,8,8,0.9450399279594421
656,0,0,0.9999997615814209
657,3,3,0.9999997615814209
658,7,7,0.9496855735778809
659,2,2,0.6557158827781677
660,4,4,0.9999978542327881
661,0,0,0.9974268078804016
662,9,9,0.9999991655349731
663,1,1,0.9999892711639404
664,8,8,0.9999949932098389
665,6,6,0.9999953508377075
666,7,7,0.9986515641212463
667,7,7,0.9837996959686279
668,4,4,0.9999369382858276
669,3,3,0.9999985694885254
670,4,4,0.9996224641799927
671,9,9,0.9998657703399658
672,1,1,0.9999815225601196
673,9,9,0.9997811913490295
674,5,5,0.9214987754821777
675,1,1,0.9999731779098511
676,7,7,0.9995794892311096
677,3,3,0.999990701675415
678,9,9,0.9999765157699585
679,7,7,0.9998288154602051
680,6,6,0.9999939203262329
681,9,9,0.9999982118606567
682,1,1,0.9999692440032959
683,3,3,0.9981521964073181
684,7,7,0.9218668937683105
685,8,8,0.9939714074134827
686,3,3,0.9999997615814209
687,3,3,0.9999998807907104
688,6,6,0.9974217414855957
689,7,7,0.8600848317146301
690,2,2,0.9999858140945435
691,8,8,0.9075890779495239
692,5,5,0.9959975481033325
693,8,8,0.9986279010772705
694,5,5,0.9999686479568481
695,1,1,0.9998800754547119
696,1,1,0.992939829826355
697,4,4,0.9999988079071045
698,4,4,0.9193062782287598
699,3,3,0.9999651908874512
700,1,1,0.9997883439064026
701,0,0,0.9999184608459473
702,7,7,0.9998470544815063
703,7,7,0.9970782995223999
704,0,0,0.9998351335525513
705,7,7,0.9999815225601196
706,9,9,0.9998810291290283
707,4,4,0.9669127464294434
708,4,4,0.9990870952606201
709,8,8,0.9999939203262329
710,5,5,0.9999998807907104
711,5,5,0.9999445676803589
712,4,4,0.9848225116729736
713,0,0,0.99996018409729
714,8,8,0.9999308586120605
715,2,2,0.9995991587638855
716,1,1,0.84718918800354
717,0,5,0.903985321521759
718,8,8,0.9999523162841797
719,4,4,0.9999991655349731
720,5,8,0.7534148097038269
721,0,0,0.9999947547912598
722,4,4,0.9999991655349731
723,0,0,0.999569833278656
724,6,6,0.9999711513519287
725,1,1,0.9998168349266052
726,7,7,0.6681427359580994
727,3,3,0.9999899864196777
728,2,2,0.9998815059661865
729,6,6,0.9993846416473389
730,7,7,0.9992989301681519
731,2,2,0.9999977350234985
732,6,6,0.999972939491272
733,9,9,0.9999934434890747
734,3,3,0.9999943971633911
735,1,1,0.999909520149231
736,4,4,0.9999402761459351
737,6,6,0.9998526573181152
738,2,2,0.9713410139083862
739,5,5,0.9988092184066772
740,4,9,0.9517703652381897
741,2,2,0.9996297359466553
742,0,0,1.0
743,6,6,0.9995456337928772
744,2,2,0.999755322933197
745,1,1,0.9999732971191406
746,7,7,0.999924898147583
747,3,3,0.9999958276748657
748,4,4,0.9786192774772644
749,1,1,0.9995312690734863
750,0,0,0.999991774559021
751,5,5,0.999998927116394
752,4,4,0.9998471736907959
753,3,3,0.9999972581863403
754,1,1,0.9999704360961914
755,1,1,0.9992613196372986
756,7,7,0.9998941421508789
757,4,4,0.9999947547912598
758,9,9,0.9999715089797974
759,9,9,0.9998685121536255
760,4,4,0.9878302216529846
761,8,8,0.9948559999465942
762,4,4,0.9999536275863647
763,0,0,0.9999914169311523
764,2,2,0.9999804496765137
765,4,4,0.9999978542327881
766,5,5,0.9999237060546875
767,1,1,0.9995892643928528
768,1,1,0.9999879598617554
769,6,6,0.9994379878044128
770,4,4,0.9999890327453613
771,7,7,0.95791095495224
772,1,1,0.9991299510002136
773,9,9,0.9999865293502808
774,4,4,0.9865561723709106
775,2,2,0.9997984766960144
776,4,4,0.9999979734420776
777,1,1,0.9999097585678101
778,5,5,0.9999690055847168
779,5,5,0.999981164932251
780,3,3,0.9999692440032959
781,8,8,0.9962511658668518
782,3,3,0.9999996423721313
783,1,1,0.9998621940612793
784,4,4,0.9999997615814209
785,5,5,0.9999845027923584
786,6,6,0.9302012324333191
787,8,8,0.9957079887390137
788,9,9,0.9999921321868896
789,4,4,0.9998874664306641
790,1,1,0.9997965693473816
791,5,5,0.99540114402771
792,3,3,1.0
793,8,8,0.9999972581863403
794,0,0,0.999997615814209
795,3,3,0.9971864819526672
796,2,2,0.999994158744812
797,5,5,0.6748901605606079
798,1,1,0.9999046325683594
799,2,2,0.9999995231628418
800,8,8,0.9965512752532959
801,3,3,0.9999992847442627
802,4,4,0.9999959468841553
803,4,4,0.9999992847442627
804,0,0,0.9942269325256348
805,8,8,0.9999995231628418
806,8,8,0.9999876022338867
807,3,3,0.9999988079071045
808,3,3,0.9999874830245972
809,1,1,0.9990100860595703
810,7,7,0.9324608445167542
811,3,3,0.9999991655349731
812,5,5,0.9999996423721313
813,9,9,0.989300549030304
814,6,6,0.9999923706054688
815,3,3,0.9999903440475464
816,2,2,0.9999936819076538
817,6,6,0.9983397722244263
818,1,1,0.9996919631958008
819,3,3,0.9999998807907104
820,6,6,0.9999419450759888
821,0,0,0.9999774694442749
822,7,7,0.9999988079071045
823,2,2,0.9971373081207275
824,1,1,0.9999768733978271
825,7,7,0.9999523162841797
826,1,1,0.9999938011169434
827,4,4,0.9878895878791809
828,2,2,0.9997829794883728
829,4,4,0.9491491913795471
830,2,2,0.9998965263366699
831,1,1,0.9996424913406372
832,7,7,0.9998997449874878
833,9,9,0.9930978417396545
834,6,6,0.9980694651603699
835,1,1,0.999900221824646
836,1,1,0.9998965263366699
837,2,2,0.9999510049819946
838,4,4,0.9999572038650513
839,8,8,0.9710133671760559
840,1,1,0.9995591044425964
841,7,7,0.9932448267936707
842,7,7,0.9990116357803345
843,4,4,0.9999997615814209
844,8,8,0.8786224126815796
845,0,0,0.9999669790267944
846,7,7,0.5896151661872864
847,3,3,0.9999979734420776
848,1,1,0.9999740123748779
849,3,3,0.9999998807907104
850,1,1,0.9999010562896729
851,0,0,0.9999855756759644
852,7,7,0.999738872051239
853,7,7,0.999975323677063
854,0,0,0.9999279975891113
855,3,3,0.9999996423721313
856,5,5,0.9999923706054688
857,5,5,0.999319314956665
858,2,2,0.9999954700469971
859,7,7,0.998923122882843
860,6,6,0.9999977350234985
861,6,6,0.998933732509613
862,9,9,0.9998986721038818
863,2,2,0.9997223019599915
864,8,8,0.9999960660934448
865,3,3,0.9999890327453613
866,5,5,0.9689257144927979
867,2,2,0.9999539852142334
868,2,2,0.9994258880615234
869,5,5,0.999994158744812
870,6,6,0.9230530261993408
871,0,0,0.9999996423721313
872,8,8,0.9948544502258301
873,2,2,0.9998561143875122
874,9,9,0.9931117296218872
875,2,2,0.9999680519104004
876,8,8,0.9999655485153198
877,8,8,0.9897366762161255
878,8,8,0.9961973428726196
879,8,8,0.9999423027038574
880,7,7,0.9998195767402649
881,4,4,0.664158046245575
882,9,9,0.8359870910644531
883,3,3,0.7582390308380127
884,0,0,0.999480664730072
885,6,6,0.99472576379776
886,6,6,0.9996629953384399
887,3,3,0.9998444318771362
888,2,2,0.99973064661026
889,1,1,0.9999874830245972
890,3,3,0.9706336259841919
891,2,2,0.9999932050704956
892,2,2,0.999998927116394
893,9,9,0.9993187189102173
894,3,3,0.9763621687889099
895,0,0,0.9956667423248291
896,0,0,0.9844412803649902
897,5,5,0.9999942779541016
898,7,7,0.9591809511184692
899,8,8,0.9999861717224121
900,1,1,0.8966733813285828
901,4,4,0.9999505281448364
902,4,4,0.9652812480926514
903,6,6,0.9951077699661255
904,0,0,0.9997393488883972
905,2,2,0.9999886751174927
906,9,9,0.9999376535415649
907,1,1,0.999646782875061
908,4,4,0.9999986886978149
909,7,7,0.9999855756759644
910,4,4,0.9999988079071045
911,7,7,0.999825656414032
912,3,3,0.9999860525131226
913,9,9,0.9999593496322632
914,8,8,0.9999890327453613
915,8,8,0.9989782571792603
916,4,4,0.9999423027038574
917,7,7,0.999987006187439
918,1,1,0.9995761513710022
919,2,2,0.9999079704284668
920,1,1,0.9995934367179871
921,2,2,0.9999986886978149
922,2,2,0.9997915625572205
923,3,3,1.0
924,2,7,0.6052716374397278
925,3,3,0.9999998807907104
926,2,2,0.7758477926254272
927,3,3,0.999996542930603
928,9,9,0.9999439716339111
929,1,1,0.9996508359909058
930,7,7,0.9992973804473877
931,4,4,0.9952190518379211
932,0,0,0.9999595880508423
933,3,3,0.9999992847442627
934,5,5,0.9995856881141663
935,5,5,0.9995974898338318
936,8,8,0.9767623543739319
937,6,6,0.999998927116394
938,3,5,0.5478473901748657
939,2,2,0.9620489478111267
940,6,6,0.979681134223938
941,7,7,0.9999982118606567
942,6,6,0.9999638795852661
943,6,6,0.996145486831665
944,3,3,0.9986388087272644
945,2,2,0.999988317489624
946,7,7,0.9998407363891602
947,8,9,0.9136347770690918
948,1,1,0.9998290538787842
949,1,1,0.9998680353164673
950,7,7,0.9916877150535583
951,5,5,0.9317933917045593
952,6,6,0.999093770980835
953,4,4,0.9999954700469971
954,9,9,0.9999885559082031
955,5,5,0.9996488094329834
956,1,1,0.9187325835227966
957,3,3,0.9621788263320923
958,3,3,0.7588787078857422
959,4,4,0.9835013747215271
960,7,7,0.9946169257164001
961,8,8,0.9999977350234985
962,9,9,0.9996761083602905
963,1,1,0.9983022212982178
964,1,1,0.999076247215271
965,6,6,0.6702596545219421
966,9,9,0.9998015761375427
967,1,1,0.9999843835830688
968,4,4,0.9999866485595703
969,4,4,0.9514392614364624
970,5,5,0.9999672174453735
971,4,4,0.9999992847442627
972,0,0,1.0
973,6,6,0.9999871253967285
974,2,2,0.9999997615814209
975,2,2,0.9996566772460938
976,3,3,0.9971550703048706
977,1,1,0.9993448853492737
978,5,5,0.9999995231628418
979,1,1,0.9999513626098633
980,2,2,0.9999998807907104
981,0,0,0.9999947547912598
982,3,3,0.9932518601417542
983,8,8,0.999957799911499
984,1,1,0.9997355341911316
985,2,2,0.9999984502792358
986,6,6,0.9991568326950073
987,7,7,0.999804675579071
988,1,1,0.995959460735321
989,6,6,0.9934443235397339
990,2,2,0.9968315958976746
991,3,3,0.9999996423721313
992,9,9,0.9994409680366516
993,0,0,0.9999552965164185
994,1,1,0.9997969269752502
995,2,2,0.993187427520752
996,2,2,1.0
997,0,0,0.9999992847442627
998,8,8,0.9840561151504517
999,9,9,0.9985551238059998
1000,9,9,0.9998842477798462
1001,0,0,0.9999262094497681
1002,2,2,0.9948992133140564
1003,5,5,0.9993990659713745
1004,1,1,0.9996637105941772
1005,9,9,0.9999828338623047
1006,7,7,0.9992311000823975
1007,8,8,0.9990905523300171
1008,1,1,0.9999570846557617
1009,0,0,0.999983549118042
1010,4,4,0.9996941089630127
1011,1,1,0.9999593496322632
1012,7,7,0.9972304701805115
1013,9,9,0.9999244213104248
1014,6,5,0.9561598896980286
1015,4,4,0.9998959302902222
1016,2,2,0.9999673366546631
1017,6,6,0.9999679327011108
1018,8,8,0.9999703168869019
1019,1,1,0.9994418025016785
1020,3,3,0.9999995231628418
1021,7,7,0.951783299446106
1022,5,5,0.9933138489723206
1023,4,4,0.9996623992919922
1024,4,4,0.9999924898147583
1025,1,1,0.9999650716781616
1026,8,8,0.8883925676345825
1027,1,1,0.9997897744178772
1028,3,3,0.9999990463256836
1029,8,8,0.9999678134918213
1030,1,1,0.9997929930686951
1031,2,2,0.9988719820976257
1032,5,5,0.9255856871604919
1033,8,8,0.7050179839134216
1034,0,0,0.9998974800109863
1035,6,6,0.9997144341468811
1036,2,2,0.999995231628418
1037,1,1,0.9999016523361206
1038,1,1,0.9995511174201965
1039,7,7,0.5761054754257202
1040,1,1,0.999889612197876
1041,5,5,0.9999980926513672
1042,3,3,0.9999860525131226
1043,4,4,0.9999732971191406
1044,6,6,0.9458927512168884
1045,9,9,0.9804399609565735
1046,5,5,0.9999939203262329
1047,0,0,0.9999788999557495
1048,9,9,0.9999617338180542
1049,2,2,1.0
1050,2,2,0.9789609909057617
1051,4,4,0.998895525932312
1052,8,8,0.9994120597839355
1053,2,2,0.9999803304672241
1054,1,1,0.99973064661026
1055,7,7,0.9743166565895081
1056,2,2,0.9993657469749451
1057,4,4,0.999974250793457
1058,9,9,0.9999556541442871
1059,4,4,0.999019980430603
1060,4,4,0.9999982118606567
1061,0,0,0.9993495345115662
1062,3,3,0.9998006224632263
1063,9,9,0.9997538924217224
1064,2,2,0.999982476234436
1065,2,2,0.9999943971633911
1066,3,3,0.9998078942298889
1067,3,3,0.9988094568252563
1068,8,8,0.9146360158920288
1069,3,3,0.9981023669242859
1070,5,5,0.9999996423721313
1071,7,7,0.9990731477737427
1072,3,3,0.8256040811538696
1073,5,5,0.999947190284729
1074,8,8,0.9999996423721313
1075,1,1,0.9995599389076233
1076,2,2,0.9999151229858398
1077,4,4,0.9994932413101196
1078,4,4,0.9995988011360168
1079,6,6,0.9990242719650269
1080,4,4,0.9992555975914001
1081,9,9,0.998021125793457
1082,5,5,0.9923005104064941
1083,1,1,0.9997329115867615
1084,0,0,0.9999983310699463
1085,6,6,0.9997252821922302
1086,9,9,0.9998358488082886
1087,5,5,0.9998717308044434
1088,9,9,0.9999887943267822
1089,5,5,0.9998169541358948
1090,9,9,0.9978982210159302
1091,7,7,0.9997310042381287
1092,3,3,0.9999531507492065
1093,8,8,0.9984531402587891
1094,0,0,0.9999830722808838
1095,3,3,0.9999922513961792
1096,7,7,0.9956543445587158
1097,1,1,0.9998764991760254
1098,3,3,0.9998658895492554
1099,6,6,0.9995410442352295
1100,7,7,0.9995598196983337
1101,8,8,0.9461305141448975
1102,5,5,0.9999996423721313
1103,9,9,0.9997567534446716
1104,7,7,0.9999222755432129
1105,9,9,0.9999752044677734
1106,6,6,0.999997615814209
1107,9,9,0.9167656898498535
1108,6,6,0.9945498108863831
1109,3,3,0.999996542930603
1110,7,7,0.9999942779541016
1111,4,4,0.9999853372573853
1112,4,4,0.7879804372787476
1113,5,5,0.9999998807907104
1114,3,3,0.4840703010559082
1115,5,5,0.9999754428863525
1116,4,4,0.9974669218063354
1117,7,7,0.9998857975006104
1118,8,8,0.9671343564987183
1119,7,7,0.996471643447876
1120,8,8,0.9998495578765869
1121,0,0,0.9976569414138794
1122,7,7,0.9962931275367737
1123,6,6,0.9999902248382568
1124,8,8,0.9926204681396484
1125,8,8,0.7078348398208618
1126,7,7,0.9998284578323364
1127,3,3,0.9999994039535522
1128,3,3,0.9950647950172424
1129,1,1,0.9996033310890198
1130,9,9,0.9995145797729492
1131,5,5,0.9530084133148193
1132,2,2,0.9999974966049194
1133,7,7,0.9997448325157166
1134,3,3,0.9999991655349731
1135,5,5,0.9999904632568359
1136,1,1,0.9995224475860596
1137,1,1,0.9998844861984253
1138,2,2,0.9964532852172852
1139,1,1,0.9999159574508667
1140,4,4,0.9999974966049194
1141,7,7,0.9999146461486816
1142,4,4,0.9998941421508789
1143,7,7,0.9915326237678528
1144,5,5,0.9999958276748657
1145,4,4,0.9996455907821655
1146,5,5,0.99989914894104
1147,4,4,0.9979631900787354
1148,0,0,0.9999879598617554
1149,8,8,0.9998811483383179
1150,3,3,0.9997842907905579
1151,6,6,0.9966902732849121
1152,9,9,0.9999710321426392
1153,6,6,0.9829535484313965
1154,0,0,0.9995908141136169
1155,2,2,0.9993322491645813
1156,7,7,0.6886622309684753
1157,4,4,0.9994760155677795
1158,4,4,0.9999959468841553
1159,4,4,0.999685525894165
1160,4,4,0.9999603033065796
1161,6,6,0.9905852675437927
1162,6,6,0.9999873638153076
1163,4,4,0.9999992847442627
1164,7,7,0.9857041239738464
1165,9,9,0.9999239444732666
1166,3,3,0.8327484130859375
1167,4,4,0.999993085861206
1168,5,5,0.9999992847442627
1169,5,5,0.9989816546440125
1170,8,8,0.9999983310699463
1171,7,7,0.9998888969421387
1172,3,3,0.9999985694885254
1173,7,7,0.8745147585868835
1174,2,2,0.9999990463256836
1175,7,7,0.9999469518661499
1176,0,0,0.9997343420982361
1177,2,2,0.9999904632568359
1178,4,4,0.7272942662239075
1179,1,1,0.9994914531707764
1180,1,1,0.9999709129333496
1181,6,6,0.5071262121200562
1182,6,6,0.4889233708381653
1183,9,9,0.9999892711639404
1184,2,2,0.9987019300460815
1185,8,8,0.9998733997344971
1186,7,7,0.9999891519546509
1187,2,2,0.9987925291061401
1188,0,0,0.9998106360435486
1189,1,1,0.9996505975723267
1190,5,5,0.9999963045120239
1191,0,0,0.8909015655517578
1192,9,9,0.9314929246902466
1193,1,1,0.9999885559082031
1194,7,7,0.9963984489440918
1195,0,0,0.9998713731765747
1196,6,6,0.99994957447052
1197,0,0,0.9998579025268555
1198,8,8,0.9932502508163452
1199,6,6,0.9962756633758545
1200,8,8,0.9908043146133423
1201,1,1,0.9997637867927551
1202,8,8,0.9772194623947144
1203,0,0,0.9999860525131226
1204,3,3,0.9999747276306152
1205,3,3,0.9999998807907104
1206,7,7,0.9894371032714844
1207,2,2,1.0
1208,3,3,0.9986928105354309
1209,6,6,0.9990241527557373
1210,2,2,0.9999995231628418
1211,1,1,0.9999397993087769
1212,6,6,0.9786802530288696
1213,1,1,0.9999425411224365
1214,1,1,0.9995558857917786
1215,3,3,0.9999977350234985
1216,7,7,0.9886198043823242
1217,9,9,0.9860042929649353
1218,0,0,0.9999945163726807
1219,8,8,0.993000864982605
1220,0,0,0.9998810291290283
1221,5,5,0.9999561309814453
1222,4,4,0.9999829530715942
1223,0,0,0.9998682737350464
1224,2,2,0.9800981283187866
1225,8,8,0.9999977350234985
1226,7,7,0.5105345249176025
1227,2,2,0.999782145023346
1228,9,9,0.9994694590568542
1229,8,8,0.9999028444290161
1230,4,4,0.9999871253967285
1231,0,0,0.999792754650116
1232,9,4,0.6661465764045715
1233,5,5,0.9999758005142212
1234,8,8,0.9925563931465149
1235,5,5,0.9997370839118958
1236,1,1,0.9994838237762451
1237,2,2,0.9998950958251953
1238,1,1,0.9999918937683105
1239,3,3,0.8977562785148621
1240,1,1,0.9982672929763794
1241,7,7,0.9903444647789001
1242,4,4,0.7477870583534241
1243,5,5,0.9997439980506897
1244,7,7,0.9998377561569214
1245,2,2,0.9999994039535522
1246,0,0,0.999116837978363
1247,9,0,0.832187294960022
1248,8,8,0.7796604037284851
1249,8,8,0.9999991655349731
1250,6,6,0.9981533885002136
1251,2,2,0.9999281167984009
1252,5,5,0.9946416616439819
1253,4,4,0.9993758797645569
1254,1,1,0.9998743534088135
1255,9,9,0.9999839067459106
1256,2,2,0.9982957243919373
1257,1,1,0.9999597072601318
1258,5,5,0.9996852874755859
1259,8,8,0.9999736547470093
1260,7,1,0.6999204754829407
1261,0,0,0.9999967813491821
1262,2,2,0.9998787641525269
1263,4,4,0.5587064623832703
1264,4,4,0.9992104768753052
1265,3,3,0.9999997615814209
1266,6,6,0.9990320205688477
1267,8,8,0.9999691247940063
1268,8,8,0.9999980926513672
1269,2,2,0.9998542070388794
1270,4,9,0.5826834440231323
1271,0,0,0.9999966621398926
1272,5,5,0.989528477191925
1273,0,0,0.9943088889122009
1274,4,4,0.9930635094642639
1275,4,4,0.9997178912162781
1276,7,7,0.9986866116523743
1277,9,9,0.9998373985290527
1278,3,3,1.0
1279,4,4,0.9241675734519958
1280,1,1,0.9999127388000488
1281,5,5,0.9948038458824158
1282,9,9,0.9960911870002747
1283,7,7,0.9974604845046997
1284,3,3,0.9999988079071045
1285,5,5,0.9999728202819824
1286,8,8,0.9997010231018066
1287,8,8,0.9993813037872314
1288,0,0,0.9989948868751526
1289,5,5,0.888132631778717
1290,3,5,0.5789259076118469
1291,3,3,0.9999823570251465
1292,6,6,0.9731581807136536
1293,6,6,0.9999876022338867
1294,0,0,0.9999948740005493
1295,1,1,0.9999616146087646
1296,6,6,0.9906864762306213
1297,0,0,0.9999978542327881
1298,3,3,0.9997496008872986
1299,5,7,0.8389164805412292
1300,4,4,0.9937060475349426
1301,4,4,0.9985008239746094
1302,1,1,0.9991567134857178
1303,2,2,0.9999837875366211
1304,9,9,0.9999995231628418
1305,1,1,0.9999747276306152
1306,4,4,0.9999932050704956
1307,6,6,0.9999144077301025
1308,9,9,0.9999504089355469
1309,9,9,0.9999878406524658
1310,3,3,0.998290479183197
1311,9,9,0.9996157884597778
1312,8,8,0.9984560012817383
1313,4,4,0.999998927116394
1314,4,4,0.9999988079071045
1315,3,3,0.999842643737793
1316,1,1,0.9999878406524658
1317,3,3,0.9999099969863892
1318,1,1,0.9994572997093201
1319,8,0,0.4876363277435303
1320,8,8,0.9955150485038757
1321,7,7,0.9998981952667236
1322,9,9,0.9999897480010986
1323,4,4,0.9999998807907104
1324,8,8,0.9991402626037598
1325,8,8,0.9981734752655029
1326,7,7,0.7205692529678345
1327,9,9,0.9999250173568726
1328,7,7,0.8120605945587158
1329,1,1,0.9999285936355591
1330,4,4,0.9997331500053406
1331,5,5,0.9999229907989502
1332,6,6,0.9999810457229614
1333,0,0,0.9999997615814209
1334,5,5,0.9787569642066956
1335,2,2,0.9999325275421143
1336,2,2,0.9999747276306152
1337,2,2,0.9998652935028076
1338,1,1,0.9996271133422852
1339,5,5,0.9968981742858887
1340,5,5,0.9997460246086121
1341,2,2,0.9999556541442871
1342,4,4,0.9999994039535522
1343,9,9,0.9999196529388428
1344,6,6,0.9953612685203552
1345,2,2,0.9782168865203857
1346,7,7,0.9998890161514282
1347,7,7,0.9990703463554382
1348,2,2,0.999930739402771
1349,2,2,0.9915552735328674
1350,1,1,0.999982476234436
1351,1,1,0.9997532963752747
1352,2,2,0.9986653327941895
1353,8,8,0.9999510049819946
1354,3,3,0.9987389445304871
1355,7,7,0.9805228114128113
1356,2,2,0.9514064788818359
1357,4,4,0.9728546142578125
1358,1,1,0.9999403953552246
1359,7,7,0.999976634979248
1360,1,1,0.9997642636299133
1361,7,7,0.9999685287475586
1362,6,6,0.9999978542327881
1363,7,7,0.9983205199241638
1364,8,8,0.8040624856948853
1365,2,2,0.9971970319747925
1366,7,7,0.9996067881584167
1367,3,3,1.0
1368,1,1,0.9977260231971741
1369,7,7,0.9999958276748657
1370,5,5,0.9997686743736267
1371,8,8,0.9999994039535522
1372,2,2,0.9999741315841675
1373,6,6,0.9999853372573853
1374,2,2,0.999981164932251
1375,2,2,0.9999452829360962
1376,5,5,0.9999995231628418
1377,6,6,0.9880295395851135
1378,5,5,0.572640061378479
1379,0,0,0.9999997615814209
1380,9,9,0.9996429681777954
1381,2,2,0.9999755620956421
1382,4,4,0.9999995231628418
1383,3,3,0.9970280528068542
1384,3,3,0.9999653100967407
1385,9,9,0.9944076538085938
1386,7,7,0.9998316764831543
1387,6,6,0.9999845027923584
1388,6,6,0.9995242357254028
1389,8,8,0.999996542930603
1390,0,0,0.9999889135360718
1391,4,4,0.919390082359314
1392,1,1,0.999554455280304
1393,5,5,0.9708728194236755
1394,8,8,0.9889187216758728
1395,2,2,0.9761192798614502
1396,9,9,0.9997739195823669
1397,1,1,0.9995493292808533
1398,8,8,0.999581515789032
1399,0,0,0.9996538162231445
1400,6,6,0.9976044297218323
1401,7,7,0.9996485710144043
1402,2,2,0.9128541946411133
1403,1,1,0.9817386269569397
1404,0,0,0.9991366267204285
1405,5,5,0.9977262616157532
1406,5,5,0.9996911287307739
1407,2,2,1.0
1408,0,0,0.9999382495880127
1409,2,2,0.9957068562507629
1410,2,2,0.9998515844345093
1411,0,0,0.9924363493919373
1412,2,2,0.9988803267478943
1413,4,4,0.9974697828292847
1414,9,9,0.8805690407752991
1415,8,8,0.9181963801383972
1416,0,0,0.9999982118606567
1417,9,9,0.9999986886978149
1418,9,9,0.999982476234436
1419,4,4,0.9999977350234985
1420,6,6,0.9997768998146057
1421,5,5,0.9999672174453735
1422,4,4,0.9811863899230957
1423,9,9,0.9999643564224243
1424,1,1,0.9999489784240723
1425,8,8,0.9956502318382263
1426,3,3,0.9999982118606567
1427,4,4,0.9676957726478577
1428,9,9,0.9999891519546509
1429,9,9,0.9936863780021667
1430,1,1,0.9998869895935059
1431,2,2,0.9996620416641235
1432,2,2,0.9999988079071045
1433,8,8,0.9531405568122864
1434,1,1,0.9999698400497437
1435,9,9,0.993519127368927
1436,6,6,0.9045668840408325
1437,4,4,0.9942252039909363
1438,0,0,0.9888977408409119
1439,9,9,0.9969925880432129
1440,4,4,0.7146533131599426
1441,8,8,0.993312656879425
1442,3,3,0.9999995231628418
1443,8,8,0.9999994039535522
1444,6,6,0.9987679123878479
1445,0,0,0.9999650716781616
1446,2,2,0.9996957778930664
1447,5,5,0.9639657139778137
1448,1,1,0.9997000694274902
1449,9,9,0.9999102354049683
1450,6,6,0.9997128844261169
1451,2,2,0.9997391104698181
1452,9,9,0.9999964237213135
1453,4,4,0.9266378879547119
1454,0,0,0.997051477432251
1455,9,9,0.9980630278587341
1456,6,6,0.9991027116775513
1457,0,0,0.9999998807907104
1458,6,6,0.9979300498962402
1459,2,2,0.9740945100784302
1460,5,5,0.999995231628418
1461,4,4,0.9999672174453735
1462,2,2,0.9766874313354492
1463,3,3,0.9992079138755798
1464,8,8,0.9865082502365112
1465,4,4,0.970514714717865
1466,5,5,0.9966434240341187
1467,5,5,0.9962913990020752
1468,0,0,0.9981531500816345
1469,3,3,0.9974392652511597
1470,8,8,0.9999548196792603
1471,5,5,0.9999873638153076
1472,3,3,0.9993853569030762
1473,5,5,0.9998856782913208
1474,8,8,0.9999202489852905
1475,6,6,0.9975848197937012
1476,5,5,0.9990033507347107
1477,7,7,0.9997710585594177
1478,6,6,0.9995922446250916
1479,3,3,0.9999996423721313
1480,3,3,0.9999867677688599
1481,9,9,0.9998996257781982
1482,6,6,0.9982232451438904
1483,1,1,0.9991649389266968
1484,1,1,0.9998948574066162
1485,2,2,0.9999537467956543
1486,9,9,0.9999849796295166
1487,0,0,0.9999972581863403
1488,4,4,0.9999730587005615
1489,3,3,0.9999986886978149
1490,3,3,0.9996114373207092
1491,6,6,0.9999750852584839
1492,9,9,0.9998020529747009
1493,5,5,0.9999991655349731
1494,7,7,0.9981964230537415
1495,3,3,0.9999603033065796
1496,7,7,0.9927042722702026
1497,7,7,0.9999992847442627
1498,7,7,0.999395489692688
1499,8,8,0.9998923540115356
1500,7,7,0.587200939655304
1501,9,9,0.9998788833618164
1502,8,8,0.9851714968681335
1503,3,3,0.9995137453079224
1504,0,0,0.9999852180480957
1505,7,7,0.9996472597122192
1506,2,2,1.0
1507,7,7,0.9998698234558105
1508,9,9,0.9990662932395935
1509,4,4,0.9758284687995911
1510,5,5,0.9997904896736145
1511,4,4,0.9999929666519165
1512,9,9,0.9999905824661255
1513,3,3,0.9997254014015198
1514,2,2,0.9952802658081055
1515,1,1,0.9999176263809204
1516,4,4,0.996381402015686
1517,0,0,0.9999995231628418
1518,2,2,0.9999188184738159
1519,3,3,0.9999958276748657
1520,7,2,0.5038344264030457
1521,5,5,0.9999990463256836
1522,7,9,0.712261974811554
1523,8,8,0.9070011377334595
1524,8,8,0.9999288320541382
1525,5,5,0.9999136924743652
1526,0,0,0.9999407529830933
1527,1,1,0.6145206093788147
1528,1,1,0.9999620914459229
1529,4,4,0.9999984502792358
1530,8,7,0.7695725560188293
1531,3,3,0.9094651937484741
1532,9,9,0.9999806880950928
1533,0,0,0.9998587369918823
1534,0,0,0.999891996383667
1535,0,0,0.999984860420227
1536,6,6,0.9977549910545349
1537,6,6,0.9999479055404663
1538,2,2,0.9997095465660095
1539,3,3,0.999998927116394
1540,7,7,0.999841570854187
1541,8,8,0.999683141708374
1542,4,4,0.9999991655349731
1543,7,7,0.9968593120574951
1544,7,7,0.9999831914901733
1545,9,9,0.9998002648353577
1546,2,2,0.9994117021560669
1547,4,4,0.9998528957366943
1548,1,1,0.9985358715057373
1549,4,4,0.681149959564209
1550,5,5,0.9999880790710449
1551,2,2,0.9989035129547119
1552,4,4,0.9827266931533813
1553,9,9,0.9630363583564758
1554,9,9,0.8245440721511841
1555,1,1,0.9999099969863892
1556,8,8,0.9999958276748657
1557,4,4,0.9995624423027039
1558,0,0,0.9990420937538147
1559,9,9,0.7652761936187744
1560,8,8,0.9999871253967285
1561,4,4,0.9995902180671692
1562,8,8,0.9995896220207214
1563,7,7,0.9996424913406372
1564,7,7,0.999962329864502
1565,0,0,0.9999700784683228
1566,7,7,0.9918215870857239
1567,8,8,0.9999947547912598
1568,8,8,0.9994351267814636
1569,6,6,0.7808493375778198
1570,0,0,0.9757331013679504
1571,4,4,0.9883041381835938
1572,8,8,0.9995290040969849
1573,8,8,0.9998921155929565
1574,2,2,0.9999992847442627
1575,4,4,0.9995061159133911
1576,7,7,0.9998695850372314
1577,6,6,0.9999469518661499
1578,6,6,0.99996018409729
1579,6,6,0.9961813688278198
1580,4,4,0.9999829530715942
1581,7,7,0.9839450716972351
1582,1,1,0.9998760223388672
1583,8,8,0.9992050528526306
1584,8,8,0.9997873902320862
1585,2,2,0.9999600648880005
1586,3,3,0.9999650716781616
1587,6,6,0.9623660445213318
1588,3,3,0.9999998807907104
1589,0,0,0.9999996423721313
1590,0,0,0.9999226331710815
1591,3,3,0.9997500777244568
1592,7,7,0.9996531009674072
1593,6,6,0.9979561567306519
1594,9,9,0.9999159574508667
1595,7,7,0.9992148876190186
1596,9,9,0.9993458390235901
1597,9,9,0.995807409286499
1598,5,5,0.9999963045120239
1599,4,4,0.9994192123413086
1600,3,3,0.8277536034584045
1601,3,3,0.9958558678627014
1602,6,6,0.999861478805542
1603,1,1,0.9999334812164307
1604,2,2,0.9998618364334106
1605,3,3,0.9999997615814209
1606,7,7,0.9998340606689453
1607,3,3,0.9945114850997925
1608,3,3,0.9999881982803345
1609,2,2,0.9268762469291687
1610,0,0,0.9999821186065674
1611,3,3,0.8698778748512268
1612,3,3,0.9898052215576172
1613,8,8,0.9999713897705078
1614,4,4,0.9937363862991333
1615,3,3,1.0
1616,6,6,0.9991247057914734
1617,3,3,0.9983599781990051
1618,5,5,0.9972726702690125
1619,0,0,0.9996789693832397
1620,2,2,0.999098539352417
1621,0,6,0.8120753169059753
1622,9,9,0.9998975992202759
1623,0,0,0.9999984502792358
1624,7,7,0.9998453855514526
1625,4,4,0.9999257326126099
1626,6,6,0.7100378274917603
1627,9,9,0.99998939037323
1628,3,3,0.9994893074035645
1629,5,5,0.9999998807907104
1630,1,1,0.9999415874481201
1631,9,9,0.9999419450759888
1632,6,6,0.9998742341995239
1633,1,1,0.9999790191650391
1634,4,4,0.962471604347229
1635,5,5,0.999990701675415
1636,4,4,0.9999746084213257
1637,5,5,0.9975751042366028
1638,0,0,0.9998164772987366
1639,5,5,0.9999902248382568
1640,9,9,0.9962816834449768
1641,5,5,0.9732639789581299
1642,2,2,0.9993126392364502
1643,1,1,0.9999734163284302
1644,2,2,0.9990755319595337
1645,9,9,0.9999121427536011
1646,1,1,0.9999934434890747
1647,9,9,0.999897837638855
1648,9,9,0.9987164735794067
1649,4,4,0.9999954700469971
1650,0,0,0.999969482421875
1651,8,8,0.9999822378158569
1652,4,4,0.999743640422821
1653,5,5,0.9999778270721436
1654,2,2,0.9615139365196228
1655,9,9,0.9999006986618042
1656,2,2,1.0
1657,1,1,0.9999812841415405
1658,2,2,0.9999548196792603
1659,1,1,0.9998973608016968
1660,7,7,0.9980670809745789
1661,3,3,0.9999880790710449
1662,6,6,0.999997615814209
1663,8,8,0.9999929666519165
1664,8,8,0.999650239944458
1665,4,4,0.999972939491272
1666,9,9,0.9999970197677612
1667,1,1,0.9998674392700195
1668,9,9,0.9999728202819824
1669,8,8,0.9999725818634033
1670,5,5,0.9997599720954895
1671,7,7,0.9929179549217224
1672,5,5,0.9996405839920044
1673,1,1,0.9568765163421631
1674,1,1,0.9996899366378784
1675,8,8,0.9999911785125732
1676,6,6,0.9987737536430359
1677,5,5,0.9999949932098389
1678,2,2,0.8840603232383728
1679,4,4,0.9999994039535522
1680,4,4,0.9999819993972778
1681,3,7,0.8425012230873108
1682,2,2,0.9544165730476379
1683,3,3,1.0
1684,5,5,0.99997878074646
1685,6,6,0.9999781847000122
1686,8,8,0.9311888217926025
1687,8,8,0.9954503178596497
1688,6,6,0.9992654919624329
1689,2,2,0.9880571365356445
1690,3,3,0.9989117383956909
1691,1,1,0.9978557229042053
1692,0,0,0.9999998807907104
1693,5,5,0.9999878406524658
1694,8,8,0.9730517268180847
1695,9,9,0.9973127245903015
1696,2,2,0.9996304512023926
1697,9,9,0.9997817873954773
1698,6,6,0.9999697208404541
1699,7,7,0.9999948740005493
1700,0,0,0.9999939203262329
1701,4,4,0.984308660030365
1702,8,8,0.9978529214859009
1703,7,7,0.9993972778320312
1704,1,1,0.9998457431793213
1705,7,7,0.9998999834060669
1706,4,4,0.9999459981918335
1707,1,1,0.9961679577827454
1708,0,0,0.9999994039535522
1709,9,8,0.3044823706150055
1710,7,7,0.9998096823692322
1711,2,2,0.9995033740997314
1712,0,0,0.9999251365661621
1713,0,0,0.9998677968978882
1714,9,9,0.9997368454933167
1715,1,1,0.9999197721481323
1716,7,7,0.9888589382171631
1717,8,0,0.7076752185821533
1718,7,7,0.9997848868370056
1719,8,8,0.9999983310699463
1720,4,4,0.9999998807907104
1721,7,7,0.815070390701294
1722,2,7,0.8531699180603027
1723,0,0,0.9999977350234985
1724,4,4,0.9998925924301147
1725,6,6,0.9737677574157715
1726,0,0,0.9999995231628418
1727,3,3,0.9999903440475464
1728,1,1,0.9999198913574219
1729,1,1,0.9997451901435852
1730,3,3,0.9859288334846497
1731,3,3,0.9999998807907104
1732,9,9,0.9885475635528564
1733,6,6,0.9999191761016846
1734,7,7,0.9999154806137085
1735,4,4,0.9994561076164246
1736,1,1,0.999818742275238
1737,5,5,0.7285614013671875
1738,3,3,0.9999998807907104
1739,0,0,0.9999862909317017
1740,8,8,0.9970888495445251
1741,7,7,0.9985024929046631
1742,3,3,0.9999949932098389
1743,9,9,0.9998396635055542
1744,6,6,0.9999823570251465
1745,9,9,0.9999945163726807
1746,3,3,0.9999663829803467
1747,5,5,0.9977868795394897
1748,0,0,0.9988705515861511
1749,2,2,0.9999595880508423
1750,7,7,0.9978588223457336
1751,4,4,0.9199529886245728
1752,5,5,0.9999902248382568
1753,1,1,0.9999123811721802
1754,7,2,0.57599276304245
1755,5,5,0.9950768351554871
1756,8,8,0.9999561309814453
1757,0,0,0.9999488592147827
1758,8,8,0.9999901056289673
1759,8,8,0.9934366345405579
1760,1,1,0.9997113347053528
1761,5,5,0.9839136600494385
1762,0,0,0.9957247972488403
1763,3,3,0.9999082088470459
1764,0,0,0.9999785423278809
1765,3,3,0.9999666213989258
1766,1,1,0.9999802112579346
1767,4,4,0.9982708692550659
1768,0,0,0.9999880790710449
1769,3,3,0.9630304574966431
1770,7,7,0.9999841451644897
1771,2,2,0.9999816417694092
1772,7,7,0.9881956577301025
1773,1,1,0.9064938426017761
1774,8,8,0.9903954863548279
1775,0,0,0.9992982149124146
1776,7,7,0.9992334842681885
1777,0,0,0.9999843835830688
1778,4,4,0.9996740818023682
1779,3,3,0.9999946355819702
1780,1,1,0.9999315738677979
1781,9,9,0.9999409914016724
1782,8,8,0.8622443675994873
1783,7,7,0.9995476603507996
1784,7,7,0.9999465942382812
1785,1,1,0.999509334564209
1786,4,4,0.9998407363891602
1787,9,9,0.9999958276748657
1788,9,9,0.9999042749404907
1789,3,3,0.9992011189460754
1790,2,9,0.5214930176734924
1791,1,1,0.9999582767486572
1792,7,7,0.999948263168335
1793,9,9,0.9999986886978149
1794,0,0,0.998785674571991
1795,2,2,0.9999997615814209
1796,0,0,0.9999366998672485
1797,3,3,0.9724618792533875
1798,3,3,0.99989914894104
1799,7,7,0.9999902248382568
1800,6,6,0.976405680179596
1801,9,9,0.9999855756759644
1802,2,2,0.999923825263977
1803,3,3,0.9999997615814209
1804,3,3,1.0
1805,7,7,0.9999632835388184
1806,7,7,0.9996975660324097
1807,0,0,0.9999953508377075
1808,0,0,0.9975518584251404
1809,7,7,0.9982432126998901
1810,5,5,0.9999682903289795
1811,2,2,0.996566891670227
1812,9,9,0.9997736811637878
1813,8,8,0.9904638528823853
1814,7,7,0.9976029992103577
1815,4,4,0.9999866485595703
1816,4,4,0.9996165037155151
1817,2,2,0.9999963045120239
1818,6,6,0.9950173497200012
1819,6,6,0.9968319535255432
1820,1,1,0.9999773502349854
1821,9,9,0.9999992847442627
1822,6,6,0.9891849756240845
1823,8,8,0.9886133670806885
1824,2,2,0.9999979734420776
1825,9,9,0.9995064735412598
1826,0,0,0.999972939491272
1827,8,8,0.9999586343765259
1828,3,3,0.8731514811515808
1829,1,1,0.9983489513397217
1830,1,1,0.9999053478240967
1831,6,6,0.9974779486656189
1832,3,3,0.9999293088912964
1833,5,5,0.9992315769195557
1834,1,1,0.9999624490737915
1835,1,1,0.9998834133148193
1836,1,1,0.9998087286949158
1837,3,3,0.99997878074646
1838,1,1,0.9608929753303528
1839,2,2,0.9996391534805298
1840,3,3,0.9999850988388062
1841,0,0,0.9989916682243347
1842,2,2,0.9995980858802795
1843,0,0,0.93332839012146
1844,1,1,0.9982243180274963
1845,3,3,0.9999991655349731
1846,5,5,0.9996378421783447
1847,5,5,0.9938068985939026
1848,7,7,0.9998949766159058
1849,4,4,0.9877036809921265
1850,8,8,0.9778403639793396
1851,9,9,0.9999758005142212
1852,6,6,0.9961544871330261
1853,9,9,0.9983425140380859
1854,6,6,0.9999115467071533
1855,8,8,0.9989155530929565
1856,3,3,0.9990081191062927
1857,6,6,0.9999552965164185
1858,6,6,0.9999158382415771
1859,8,8,0.9999794960021973
1860,5,5,0.9999148845672607
1861,1,1,0.9995833039283752
1862,4,4,0.9995021820068359
1863,2,2,0.9999997615814209
1864,4,4,0.9999967813491821
1865,4,4,0.9977788329124451
1866,5,5,0.9997702240943909
1867,1,1,0.9999510049819946
1868,1,1,0.9622752070426941
1869,9,9,0.9999935626983643
1870,0,0,1.0
1871,2,2,0.9923641681671143
1872,4,4,0.9999995231628418
1873,9,9,0.9999839067459106
1874,5,5,0.9985581040382385
1875,7,7,0.9999936819076538
1876,1,1,0.9999847412109375
1877,8,8,0.9998922348022461
1878,8,3,0.9971343278884888
1879,5,5,0.9999698400497437
1880,6,6,0.9764201641082764
1881,9,9,0.9998801946640015
1882,8,8,0.9998264908790588
1883,7,7,0.9796383380889893
1884,1,1,0.9998648166656494
1885,1,1,0.992239236831665
1886,6,6,0.9991008043289185
1887,7,7,0.9995917677879333
1888,6,6,0.9780542254447937
1889,3,3,0.9999966621398926
1890,2,2,1.0
1891,2,2,0.99998939037323
1892,0,0,0.9999996423721313
1893,8,8,0.9989979863166809
1894,9,9,0.998771607875824
1895,2,2,0.9999145269393921
1896,5,5,0.9999884366989136
1897,1,1,0.9999566078186035
1898,0,0,0.9870715737342834
1899,8,8,0.9851154685020447
1900,1,1,0.9993515610694885
1901,9,4,0.9761571884155273
1902,5,5,0.9992608428001404
1903,7,7,0.9446192383766174
1904,9,9,0.9997926354408264
1905,6,6,0.9999985694885254
1906,9,9,0.9998739957809448
1907,0,0,0.9997382760047913
1908,6,6,0.9959344863891602
1909,1,1,0.9713000655174255
1910,5,5,0.999976634979248
1911,5,5,0.9964763522148132
1912,8,8,0.9999370574951172
1913,3,3,0.9963478446006775
1914,8,8,0.9999977350234985
1915,2,2,0.999617338180542
1916,6,6,0.9991832375526428
1917,5,5,0.9994460940361023
1918,0,0,0.9997543692588806
1919,7,7,0.999940037727356
1920,4,4,0.9835769534111023
1921,6,6,0.9999725818634033
1922,1,1,0.9999562501907349
1923,3,3,1.0
1924,4,4,0.9981069564819336
1925,7,7,0.9998911619186401
1926,3,3,0.9999750852584839
1927,2,2,0.9993554949760437
1928,3,3,0.9999978542327881
1929,4,4,0.9777274131774902
1930,2,2,0.9976975321769714
1931,5,5,0.9994404911994934
1932,2,2,0.999496340751648
1933,7,7,0.9996792078018188
1934,1,1,0.9999418258666992
1935,7,7,0.9999412298202515
1936,2,2,0.9999217987060547
1937,6,6,0.9992251396179199
1938,4,4,0.9964519739151001
1939,1,1,0.9997913241386414
1940,5,5,0.9927595853805542
1941,7,7,0.9382287859916687
1942,8,8,0.9997289776802063
1943,6,6,0.9994637370109558
1944,0,0,0.9999504089355469
1945,1,1,0.999485969543457
1946,8,8,0.9999933242797852
1947,2,2,0.9999183416366577
1948,5,5,0.998701810836792
1949,7,7,0.9951131939888
1950,7,7,0.9999955892562866
1951,6,6,0.9998985528945923
1952,9,9,0.9841181039810181
1953,3,3,0.9988211989402771
1954,5,5,0.998422384262085
1955,8,2,0.6464478969573975
1956,4,4,0.5614603757858276
1957,2,2,0.9999977350234985
1958,4,4,0.9999997615814209
1959,0,0,0.9999563694000244
1960,8,8,0.9999951124191284
1961,8,8,0.999339759349823
1962,3,3,0.9999933242797852
1963,4,4,0.992119312286377
1964,9,9,0.9999749660491943
1965,2,2,0.999000608921051
1966,7,7,0.9999998807907104
1967,5,5,0.9999771118164062
1968,8,8,0.990012526512146
1969,6,6,0.9840366244316101
1970,5,5,0.999984622001648
1971,6,6,0.9993188381195068
1972,0,0,0.9999890327453613
1973,8,8,0.9947196245193481
1974,6,6,0.9997773766517639
1975,7,7,0.9993840456008911
1976,3,3,0.9950478076934814
1977,6,6,0.995590329170227
1978,4,4,0.9998065829277039
1979,9,9,0.9999202489852905
1980,4,4,0.9999982118606567
1981,6,6,0.9248711466789246
1982,6,6,0.8052409291267395
1983,3,3,0.999996542930603
1984,2,2,0.9970267415046692
1985,4,4,0.9998831748962402
1986,1,1,0.9998056292533875
1987,0,0,0.8636994957923889
1988,1,1,0.999897837638855
1989,4,4,0.9923421740531921
1990,6,6,0.9995288848876953
1991,2,2,0.9999051094055176
1992,9,9,0.9991751313209534
1993,1,1,0.9955461025238037
1994,1,1,0.9994076490402222
1995,0,0,0.9999878406524658
1996,6,6,0.9972884654998779
1997,3,3,0.999991774559021
1998,9,9,0.9998809099197388
1999,5,5,0.9977377653121948
2000,6,6,0.9983920454978943
2001,5,5,0.9783996939659119
2002,6,6,0.9993849992752075
2003,5,5,0.999904990196228
2004,8,8,0.9988933205604553
2005,4,4,0.999958872795105
2006,6,6,0.9992814660072327
2007,4,4,0.999907374382019
2008,3,3,0.9999285936355591
2009,9,9,0.9986400008201599
2010,1,1,0.9981209635734558
2011,3,3,0.9999749660491943
2012,4,4,0.9999972581863403
2013,1,1,0.9992414712905884
2014,9,9,0.9999758005142212
2015,1,1,0.9998788833618164
2016,7,7,0.9921537041664124
2017,1,1,0.9998084902763367
2018,1,1,0.8748194575309753
2019,9,9,0.9998133778572083
2020,3,3,0.9999403953552246
2021,5,5,0.9997871518135071
2022,4,4,0.9999898672103882
2023,0,0,0.9999744892120361
2024,7,7,0.7248436808586121
2025,3,3,0.9735283851623535
2026,6,6,0.999924898147583
2027,1,1,0.9981162548065186
2028,7,7,0.9818860292434692
2029,5,5,0.9043986797332764
2030,5,5,0.9998435974121094
2031,3,3,1.0
2032,3,3,0.9999998807907104
2033,0,0,0.9998794794082642
2034,1,1,0.9998675584793091
2035,5,3,0.9096364974975586
2036,7,7,0.9974580407142639
2037,5,5,0.9995183944702148
2038,8,8,0.9992905855178833
2039,6,6,0.994905948638916
2040,5,6,0.6096026301383972
2041,1,1,0.9997991919517517
2042,0,0,0.9999898672103882
2043,4,4,0.8390966057777405
2044,2,2,0.9988251328468323
2045,3,3,0.9996007084846497
2046,4,4,0.9999722242355347
2047,6,6,0.9903764128684998
2048,7,7,0.9820502996444702
2049,9,9,0.9811215400695801
2050,8,8,0.9998138546943665
2051,1,1,0.9999358654022217
2052,8,8,0.9724109172821045
2053,4,4,0.7213664650917053
2054,9,9,0.9999051094055176
2055,2,2,0.9998261332511902
2056,8,8,0.9996809959411621
2057,6,6,0.9984873533248901
2058,2,2,0.9976363182067871
2059,7,7,0.999566376209259
2060,0,0,0.9972803592681885
2061,0,0,0.9998711347579956
2062,6,6,0.9999934434890747
2063,7,7,0.9398593902587891
2064,5,5,0.9999957084655762
2065,8,8,0.9997722506523132
2066,6,6,0.9986750483512878
2067,0,0,0.9982708692550659
2068,9,9,0.999506950378418
2069,3,3,0.9999992847442627
2070,7,7,0.5047932267189026
2071,1,1,0.9979175925254822
2072,3,3,0.9999998807907104
2073,5,5,0.9975925087928772
2074,4,4,0.9997038245201111
2075,3,3,0.9999110698699951
2076,3,3,1.0
2077,5,5,0.9998966455459595
2078,5,5,0.9999982118606567
2079,6,6,0.9998224377632141
2080,3,3,0.999998927116394
2081,0,0,0.9999468326568604
2082,2,2,0.9999963045120239
2083,3,3,1.0
2084,4,4,0.9841890931129456
2085,2,2,0.9999972581863403
2086,3,3,0.9999986886978149
2087,0,0,0.9999852180480957
2088,9,9,0.9999991655349731
2089,9,9,0.999762237071991
2090,4,4,0.9494080543518066
2091,7,7,0.9999948740005493
2092,2,2,0.999980092048645
2093,8,8,0.8964349627494812
2094,4,4,0.9989956021308899
2095,7,7,0.9991891980171204
2096,0,0,0.9999773502349854
2097,6,6,0.9987697005271912
2098,2,0,0.6769253611564636
2099,8,8,0.9972917437553406
2100,5,5,0.9999195337295532
2101,2,2,0.9997921586036682
2102,8,8,0.9999836683273315
2103,5,5,0.999884843826294
2104,7,7,0.9987488985061646
2105,3,3,0.9735711216926575
2106,0,0,0.999649167060852
2107,8,8,0.7378511428833008
2108,2,2,0.9998762607574463
2109,3,7,0.8967044949531555
2110,2,2,0.9999997615814209
2111,8,8,0.9999855756759644
2112,2,2,0.9999912977218628
2113,5,5,0.9989646673202515
2114,5,5,0.9999992847442627
2115,7,7,0.9987972974777222
2116,6,6,0.9927612543106079
2117,4,4,0.9997631907463074
2118,6,0,0.9972496628761292
2119,8,8,0.9999955892562866
2120,4,4,0.9999903440475464
2121,8,8,0.9986422657966614
2122,2,2,0.9981726408004761
2123,7,7,0.9865445494651794
2124,4,4,0.9999998807907104
2125,5,5,0.9895911812782288
2126,2,2,0.9999983310699463
2127,0,0,0.9999964237213135
2128,3,3,0.9999992847442627
2129,9,9,0.8735366463661194
2130,4,9,0.9888687133789062
2131,6,6,0.9701709151268005
2132,7,7,0.9970812201499939
2133,2,2,0.9999725818634033
2134,5,5,0.9999381303787231
2135,6,1,0.6085407137870789
2136,1,1,0.999768078327179
2137,1,1,0.9999338388442993
2138,2,2,0.9993476271629333
2139,3,3,0.9999997615814209
2140,6,6,0.9999895095825195
2141,7,7,0.9999707937240601
2142,8,8,0.9992188215255737
2143,7,7,0.9998743534088135
2144,6,6,0.9996633529663086
2145,4,4,0.9999984502792358
2146,8,8,0.9999425411224365
2147,9,9,0.999933123588562
2148,4,9,0.7922259569168091
2149,8,8,0.9999390840530396
2150,6,6,0.9995604157447815
2151,3,3,0.9999967813491821
2152,8,8,0.9999344348907471
2153,3,3,0.9958720803260803
2154,1,1,0.999970555305481
2155,0,0,0.999975323677063
2156,6,6,0.9996827840805054
2157,2,2,0.9999579191207886
2158,2,2,0.9957457184791565
2159,5,5,0.9999669790267944
2160,6,6,0.9998737573623657
2161,9,9,0.9979103207588196
2162,5,5,0.9369889497756958
2163,8,8,0.9999767541885376
2164,1,1,0.9998973608016968
2165,4,4,0.9999990463256836
2166,1,1,0.9993071556091309
2167,7,7,0.9999263286590576
2168,8,8,0.8711955547332764
2169,4,4,0.9818545579910278
2170,6,6,1.0
2171,1,1,0.9997687935829163
2172,8,8,0.9999954700469971
2173,4,4,0.9999988079071045
2174,3,3,0.9229461550712585
2175,1,1,0.9958710074424744
2176,2,2,0.999991774559021
2177,8,8,0.9972948431968689
2178,0,0,0.9999992847442627
2179,8,8,0.9966021776199341
2180,5,5,0.9999886751174927
2181,9,9,0.9999301433563232
2182,1,3,0.5331892371177673
2183,4,4,0.9999990463256836
2184,2,2,1.0
2185,0,8,0.491316020488739
2186,2,2,0.8583605289459229
2187,7,7,0.9999877214431763
2188,0,0,0.9975444674491882
2189,9,9,0.7932089567184448
2190,0,0,0.999942421913147
2191,2,2,0.9999998807907104
2192,5,5,0.9981770515441895
2193,7,7,0.9994484782218933
2194,6,6,0.999231219291687
2195,7,7,0.9574763178825378
2196,9,9,0.9999918937683105
2197,4,4,0.9470788836479187
2198,2,2,0.9930996894836426
2199,6,6,0.9974058270454407
2200,2,2,0.9999731779098511
2201,4,4,0.9997988343238831
2202,4,4,0.9999721050262451
2203,8,8,0.9999510049819946
2204,0,0,0.9992638230323792
2205,4,4,0.9998830556869507
2206,4,4,0.9997385144233704
2207,5,5,0.9999339580535889
2208,8,8,0.9998492002487183
2209,0,0,0.9996734857559204
2210,6,6,0.9995371103286743
2211,8,8,0.9999868869781494
2212,9,9,0.9991809725761414
2213,8,8,0.9999998807907104
2214,5,5,0.9997946619987488
2215,6,6,0.9901514649391174
2216,9,9,0.9999818801879883
2217,0,0,1.0
2218,4,4,0.999715268611908
2219,8,8,0.9999812841415405
2220,7,7,0.9999982118606567
2221,1,1,0.9990432858467102
2222,3,3,0.999883770942688
2223,4,4,0.9999980926513672
2224,5,5,0.9457479119300842
2225,8,8,0.9919026494026184
2226,0,0,0.9999806880950928
2227,9,9,0.9992109537124634
2228,1,1,0.9995647072792053
2229,3,3,0.9999233484268188
2230,3,3,0.999998927116394
2231,6,6,0.9999966621398926
2232,9,9,0.9983008503913879
2233,8,8,0.9999104738235474
2234,7,7,0.999896764755249
2235,1,1,0.9996914863586426
2236,0,0,0.9999948740005493
2237,5,5,0.9606505632400513
2238,7,7,0.9999089241027832
2239,1,1,0.9998863935470581
2240,7,7,0.9999998807907104
2241,5,5,0.999925971031189
2242,2,2,0.9864917397499084
2243,7,7,0.9997934699058533
2244,9,9,0.9996254444122314
2245,1,1,0.996557891368866
2246,8,8,0.9986575841903687
2247,5,5,0.9999961853027344
2248,2,2,0.9999634027481079
2249,4,4,0.9999996423721313
2250,9,9,0.9994586110115051
2251,4,4,0.9999886751174927
2252,7,7,0.9999423027038574
2253,2,2,0.9999144077301025
2254,2,2,0.9996823072433472
2255,3,3,0.9999449253082275
2256,4,4,0.9999997615814209
2257,9,9,0.9999929666519165
2258,1,1,0.9992470741271973
2259,9,9,0.9999921321868896
2260,2,2,1.0
2261,1,1,0.999955415725708
2262,7,7,0.9997506737709045
2263,9,9,0.9999992847442627
2264,4,4,0.9999994039535522
2265,4,4,0.9986059069633484
2266,1,1,0.5837932229042053
2267,6,6,0.9999620914459229
2268,7,7,0.9712980389595032
2269,2,2,0.9998985528945923
2270,7,7,0.9946244359016418
2271,8,8,0.9999819993972778
2272,8,8,0.9589591026306152
2273,1,1,0.999426007270813
2274,9,9,0.9999822378158569
2275,7,7,0.9998500347137451
2276,1,1,0.9556207656860352
2277,1,1,0.9986483454704285
2278,7,7,0.9999842643737793
2279,5,5,0.9985625147819519
2280,3,5,0.5069327354431152
2281,3,3,1.0
2282,5,5,0.9995591044425964
2283,1,1,0.999954104423523
2284,3,3,0.9995397329330444
2285,7,7,0.9992688298225403
2286,6,6,0.9996496438980103
2287,1,1,0.9999369382858276
2288,3,3,0.9999290704727173
2289,8,8,0.9997779726982117
2290,7,7,0.9991284012794495
2291,5,5,0.9826379418373108
2292,9,9,0.9966579675674438
2293,9,9,0.9270676970481873
2294,0,0,0.9882434606552124
2295,0,0,0.9999985694885254
2296,2,2,0.9997226595878601
2297,8,8,0.9999215602874756
2298,8,8,0.9811113476753235
2299,2,2,0.9967454671859741
2300,3,3,0.9996979236602783
2301,7,7,0.9999737739562988
2302,1,1,0.9885424375534058
2303,3,3,0.9999897480010986
2304,0,0,0.9999680519104004
2305,3,3,0.9994925260543823
2306,4,4,0.9999567270278931
2307,4,4,0.9999886751174927
2308,3,3,0.9631868600845337
2309,8,8,0.9984536170959473
2310,9,9,0.9998559951782227
2311,2,2,0.9945288300514221
2312,3,3,0.9998161196708679
2313,9,9,0.9998904466629028
2314,7,7,0.9836804866790771
2315,1,1,0.9999105930328369
2316,1,1,0.9999616146087646
2317,7,7,0.9999533891677856
2318,0,0,0.9936485886573792
2319,4,4,0.999984622001648
2320,9,9,0.9686610698699951
2321,6,6,0.9999961853027344
2322,5,5,0.9997307658195496
2323,9,9,0.9999803304672241
2324,1,1,0.9994926452636719
2325,7,7,0.9871147871017456
2326,0,0,0.995970606803894
2327,2,2,0.999863862991333
2328,0,0,0.999897837638855
2329,0,0,0.9805764555931091
2330,4,4,0.9997226595878601
2331,6,6,0.9999421834945679
2332,7,7,0.9999885559082031
2333,0,0,0.9901170134544373
2334,7,7,0.9998074173927307
2335,1,1,0.9999227523803711
2336,4,4,0.9999973773956299
2337,6,6,0.999998927116394
2338,4,4,0.9996035695075989
2339,5,5,0.9857783317565918
2340,4,4,0.999996542930603
2341,9,9,0.9998447895050049
2342,9,9,0.999768078327179
2343,1,1,0.9562946557998657
2344,7,7,0.9999896287918091
2345,9,9,0.9998670816421509
2346,5,5,0.9999998807907104
2347,3,3,0.9999821186065674
2348,3,3,0.9999845027923584
2349,8,8,0.9999992847442627
2350,2,2,0.9999991655349731
2351,3,3,0.999548614025116
2352,6,6,0.9999959468841553
2353,2,2,0.9999797344207764
2354,2,2,1.0
2355,1,1,0.9993792772293091
2356,1,1,0.9998624324798584
2357,1,1,0.9999732971191406
2358,1,1,0.8882308006286621
2359,1,1,0.9997151494026184
2360,6,6,0.9999661445617676
2361,9,9,0.9968137145042419
2362,8,8,0.9998770952224731
2363,4,4,0.9995763897895813
2364,3,3,0.9999918937683105
2365,7,7,0.9967286586761475
2366,1,1,0.999552309513092
2367,6,6,0.9999300241470337
2368,4,4,0.9999984502792358
2369,5,5,0.757197916507721
2370,0,0,0.9998546838760376
2371,4,4,0.7325620055198669
2372,7,7,0.9971170425415039
2373,4,4,0.9999997615814209
2374,2,2,0.998807430267334
2375,4,4,0.9995218515396118
2376,0,0,0.9999955892562866
2377,7,7,0.9993971586227417
2378,0,0,0.9099140763282776
2379,1,1,0.9999942779541016
2380,9,9,0.9928998947143555
2381,8,8,0.9989892840385437
2382,8,8,0.9962266683578491
2383,6,6,0.9999797344207764
2384,0,0,0.9988069534301758
2385,0,0,0.9999661445617676
2386,4,4,0.9957377910614014
2387,9,1,0.4968661367893219
2388,6,6,0.9978371262550354
2389,8,8,0.9999779462814331
2390,2,2,0.9999996423721313
2391,2,2,0.9999967813491821
2392,3,3,0.9999964237213135
2393,8,8,0.9905429482460022
2394,4,4,0.9954155683517456
2395,8,8,0.9927223324775696
2396,2,2,0.9994408488273621
2397,2,2,0.9999852180480957
2398,1,1,0.9938881993293762
2399,7,7,0.9999915361404419
2400,5,5,0.9961267113685608
2401,4,4,0.999988317489624
2402,4,4,0.9999961853027344
2403,0,0,0.9995415210723877
2404,4,4,0.9888439178466797
2405,3,3,0.9996494054794312
2406,9,9,0.8923725485801697
2407,7,7,0.9999961853027344
2408,3,3,0.7152060866355896
2409,1,1,0.9919622540473938
2410,0,0,0.9999792575836182
2411,1,1,0.9999463558197021
2412,2,2,0.9999022483825684
2413,5,5,0.9999908208847046
2414,9,9,0.804746150970459
2415,2,2,0.9993532299995422
2416,1,1,0.9999692440032959
2417,0,0,0.9936467409133911
2418,1,1,0.9999253749847412
2419,8,8,0.9999322891235352
2420,9,9,0.9998456239700317
2421,1,1,0.9989690780639648
2422,6,6,0.9303573369979858
2423,8,8,0.9997619986534119
2424,3,3,0.9999860525131226
2425,8,8,0.9855831861495972
2426,9,9,0.9510728716850281
2427,3,3,1.0
2428,6,6,0.9999358654022217
2429,2,2,0.9976945519447327
2430,8,8,0.9997825026512146
2431,3,3,1.0
2432,2,2,0.9999934434890747
2433,2,2,0.9782894253730774
2434,1,1,0.9994049072265625
2435,0,0,0.9999957084655762
2436,4,4,0.9999339580535889
2437,2,2,0.983451247215271
2438,9,9,0.9993274211883545
2439,2,2,0.9999973773956299
2440,4,4,0.999997615814209
2441,3,3,0.9995947480201721
2442,7,7,0.9998955726623535
2443,9,9,0.9999947547912598
2444,1,1,0.9998319149017334
2445,5,5,0.9998965263366699
2446,2,2,0.9999997615814209
2447,4,9,0.9241365194320679
2448,9,9,0.9978156089782715
2449,0,0,0.9746100306510925
2450,3,3,0.965904712677002
2451,8,8,0.9999990463256836
2452,5,5,1.0
2453,3,3,0.9999953508377075
2454,6,5,0.43134650588035583
2455,0,0,0.9525835514068604
2456,9,9,0.9998005032539368
2457,4,4,0.9986221790313721
2458,6,6,0.9999876022338867
2459,2,2,0.9985688924789429
2460,5,5,0.9998942613601685
2461,0,0,0.999980092048645
2462,2,0,0.9095070362091064
2463,7,7,0.9987467527389526
2464,4,4,0.9597219228744507
2465,6,6,0.9999971389770508
2466,6,6,0.9998668432235718
2467,8,8,0.9999990463256836
2468,6,6,0.9999918937683105
2469,6,6,0.9940436482429504
2470,8,8,0.999993085861206
2471,6,6,0.9999868869781494
2472,9,9,0.9938515424728394
2473,1,1,0.9401088356971741
2474,7,7,0.9997157454490662
2475,2,2,0.9999990463256836
2476,5,5,0.9808520674705505
2477,9,9,0.9998376369476318
2478,9,9,0.9998558759689331
2479,0,0,0.9985632300376892
2480,7,7,0.9968711733818054
2481,2,2,0.9993770718574524
2482,7,7,0.9999690055847168
2483,6,6,0.9998505115509033
2484,7,7,0.9995253086090088
2485,0,0,0.9999918937683105
2486,6,6,0.9999994039535522
2487,5,5,0.9999939203262329
2488,2,2,0.6654766201972961
2489,4,4,0.998706579208374
2490,7,7,0.9961016178131104
2491,2,2,0.9999109506607056
2492,0,0,0.9999532699584961
2493,9,9,0.9999927282333374
2494,9,9,0.9999805688858032
2495,2,2,0.9999983310699463
2496,2,2,0.999636173248291
2497,9,9,0.9991100430488586
2498,4,4,0.9996097683906555
2499,4,4,0.9999946355819702
2500,2,2,0.9982445240020752
2501,3,3,0.9999997615814209
2502,3,3,0.9999998807907104
2503,2,2,0.9999997615814209
2504,1,1,0.9957584738731384
2505,7,7,0.9998488426208496
2506,0,0,0.999977707862854
2507,7,7,0.9636439085006714
2508,6,6,0.9944069385528564
2509,4,4,0.9979261159896851
2510,1,1,0.9994016885757446
2511,3,3,0.9999700784683228
2512,8,8,0.9929838180541992
2513,7,7,0.9998189806938171
2514,4,4,0.9771807193756104
2515,5,5,0.996733546257019
2516,9,9,0.9554169774055481
2517,2,2,0.9940206408500671
2518,5,5,0.9999998807907104
2519,1,1,0.9991704225540161
2520,8,8,0.9992484450340271
2521,7,7,0.9858421683311462
2522,3,3,0.9999042749404907
2523,7,7,0.9883109927177429
2524,1,1,0.9998050332069397
2525,5,5,0.9984893798828125
2526,5,5,0.9911044836044312
2527,0,0,0.9999265670776367
2528,9,9,0.9876673221588135
2529,1,1,0.9999659061431885
2530,4,4,0.9992538094520569
2531,0,0,0.9999984502792358
2532,6,6,0.8804229497909546
2533,3,3,0.9994356036186218
2534,3,3,0.9318094253540039
2535,6,6,0.9996023774147034
2536,0,0,0.9999887943267822
2537,4,4,0.99992835521698
2538,9,9,0.9999939203262329
2539,7,7,0.9988798499107361
2540,5,5,0.998428225517273
2541,1,1,0.9999681711196899
2542,6,6,0.998761773109436
2543,8,8,0.9999532699584961
2544,9,9,0.9984114170074463
2545,5,5,0.9999969005584717
2546,5,5,0.9999855756759644
2547,7,7,0.9994619488716125
2548,9,9,0.9980252981185913
2549,3,3,0.999987006187439
2550,8,8,0.9999493360519409
2551,3,3,0.9462201595306396
2552,8,8,0.9989113807678223
2553,1,1,0.9998354911804199
2554,5,5,0.9999992847442627
2555,3,3,0.9999988079071045
2556,5,5,0.963650107383728
2557,0,0,0.9999722242355347
2558,5,5,0.999998927116394
2559,5,5,0.9965684413909912
2560,3,3,0.987545907497406
2561,8,8,0.9999974966049194
2562,6,6,0.9986214637756348
2563,7,7,0.9999502897262573
2564,7,7,0.999784529209137
2565,7,7,0.9999988079071045
2566,3,3,0.9999964237213135
2567,7,7,0.9999600648880005
2568,0,0,0.9999150037765503
2569,5,5,0.9982763528823853
2570,9,9,0.9997153878211975
2571,0,0,0.9959749579429626
2572,2,2,0.9998544454574585
2573,5,5,0.9988977909088135
2574,5,5,0.9874207377433777
2575,3,3,0.9999992847442627
2576,1,1,0.9927524328231812
2577,7,7,0.9937120676040649
2578,7,7,0.9765570163726807
2579,8,8,0.9999995231628418
2580,6,6,0.9997561573982239
2581,5,5,0.9999227523803711
2582,9,9,0.9701923131942749
2583,3,3,0.999990701675415
2584,8,8,0.9999890327453613
2585,9,9,0.9999817609786987
2586,5,5,0.9999154806137085
2587,3,3,0.9992257356643677
2588,7,7,0.9999140501022339
2589,9,9,0.9998937845230103
2590,1,1,0.9998241066932678
2591,7,7,0.9999866485595703
2592,0,0,0.9999827146530151
2593,0,0,0.9998065829277039
2594,3,3,0.9997765421867371
2595,7,7,0.9999997615814209
2596,2,2,0.9947789907455444
2597,5,3,0.5213402509689331
2598,8,8,0.9801591634750366
2599,1,1,0.9996730089187622
2600,8,8,0.9999829530715942
2601,6,6,0.9976999163627625
2602,2,2,0.9999096393585205
2603,9,9,0.9996331930160522
2604,5,5,0.9991573095321655
2605,7,7,0.9999750852584839
2606,5,5,0.9999630451202393
2607,7,7,0.46451038122177124
2608,8,8,0.9995551705360413
2609,6,6,0.9931546449661255
2610,2,2,0.9927985668182373
2611,5,5,0.9991495609283447
2612,1,1,0.9999134540557861
2613,4,4,1.0
2614,8,8,0.9999967813491821
2615,4,4,0.9999967813491821
2616,5,5,0.9999349117279053
2617,8,8,0.9931666254997253
2618,3,3,0.6810859441757202
2619,0,0,0.9999762773513794
2620,6,6,0.9998714923858643
2621,2,2,1.0
2622,7,7,0.9999457597732544
2623,3,3,0.9999929666519165
2624,3,3,0.9999719858169556
2625,2,2,0.9999701976776123
2626,1,1,0.9999734163284302
2627,0,0,0.9999998807907104
2628,7,7,0.9986287355422974
2629,3,3,0.9411159753799438
2630,4,4,0.9948331117630005
2631,0,0,0.9347948431968689
2632,3,3,1.0
2633,9,9,0.9999747276306152
2634,3,3,0.9999798536300659
2635,2,2,0.9345014095306396
2636,8,8,0.9997536540031433
2637,9,9,0.9999936819076538
2638,0,0,0.9997941851615906
2639,3,3,0.9993897676467896
2640,8,8,0.9999356269836426
2641,0,0,0.9998084902763367
2642,7,7,0.997366726398468
2643,6,6,0.9998824596405029
2644,5,5,0.9999971389770508
2645,4,4,0.998863697052002
2646,7,7,0.9999793767929077
2647,3,3,0.9999935626983643
2648,9,9,0.9522801041603088
2649,0,0,0.9995899796485901
2650,8,8,0.9997729659080505
2651,6,6,0.9985949397087097
2652,2,2,0.9999170303344727
2653,5,5,1.0
2654,6,1,0.9854051470756531
2655,1,1,0.9999728202819824
2656,0,0,0.999092698097229
2657,0,0,0.9999972581863403
2658,4,4,0.9977726340293884
2659,4,4,0.9995299577713013
2660,0,0,0.9993763566017151
2661,1,1,0.999946117401123
2662,2,2,0.9999983310699463
2663,3,3,0.9999995231628418
2664,2,2,0.9999991655349731
2665,7,7,0.998829185962677
2666,7,7,0.9990403056144714
2667,8,8,0.9999740123748779
2668,5,5,0.9950390458106995
2669,2,2,0.9999998807907104
2670,5,5,0.98759925365448
2671,7,7,0.9962395429611206
2672,6,6,0.9977578520774841
2673,9,9,0.9998286962509155
2674,1,1,0.9995225667953491
2675,4,4,0.999991774559021
2676,1,1,0.998782217502594
2677,6,6,0.9999539852142334
2678,4,4,0.9953758716583252
2679,2,2,0.9999998807907104
2680,4,4,0.9988362193107605
2681,3,3,0.9991764426231384
2682,5,5,0.9999886751174927
2683,4,4,0.9995074272155762
2684,3,3,0.9948896169662476
2685,9,9,0.9995077848434448
2686,5,5,0.990810751914978
2687,0,0,0.9999954700469971
2688,1,1,0.9999654293060303
2689,5,5,0.9691095948219299
2690,3,3,0.999962568283081
2691,8,8,0.9999547004699707
2692,9,9,0.9998756647109985
2693,1,1,0.9998970031738281
2694,9,9,0.9998444318771362
2695,7,7,0.9835371375083923
2696,9,9,0.9988551139831543
2697,5,5,0.9997108578681946
2698,5,5,0.9995524287223816
2699,2,2,0.9975662231445312
2700,7,7,0.9992813467979431
2701,4,4,0.9999872446060181
2702,6,6,0.9993245601654053
2703,0,0,0.9977916479110718
2704,1,1,0.9990574717521667
2705,1,1,0.9837639331817627
2706,1,1,0.9998949766159058
2707,0,0,0.9999997615814209
2708,4,4,0.9997894167900085
2709,4,4,0.9996333122253418
2710,7,7,0.9978959560394287
2711,6,6,0.9999964237213135
2712,3,3,0.9999948740005493
2713,0,0,0.928027868270874
2714,0,0,0.9999991655349731
2715,4,4,0.9763346910476685
2716,3,3,0.9999964237213135
2717,0,0,0.9999324083328247
2718,6,6,0.991616427898407
2719,1,1,0.9977874755859375
2720,9,9,0.9947816729545593
2721,6,6,0.9859697818756104
2722,1,1,0.9993427395820618
2723,3,3,0.999981164932251
2724,8,8,0.9986618757247925
2725,1,1,0.999950647354126
2726,2,2,0.9992250204086304
2727,5,5,0.999944806098938
2728,6,6,0.9993703961372375
2729,2,2,0.9999892711639404
2730,7,7,0.9937665462493896
2731,3,3,0.9999786615371704
2732,6,6,0.9930145740509033
2733,0,0,0.9999861717224121
2734,1,1,0.9994799494743347
2735,9,9,0.951263964176178
2736,7,7,0.9991458654403687
2737,6,6,0.9996156692504883
2738,6,6,0.9996509552001953
2739,8,8,0.9994235038757324
2740,9,9,0.9944077730178833
2741,2,2,0.9999192953109741
2742,9,9,0.7715842127799988
2743,5,5,0.6363186836242676
2744,8,8,0.9999562501907349
2745,3,3,0.9996119141578674
2746,1,1,0.9999608993530273
2747,0,0,0.999578058719635
2748,0,0,0.9988309741020203
2749,7,7,0.9998458623886108
2750,6,6,0.9895562529563904
2751,6,6,0.9968979358673096
2752,2,2,1.0
2753,1,1,0.9862529635429382
2754,6,6,0.9959644079208374
2755,9,9,0.9994888305664062
2756,3,3,0.9996936321258545
2757,1,1,0.9999837875366211
2758,8,8,0.966921865940094
2759,6,6,0.9999970197677612
2760,9,9,0.9289831519126892
2761,0,0,0.9998878240585327
2762,6,6,0.999160885810852
2763,0,0,0.9999943971633911
2764,0,0,0.9999668598175049
2765,0,0,0.9999500513076782
2766,6,6,0.9978534579277039
2767,3,3,0.9999947547912598
2768,5,5,0.9999984502792358
2769,9,9,0.9987934827804565
2770,3,7,0.5996478199958801
2771,4,9,0.6124082803726196
2772,5,5,0.9995515942573547
2773,5,5,0.9996711015701294
2774,8,8,0.9999998807907104
2775,5,5,0.9999581575393677
2776,3,3,0.9999967813491821
2777,0,0,0.9998736381530762
2778,4,4,0.9921575784683228
2779,0,0,0.9999996423721313
2780,2,2,0.7912573218345642
2781,9,9,0.9999306201934814
2782,6,6,0.9940511584281921
2783,8,8,0.9996002316474915
2784,2,2,0.9992527365684509
2785,3,3,0.9999947547912598
2786,1,1,0.9995090961456299
2787,2,2,0.9999536275863647
2788,1,1,0.9992715716362
2789,1,1,0.9999792575836182
2790,5,5,1.0
2791,6,6,0.9992252588272095
2792,9,9,0.9999924898147583
2793,8,8,0.9978197813034058
2794,0,0,0.998953104019165
2795,6,6,0.9999823570251465
2796,6,6,0.9988446235656738
2797,5,5,0.9999724626541138
2798,5,5,0.999977707862854
2799,3,3,0.9999874830245972
2800,8,8,0.99996018409729
2801,6,6,0.9997865557670593
2802,2,2,0.9999046325683594
2803,1,1,0.9970692992210388
2804,4,4,0.9999290704727173
2805,5,5,0.9999746084213257
2806,4,4,0.9999994039535522
2807,3,3,0.9999980926513672
2808,7,7,0.9559383988380432
2809,8,8,0.9998478889465332
2810,5,5,0.9023689031600952
2811,0,0,0.9928001165390015
2812,9,9,0.9901562929153442
2813,3,3,0.9999594688415527
2814,5,5,0.9946709275245667
2815,1,1,0.9998083710670471
2816,1,1,0.99996018409729
2817,0,0,0.9997990727424622
2818,4,4,0.9982994198799133
2819,4,4,0.9999972581863403
2820,7,7,0.9997193217277527
2821,0,0,0.9999537467956543
2822,1,1,0.9997912049293518
2823,7,7,0.9225325584411621
2824,0,0,0.999984622001648
2825,1,1,0.990978479385376
2826,6,6,0.9999650716781616
2827,1,1,0.9984623193740845
2828,4,4,0.9984418749809265
2829,5,5,0.9999266862869263
2830,6,6,0.999843955039978
2831,6,6,0.994933545589447
2832,5,5,0.9999806880950928
2833,7,7,0.9999909400939941
2834,8,8,0.9725799560546875
2835,4,4,0.9980102181434631
2836,4,4,0.4347958266735077
2837,7,7,0.9999929666519165
2838,2,2,0.9998862743377686
2839,5,5,0.9999979734420776
2840,3,3,0.9999997615814209
2841,7,7,0.9991196990013123
2842,0,0,0.9997667670249939
2843,7,7,0.9990808963775635
2844,7,7,0.999992847442627
2845,9,9,0.9998778104782104
2846,6,6,0.9996190071105957
2847,4,4,0.9969944953918457
2848,2,2,0.993327260017395
2849,8,8,0.9999991655349731
2850,5,5,0.9463985562324524
2851,7,7,0.9684066772460938
2852,8,8,0.9995806813240051
2853,3,3,0.9964088797569275
2854,9,9,0.9994903802871704
2855,5,5,0.9999982118606567
2856,8,8,0.9999771118164062
2857,9,9,0.9992749094963074
2858,9,9,0.9994599223136902
2859,8,8,0.9999258518218994
2860,6,6,0.9638247489929199
2861,2,2,0.9997581839561462
2862,8,8,0.9958194494247437
2863,9,9,0.9736071825027466
2864,2,2,0.9981572031974792
2865,3,3,0.9999994039535522
2866,6,6,0.9990155696868896
2867,1,1,0.9988952279090881
2868,1,1,0.9999843835830688
2869,8,8,0.9998389482498169
2870,9,9,0.9999686479568481
2871,3,3,0.9994282126426697
2872,4,4,0.9997074007987976
2873,0,0,0.9999691247940063
2874,7,7,0.9999834299087524
2875,9,9,0.9993554949760437
2876,6,6,0.9951691031455994
2877,4,4,0.9973057508468628
2878,1,1,0.9998486042022705
2879,4,4,0.9991776347160339
2880,1,1,0.9999350309371948
2881,3,3,0.9999268054962158
2882,4,4,0.9997848868370056
2883,9,9,0.9995195865631104
2884,3,3,0.9999904632568359
2885,1,1,0.9939175844192505
2886,4,4,0.9998296499252319
2887,7,7,0.9999681711196899
2888,7,7,0.999645471572876
2889,4,4,0.999920129776001
2890,7,7,0.9994938373565674
2891,2,2,0.9997194409370422
2892,9,9,0.9999961853027344
2893,3,3,0.999997615814209
2894,0,6,0.46771928668022156
2895,8,8,0.9999998807907104
2896,8,0,0.9992875456809998
2897,8,8,0.9999634027481079
2898,4,4,0.9992004036903381
2899,0,0,0.9999744892120361
2900,4,4,0.9974162578582764
2901,4,4,0.995662271976471
2902,1,1,0.9995383024215698
2903,5,5,0.9999998807907104
2904,2,2,0.9999973773956299
2905,8,8,0.9973490238189697
2906,3,3,0.9994561076164246
2907,4,4,0.5943579077720642
2908,9,9,0.9999982118606567
2909,5,5,0.99996018409729
2910,2,2,0.993829071521759
2911,8,8,0.9942572116851807
2912,1,1,0.9998365640640259
2913,5,5,0.9999603033065796
2914,3,3,0.9999860525131226
2915,7,7,0.997285008430481
2916,9,9,0.999704897403717
2917,4,4,0.9998716115951538
2918,2,2,0.9999996423721313
2919,5,5,0.9990341663360596
2920,6,6,0.9985008239746094
2921,3,2,0.6241158246994019
2922,5,5,1.0
2923,9,9,0.999957799911499
2924,3,3,0.9999425411224365
2925,5,5,0.9953258037567139
2926,9,9,0.9930486679077148
2927,3,2,0.6027242541313171
2928,1,1,0.9999523162841797
2929,9,9,0.9999961853027344
2930,5,5,0.6785339117050171
2931,3,3,0.99994957447052
2932,0,0,0.999984622001648
2933,6,6,0.9995777010917664
2934,9,9,0.9994077682495117
2935,8,8,0.9999994039535522
2936,4,4,0.9999856948852539
2937,0,0,0.9991044402122498
2938,4,4,0.9882275462150574
2939,9,5,0.6356310844421387
2940,2,2,0.9958135485649109
2941,9,9,0.9999972581863403
2942,0,0,0.9999902248382568
2943,1,1,0.9993244409561157
2944,0,0,0.960128128528595
2945,3,3,0.993311882019043
2946,1,1,0.9831175804138184
2947,6,6,0.9999485015869141
2948,5,5,0.9999816417694092
2949,8,8,0.99986732006073
2950,1,1,0.9999884366989136
2951,5,5,0.9997705817222595
2952,3,5,0.6908579468727112
2953,3,3,0.6321539282798767
2954,0,0,0.9947106838226318
2955,3,3,0.9999558925628662
2956,5,5,0.9973911046981812
2957,5,5,0.9999562501907349
2958,9,9,0.9997598528862
2959,2,2,0.9659805297851562
2960,8,8,0.9995018243789673
2961,7,7,0.9746258854866028
2962,0,0,0.9999887943267822
2963,4,4,0.9999641180038452
2964,9,9,0.9975793957710266
2965,1,1,0.9999480247497559
2966,9,9,0.9997286200523376
2967,7,7,0.9999741315841675
2968,7,7,0.9998134970664978
2969,5,5,0.9993178844451904
2970,5,5,0.9683065414428711
2971,2,2,0.9999324083328247
2972,0,0,0.9993937015533447
2973,9,9,0.9999926090240479
2974,1,1,0.9999785423278809
2975,8,8,0.9869051575660706
2976,6,6,0.9748845100402832
2977,2,2,0.9978986978530884
2978,3,3,0.999993085861206
2979,9,9,0.908034086227417
2980,6,6,0.9999996423721313
2981,2,2,0.9999362230300903
2982,1,1,0.9999932050704956
2983,9,9,0.9999822378158569
2984,1,1,0.9998763799667358
2985,3,3,0.999987006187439
2986,5,5,0.9992167949676514
2987,5,5,0.9998773336410522
2988,0,0,0.9995405673980713
2989,3,3,0.9999076128005981
2990,8,8,0.9932993650436401
2991,3,3,0.9998331069946289
2992,3,3,0.999785840511322
2993,7,7,0.9963950514793396
2994,6,6,0.9996501207351685
2995,6,8,0.8163775205612183
2996,0,0,0.9999994039535522
2997,1,1,0.9998971223831177
2998,4,4,0.9729275703430176
2999,0,0,0.9999611377716064
3000,6,6,0.9994739890098572
3001,9,9,0.9996517896652222
3002,8,8,0.9999704360961914
3003,1,1,0.9992651343345642
3004,2,2,0.9999843835830688
3005,9,8,0.4488115906715393
3006,9,9,0.9999935626983643
3007,5,5,0.9997219443321228
3008,9,9,0.999991774559021
3009,7,7,0.9999340772628784
3010,3,3,0.9999945163726807
3011,7,7,0.9999926090240479
3012,8,8,0.958152174949646
3013,0,0,0.9999996423721313
3014,1,1,0.9999738931655884
3015,3,3,1.0
3016,0,0,0.9986422657966614
3017,4,4,0.9999595880508423
3018,6,6,0.9996713399887085
3019,1,1,0.9992976188659668
3020,0,0,0.9999867677688599
3021,2,2,0.9267934560775757
3022,5,5,0.9999483823776245
3023,8,8,0.988563060760498
3024,4,4,0.9999788999557495
3025,4,4,0.999997615814209
3026,1,1,0.999472439289093
3027,1,1,0.9999674558639526
3028,5,5,1.0
3029,4,4,0.9974229335784912
3030,6,0,0.6358458399772644
3031,6,6,0.9999960660934448
3032,0,0,0.9999536275863647
3033,6,6,0.9933986663818359
3034,9,9,0.9996668100357056
3035,2,2,0.999994158744812
3036,6,6,0.9999774694442749
3037,2,2,0.9999828338623047
3038,7,7,0.9951387643814087
3039,1,1,0.9973924160003662
3040,7,7,0.9998739957809448
3041,9,9,0.9999809265136719
3042,4,4,0.9999979734420776
3043,0,0,0.9999773502349854
3044,0,0,0.9999803304672241
3045,3,3,1.0
3046,8,8,0.9999077320098877
3047,2,2,0.999996542930603
3048,2,2,0.9999731779098511
3049,3,3,0.9999438524246216
3050,1,1,0.9999504089355469
3051,6,6,0.9998911619186401
3052,0,0,0.9999978542327881
3053,5,5,1.0
3054,7,7,0.9996447563171387
3055,7,7,0.9996733665466309
3056,9,9,0.9977990984916687
3057,2,2,0.999998927116394
3058,6,6,0.9930186867713928
3059,7,7,0.9996259212493896
3060,9,7,0.5571367740631104
3061,7,7,0.9996144771575928
3062,8,8,0.9333321452140808
3063,6,6,0.9996860027313232
3064,8,8,0.9999297857284546
3065,8,8,0.9970659613609314
3066,4,4,0.9998842477798462
3067,6,6,0.9999473094940186
3068,8,8,0.9996659755706787
3069,4,4,0.9911066889762878
3070,1,1,0.9998340606689453
3071,2,2,0.9999990463256836
3072,8,8,0.9999983310699463
3073,1,2,0.982450008392334
3074,3,3,1.0
3075,9,9,0.9999985694885254
3076,4,4,0.9999997615814209
3077,0,0,0.9985986351966858
3078,3,3,0.9984789490699768
3079,7,7,0.9999939203262329
3080,3,3,1.0
3081,2,2,0.9999922513961792
3082,3,3,0.9999983310699463
3083,3,3,0.9999873638153076
3084,7,7,0.9994714856147766
3085,3,3,0.999934196472168
3086,4,4,0.9997914433479309
3087,0,0,0.99994957447052
3088,6,6,0.9995326995849609
3089,2,2,0.9999939203262329
3090,0,0,0.9999381303787231
3091,8,8,0.9997662901878357
3092,1,1,0.998455286026001
3093,5,5,0.9999803304672241
3094,3,3,0.9998795986175537
3095,5,5,0.9999451637268066
3096,4,4,0.9999979734420776
3097,1,1,0.999850869178772
3098,7,7,0.997398853302002
3099,1,1,0.9998214840888977
3100,5,5,0.7137145400047302
3101,7,7,0.9982824325561523
3102,5,5,0.9913581609725952
3103,7,7,0.9993151426315308
3104,3,3,0.999997615814209
3105,2,2,0.9999996423721313
3106,2,2,0.9879531860351562
3107,7,7,0.9997825026512146
3108,3,3,0.9848706126213074
3109,7,7,0.9964325428009033
3110,3,3,0.9994950294494629
3111,7,7,0.9964397549629211
3112,8,8,0.9990386962890625
3113,5,5,0.9997758269309998
3114,4,4,0.9980080723762512
3115,5,5,0.9385561347007751
3116,2,2,0.9999997615814209
3117,5,5,0.9502686858177185
3118,6,6,0.9996439218521118
3119,5,5,0.9999997615814209
3120,3,3,0.9999995231628418
3121,6,6,0.9949894547462463
3122,7,7,0.9978936314582825
3123,4,4,0.9992586970329285
3124,1,1,0.999833345413208
3125,7,7,0.999981164932251
3126,1,1,0.9999490976333618
3127,5,5,0.9996994733810425
3128,2,2,0.9999815225601196
3129,3,3,0.9920470714569092
3130,6,6,0.9362854361534119
3131,3,3,0.9999945163726807
3132,1,1,0.9607018232345581
3133,4,4,0.9813616871833801
3134,2,2,0.9978871941566467
3135,6,6,0.9999829530715942
3136,7,7,0.9964002370834351
3137,4,4,0.999997615814209
3138,3,3,0.997868537902832
3139,8,8,0.9997709393501282
3140,0,0,0.9999731779098511
3141,6,6,0.9997783303260803
3142,2,2,0.9999775886535645
3143,1,1,0.9998218417167664
3144,6,6,0.9999958276748657
3145,5,5,0.9999496936798096
3146,3,3,0.9976661205291748
3147,9,9,0.9999936819076538
3148,1,1,0.9997870326042175
3149,9,9,0.9999936819076538
3150,3,3,0.999976634979248
3151,2,2,0.9877161383628845
3152,1,1,0.9985094666481018
3153,8,8,0.9998124241828918
3154,4,4,0.999243974685669
3155,4,4,0.9999724626541138
3156,6,6,0.9995429515838623
3157,5,5,0.9946441650390625
3158,8,8,0.9997828602790833
3159,6,6,0.9998201727867126
3160,9,9,0.9947803020477295
3161,7,7,0.9951077699661255
3162,7,7,0.9999723434448242
3163,8,8,0.9998002648353577
3164,6,6,0.9993805885314941
3165,9,9,0.9999920129776001
3166,7,7,0.9990791082382202
3167,3,3,0.9988957643508911
3168,9,9,0.9999992847442627
3169,4,4,0.9999922513961792
3170,0,0,0.9999967813491821
3171,5,5,0.9940177202224731
3172,4,4,0.9950554370880127
3173,6,6,0.9993775486946106
3174,4,4,0.9999995231628418
3175,1,1,0.999832034111023
3176,2,2,0.9470055103302002
3177,3,3,0.9999997615814209
3178,0,0,0.999810516834259
3179,0,0,0.9999995231628418
3180,2,2,0.9999955892562866
3181,6,6,0.9981595873832703
3182,6,6,0.9999972581863403
3183,5,5,0.9999803304672241
3184,7,7,0.9970596432685852
3185,0,0,0.9984482526779175
3186,8,8,0.9998364448547363
3187,6,6,0.9998202919960022
3188,4,4,0.9999988079071045
3189,7,7,0.885726273059845
3190,9,9,0.9999161958694458
3191,0,0,0.9997194409370422
3192,7,7,0.9999508857727051
3193,3,3,0.9996969699859619
3194,4,4,0.9999872446060181
3195,2,2,0.9999998807907104
3196,1,1,0.9742801785469055
3197,8,8,0.9999953508377075
3198,8,8,0.9999990463256836
3199,5,5,0.9999992847442627
3200,9,9,0.9999943971633911
3201,2,2,0.999998927116394
3202,7,7,0.9998810291290283
3203,1,1,0.9994263648986816
3204,8,8,0.9995042085647583
3205,8,8,0.968026876449585
3206,8,8,0.8881961703300476
3207,2,2,0.954092264175415
3208,7,7,0.9995638728141785
3209,6,6,0.9993701577186584
3210,0,0,0.9984776377677917
3211,1,1,0.9997944235801697
3212,2,2,0.9998363256454468
3213,7,7,0.9903344511985779
3214,1,1,0.9998651742935181
3215,0,0,0.9999970197677612
3216,8,8,0.9987075328826904
3217,3,3,1.0
3218,6,6,0.9210731387138367
3219,0,0,0.99985671043396
3220,5,5,0.9999996423721313
3221,3,3,0.9999991655349731
3222,6,6,0.9949697852134705
3223,2,2,0.9999995231628418
3224,8,8,0.9997990727424622
3225,7,9,0.5713984370231628
3226,0,0,0.9999920129776001
3227,1,1,0.9997676014900208
3228,4,4,0.9997676014900208
3229,2,2,0.9977501034736633
3230,1,1,0.999944806098938
3231,1,1,0.9999411106109619
3232,4,4,0.9992249011993408
3233,4,4,0.9978654980659485
3234,4,4,0.9999998807907104
3235,4,4,0.9985988736152649
3236,7,7,0.9792728424072266
3237,1,1,0.9983382225036621
3238,6,6,0.9987049102783203
3239,2,2,0.9999793767929077
3240,9,9,0.9784132242202759
3241,9,9,0.9999977350234985
3242,0,0,0.9993625283241272
3243,0,0,0.9995023012161255
3244,1,1,0.9998799562454224
3245,8,8,0.999489426612854
3246,8,8,0.9980454444885254
3247,4,4,0.9998668432235718
3248,3,3,0.9999682903289795
3249,4,4,0.9999755620956421
3250,2,2,0.9998243451118469
3251,0,0,0.7696296572685242
3252,6,6,0.9995551705360413
3253,1,1,0.9999121427536011
3254,6,6,0.995873749256134
3255,1,1,0.9997604489326477
3256,2,2,0.9999393224716187
3257,2,2,0.9999969005584717
3258,2,2,0.9999983310699463
3259,1,1,0.9983351826667786
3260,2,2,0.9836800694465637
3261,3,3,0.9970539808273315
3262,7,7,0.9787631630897522
3263,8,8,0.976402759552002
3264,1,1,0.9997696280479431
3265,0,0,0.9999868869781494
3266,0,0,0.9986849427223206
3267,2,2,0.9991588592529297
3268,1,1,0.9999409914016724
3269,6,6,0.9980150461196899
3270,6,6,0.9994440674781799
3271,0,0,0.9999988079071045
3272,1,1,0.9997100234031677
3273,6,6,0.9975784420967102
3274,2,2,0.9997931122779846
3275,5,5,0.9999052286148071
3276,1,1,0.9998854398727417
3277,7,7,0.9950249791145325
3278,4,4,0.9999901056289673
3279,8,8,0.9999988079071045
3280,2,2,0.9972444772720337
3281,1,1,0.9999433755874634
3282,4,4,0.9766258001327515
3283,3,3,0.9999372959136963
3284,8,8,0.9996058344841003
3285,3,3,0.9999938011169434
3286,9,9,0.9999979734420776
3287,9,9,0.9999722242355347
3288,4,4,0.6612863540649414
3289,8,9,0.888369619846344
3290,3,3,0.9998788833618164
3291,4,4,0.9984461665153503
3292,7,7,0.9991756081581116
3293,2,2,0.9999996423721313
3294,7,7,0.9973115921020508
3295,5,5,0.9999996423721313
3296,7,7,0.9997459053993225
3297,0,0,0.9999804496765137
3298,4,4,0.9996300935745239
3299,3,3,0.999982476234436
3300,3,3,0.9999914169311523
3301,2,2,0.9999990463256836
3302,6,6,0.978633463382721
3303,7,7,0.9730586409568787
3304,6,6,0.9999210834503174
3305,0,0,0.9923710823059082
3306,0,0,0.9999383687973022
3307,6,6,0.9999979734420776
3308,7,7,0.9999330043792725
3309,7,7,0.9999200105667114
3310,0,0,0.9999706745147705
3311,5,5,0.9995481371879578
3312,5,5,0.9996676445007324
3313,8,8,0.9999805688858032
3314,1,1,0.9999618530273438
3315,0,0,0.9999980926513672
3316,7,7,0.5916378498077393
3317,0,0,0.9973714351654053
3318,2,2,0.9998432397842407
3319,8,8,0.9980783462524414
3320,1,1,0.9999514818191528
3321,5,5,0.9988930821418762
3322,0,0,0.9999620914459229
3323,8,8,0.9995911717414856
3324,8,8,0.9993222951889038
3325,0,0,0.9999961853027344
3326,3,3,0.9997196793556213
3327,2,2,0.999977707862854
3328,7,7,0.9996614456176758
3329,7,7,0.9931991696357727
3330,2,2,0.8973157405853271
3331,6,6,0.9992063641548157
3332,4,4,0.9996802806854248
3333,7,7,0.9933972358703613
3334,5,5,0.9990931749343872
3335,5,5,0.9998338222503662
3336,5,5,0.9898608922958374
3337,2,2,0.9976713061332703
3338,9,9,0.9990895986557007
3339,2,2,0.9663781523704529
3340,8,8,0.9999667406082153
3341,4,4,0.9987024068832397
3342,6,6,0.9193062782287598
3343,8,8,0.9999364614486694
3344,6,6,0.9748987555503845
3345,5,5,0.9978457689285278
3346,0,0,0.9999849796295166
3347,0,0,0.9923420548439026
3348,8,8,0.9999905824661255
3349,7,7,0.9995344877243042
3350,6,6,0.9994502663612366
3351,1,1,0.9985589385032654
3352,7,7,0.9995225667953491
3353,1,1,0.9996588230133057
3354,1,1,0.999984622001648
3355,2,2,0.9999998807907104
3356,7,7,0.9999998807907104
3357,4,4,0.9999805688858032
3358,0,0,0.9913807511329651
3359,0,0,0.9999960660934448
3360,7,7,0.9996165037155151
3361,7,7,0.9833819270133972
3362,6,6,0.999994158744812
3363,3,3,0.999742329120636
3364,8,8,0.999824583530426
3365,6,6,0.9748827815055847
3366,4,4,0.9999990463256836
3367,2,2,0.9966347813606262
3368,0,0,0.9999773502349854
3369,9,9,0.7164939641952515
3370,4,4,0.9992721676826477
3371,0,0,0.9999933242797852
3372,5,5,0.9999892711639404
3373,7,7,0.9937951564788818
3374,8,8,0.9999194145202637
3375,2,2,0.9944975972175598
3376,7,7,0.9849337935447693
3377,4,4,0.9642783999443054
3378,7,7,0.999906063079834
3379,1,1,0.9999490976333618
3380,1,1,0.9998496770858765
3381,3,3,0.9982202649116516
3382,6,6,0.9998877048492432
3383,6,6,0.9998321533203125
3384,2,2,0.9949104189872742
3385,9,9,0.9999964237213135
3386,1,1,0.9999490976333618
3387,9,9,0.9999876022338867
3388,4,4,0.9945852160453796
3389,8,8,0.9999961853027344
3390,3,3,0.9999579191207886
3391,6,6,0.9994053840637207
3392,9,9,0.9998880624771118
3393,5,5,0.9998998641967773
3394,9,9,0.9981867671012878
3395,6,6,0.9997360110282898
3396,2,2,0.9999997615814209
3397,4,4,1.0
3398,6,6,0.9999281167984009
3399,7,7,0.9997287392616272
3400,7,7,0.9999974966049194
3401,0,0,0.9999986886978149
3402,6,6,0.9984074234962463
3403,6,6,0.9999874830245972
3404,9,9,0.9998983144760132
3405,4,4,0.9511832594871521
3406,8,8,0.9995145797729492
3407,3,3,0.9999949932098389
3408,5,5,0.9999686479568481
3409,3,3,0.9999512434005737
3410,4,4,0.7594442963600159
3411,9,9,0.9999499320983887
3412,0,0,0.9971659779548645
3413,0,0,0.9999759197235107
3414,5,5,0.9987226128578186
3415,2,2,0.9989411234855652
3416,5,5,0.9999738931655884
3417,0,0,0.9994712471961975
3418,7,7,0.999832272529602
3419,1,1,0.9999489784240723
3420,1,1,0.9997437596321106
3421,1,1,0.9998898506164551
3422,6,0,0.5969113111495972
3423,7,7,0.9997007846832275
3424,6,6,0.9997230172157288
3425,7,7,0.9988049268722534
3426,9,9,0.999954104423523
3427,6,6,0.9834008812904358
3428,6,6,0.9998656511306763
3429,4,4,0.9943342208862305
3430,1,1,0.9963653087615967
3431,4,4,0.9999942779541016
3432,3,3,0.997435986995697
3433,1,1,0.9999699592590332
3434,1,1,0.9998236298561096
3435,2,2,0.9999921321868896
3436,2,2,0.9988023042678833
3437,4,4,0.9083696007728577
3438,1,1,0.9998743534088135
3439,0,0,0.9999256134033203
3440,8,8,0.9999603033065796
3441,7,7,0.9678097367286682
3442,6,6,0.9989526271820068
3443,3,3,0.999997615814209
3444,4,4,0.9999792575836182
3445,0,0,0.9999996423721313
3446,0,0,0.9993948936462402
3447,6,6,0.9908520579338074
3448,3,3,0.999392032623291
3449,3,3,0.9999970197677612
3450,0,0,0.9848383665084839
3451,7,7,0.9880991578102112
3452,1,1,0.9998530149459839
3453,7,7,0.9994090795516968
3454,1,1,0.9999765157699585
3455,1,1,0.99994957447052
3456,3,3,0.9999958276748657
3457,1,1,0.9669586420059204
3458,0,0,0.9999887943267822
3459,9,9,0.9999817609786987
3460,9,9,0.9989438652992249
3461,7,7,0.9997878670692444
3462,5,5,0.9999998807907104
3463,4,4,0.9999994039535522
3464,1,1,0.9990485310554504
3465,4,4,0.9999856948852539
3466,8,8,0.999603807926178
3467,9,9,0.9999455213546753
3468,5,5,0.9995367527008057
3469,3,3,0.9999336004257202
3470,5,5,0.999985933303833
3471,1,1,0.9996504783630371
3472,9,9,0.9999969005584717
3473,8,8,0.9998481273651123
3474,2,2,0.7655960321426392
3475,3,3,0.7958714365959167
3476,3,3,0.999792754650116
3477,9,9,0.9987720847129822
3478,9,9,0.9999948740005493
3479,0,0,0.9999997615814209
3480,1,1,0.9999606609344482
3481,0,0,0.9999972581863403
3482,2,2,0.9994307160377502
3483,9,9,0.9998772144317627
3484,3,3,0.9999997615814209
3485,9,9,0.9999951124191284
3486,3,3,0.9999998807907104
3487,3,3,0.999997615814209
3488,6,6,0.9999642372131348
3489,2,2,0.9992727637290955
3490,4,4,0.8385169506072998
3491,9,9,0.9996156692504883
3492,8,8,0.99625164270401
3493,3,3,0.9999946355819702
3494,7,7,0.999671220779419
3495,4,4,0.9999853372573853
3496,0,0,0.9988154172897339
3497,4,4,0.9980564713478088
3498,7,7,0.9969459176063538
3499,8,8,0.9999533891677856
3500,4,4,0.9999992847442627
3501,9,9,0.9999088048934937
3502,8,8,0.9998923540115356
3503,9,1,0.9076521992683411
3504,9,9,0.9922407865524292
3505,7,7,0.9995110034942627
3506,5,5,0.9999853372573853
3507,9,9,0.9999961853027344
3508,2,2,0.9999475479125977
3509,8,8,0.9997773766517639
3510,2,2,0.999997615814209
3511,2,2,0.63350510597229
3512,0,0,0.9999350309371948
3513,2,2,0.9999903440475464
3514,2,2,0.9973002076148987
3515,3,3,1.0
3516,8,8,0.9969580173492432
3517,4,4,0.9999990463256836
3518,6,6,0.998736560344696
3519,8,8,0.9993240833282471
3520,6,4,0.9931153655052185
3521,8,8,0.9994909763336182
3522,2,2,0.9995741248130798
3523,4,4,0.9987812638282776
3524,6,6,0.9998903274536133
3525,7,7,0.9925277233123779
3526,9,9,0.999961256980896
3527,3,3,0.9998512268066406
3528,3,3,0.9999347925186157
3529,9,9,0.9997313618659973
3530,4,4,0.9992552399635315
3531,3,3,0.9995668530464172
3532,1,1,0.9997918009757996
3533,4,4,0.7915244698524475
3534,4,4,0.5114193558692932
3535,7,7,0.9997636675834656
3536,0,0,0.9977627992630005
3537,5,5,0.9998874664306641
3538,9,9,0.9999850988388062
3539,6,6,0.9984155893325806
3540,0,0,0.9990243911743164
3541,4,4,0.999946117401123
3542,4,4,0.9999995231628418
3543,4,4,0.9889249205589294
3544,4,4,0.991238534450531
3545,6,6,0.9999967813491821
3546,1,1,0.999985933303833
3547,2,2,0.9881829619407654
3548,3,3,0.9999946355819702
3549,3,3,0.9618157744407654
3550,6,6,0.9241418242454529
3551,4,4,0.9999077320098877
3552,5,5,0.9998273253440857
3553,9,9,0.9999732971191406
3554,6,6,0.9999654293060303
3555,8,8,0.9989776611328125
3556,5,5,0.9998087286949158
3557,6,6,0.9253091216087341
3558,5,5,0.5255692601203918
3559,8,8,0.8916835784912109
3560,6,6,0.9999924898147583
3561,4,4,0.9999562501907349
3562,1,1,0.9999455213546753
3563,8,8,0.9920662641525269
3564,6,6,0.9979414343833923
3565,5,5,0.9973564147949219
3566,2,2,0.9999979734420776
3567,8,8,0.9825944304466248
3568,4,4,0.9999961853027344
3569,5,5,1.0
3570,5,5,0.9999977350234985
3571,4,4,0.9611265659332275
3572,7,7,0.999934196472168
3573,7,7,0.9952179789543152
3574,0,0,0.9933757185935974
3575,7,7,0.9963332414627075
3576,8,8,0.9974058270454407
3577,2,2,0.9999594688415527
3578,2,2,0.9995361566543579
3579,3,3,0.9999996423721313
3580,7,7,0.9993624091148376
3581,0,0,0.999969482421875
3582,1,1,0.9986642599105835
3583,8,8,0.9989321827888489
3584,0,0,1.0
3585,7,7,0.9999686479568481
3586,1,1,0.999901533126831
3587,9,9,0.9999762773513794
3588,8,8,0.9999948740005493
3589,7,7,0.9997230172157288
3590,5,5,0.9999940395355225
3591,5,5,0.9071533679962158
3592,9,9,0.9994587302207947
3593,1,1,0.9999521970748901
3594,7,7,0.9999939203262329
3595,5,5,0.9999996423721313
3596,4,4,0.9995144605636597
3597,9,3,0.5793646574020386
3598,1,1,0.994685173034668
3599,2,2,0.6378763318061829
3600,2,2,0.9991204142570496
3601,1,1,0.9941949248313904
3602,6,6,0.9999991655349731
3603,6,6,0.9999995231628418
3604,7,7,0.823288083076477
3605,1,1,0.9994118213653564
3606,1,1,0.9925884008407593
3607,4,4,0.9998089671134949
3608,0,0,0.9999998807907104
3609,7,7,0.9997538924217224
3610,4,4,0.9999995231628418
3611,2,2,0.9998664855957031
3612,4,4,0.9990288019180298
3613,0,0,0.9995096921920776
3614,6,6,0.9998449087142944
3615,4,4,0.9992614388465881
3616,7,7,0.9998277425765991
3617,6,6,0.9999526739120483
3618,9,9,0.9996612071990967
3619,5,5,0.9999700784683228
3620,3,3,0.9999799728393555
3621,4,4,0.9999864101409912
3622,6,6,0.9999358654022217
3623,5,5,0.999397873878479
3624,0,0,0.9999985694885254
3625,1,1,0.9998935461044312
3626,8,8,0.8901965618133545
3627,8,8,0.9999322891235352
3628,2,2,0.9999961853027344
3629,8,8,0.9649227261543274
3630,3,3,0.9999995231628418
3631,5,5,0.9999978542327881
3632,7,7,0.9999847412109375
3633,8,8,0.9999974966049194
3634,0,0,0.9989296793937683
3635,8,8,0.9982936978340149
3636,5,5,0.9999314546585083
3637,7,7,0.9989029169082642
3638,1,1,0.999923586845398
3639,1,1,0.9997057318687439
3640,0,0,0.9947124719619751
3641,1,1,0.9996659755706787
3642,3,3,1.0
3643,7,7,0.9998781681060791
3644,8,8,0.9999643564224243
3645,5,5,0.999568521976471
3646,0,0,0.9996615648269653
3647,7,7,0.9958081245422363
3648,1,1,0.9999966621398926
3649,1,1,0.9999463558197021
3650,0,0,0.9999600648880005
3651,1,1,0.9999337196350098
3652,1,1,0.9999580383300781
3653,4,4,0.9962489008903503
3654,5,5,0.8327977061271667
3655,2,2,0.9999973773956299
3656,7,7,0.999841570854187
3657,6,6,0.999992847442627
3658,2,2,0.999685525894165
3659,3,3,0.9999997615814209
3660,0,0,0.9999986886978149
3661,2,2,0.9999842643737793
3662,8,8,0.7541177868843079
3663,5,5,0.9998608827590942
3664,9,9,0.9989350438117981
3665,6,6,0.9999696016311646
3666,9,9,0.9999399185180664
3667,7,7,0.999595582485199
3668,2,2,0.9999994039535522
3669,1,1,0.9996317625045776
3670,3,3,1.0
3671,6,6,0.9999970197677612
3672,4,4,0.9993041753768921
3673,1,1,0.9996320009231567
3674,8,8,0.9849829077720642
3675,2,2,0.9999992847442627
3676,4,4,0.9999985694885254
3677,0,0,0.9999732971191406
3678,5,5,0.9999774694442749
3679,1,1,0.9999163150787354
3680,0,0,0.9999431371688843
3681,2,2,0.9467090368270874
3682,2,2,0.999958872795105
3683,6,6,0.9994632601737976
3684,4,4,0.9999277591705322
3685,4,4,0.9988071918487549
3686,3,3,0.9998766183853149
3687,9,9,0.9999017715454102
3688,6,6,0.9467064738273621
3689,1,1,0.999961256980896
3690,6,6,0.9858605861663818
3691,5,5,0.9999983310699463
3692,7,7,0.9998894929885864
3693,9,9,0.999983549118042
3694,2,2,0.9980972409248352
3695,0,0,0.9999001026153564
3696,2,2,0.9998472929000854
3697,6,6,0.9965751767158508
3698,0,0,0.9997939467430115
3699,1,1,0.9996923208236694
3700,4,4,0.9999828338623047
3701,3,3,0.9999867677688599
3702,5,5,0.9467445015907288
3703,2,2,0.9999997615814209
3704,8,8,0.9999938011169434
3705,8,8,0.9999938011169434
3706,0,0,0.9991208910942078
3707,8,8,0.9999616146087646
3708,8,8,0.9999805688858032
3709,9,9,0.9997387528419495
3710,0,0,0.9915992021560669
3711,9,9,0.9998478889465332
3712,6,6,0.9999992847442627
3713,7,7,0.9994749426841736
3714,6,6,0.9997153878211975
3715,3,3,1.0
3716,9,9,0.9907742142677307
3717,3,3,0.9996428489685059
3718,4,4,0.8864724636077881
3719,7,7,0.9999614953994751
3720,7,7,0.9996114373207092
3721,7,7,0.9995518326759338
3722,4,4,0.9999175071716309
3723,9,9,0.98897385597229
3724,0,0,0.9998733997344971
3725,6,6,0.9997616410255432
3726,4,4,0.8062475919723511
3727,8,8,0.842669665813446
3728,4,4,0.9999756813049316
3729,2,2,0.991273820400238
3730,7,7,0.5158854126930237
3731,2,2,0.9999758005142212
3732,8,8,0.9997736811637878
3733,1,1,0.9999479055404663
3734,0,0,0.9999756813049316
3735,0,0,0.9999964237213135
3736,7,7,0.9940301179885864
3737,8,8,0.998571515083313
3738,3,3,0.9996016621589661
3739,3,3,0.9958209991455078
3740,3,3,0.9999990463256836
3741,1,1,0.9999356269836426
3742,3,9,0.5395663380622864
3743,7,7,0.9997847676277161
3744,6,6,0.9986592531204224
3745,1,1,0.9998854398727417
3746,3,3,0.9999995231628418
3747,1,1,0.9999200105667114
3748,6,6,0.9984594583511353
3749,6,6,0.8682487607002258
3750,5,5,0.9999934434890747
3751,7,2,0.5766524076461792
3752,4,4,0.999944806098938
3753,7,7,0.9999747276306152
3754,5,5,0.9997910857200623
3755,9,9,0.9977954626083374
3756,5,5,0.981551468372345
3757,8,8,0.9709044694900513
3758,4,4,0.999352753162384
3759,9,9,0.9999855756759644
3760,9,9,0.9999524354934692
3761,1,1,0.9942246079444885
3762,6,6,0.4965085983276367
3763,5,5,0.9998778104782104
3764,0,0,0.9996459484100342
3765,1,1,0.9997819066047668
3766,3,3,0.9978051781654358
3767,7,2,0.8203179240226746
3768,0,0,0.996933102607727
3769,3,3,0.9969475865364075
3770,4,4,0.9997803568840027
3771,8,8,0.9992122650146484
3772,2,2,0.9908120036125183
3773,2,2,0.9999734163284302
3774,0,0,0.99996018409729
3775,2,2,0.9999890327453613
3776,5,5,0.9993352293968201
3777,1,1,0.9992536902427673
3778,5,5,0.4913666248321533
3779,1,1,0.9998449087142944
3780,4,4,0.9773947596549988
3781,8,8,0.9999016523361206
3782,8,8,0.9723595380783081
3783,9,9,0.9999862909317017
3784,1,1,0.9998412132263184
3785,2,2,0.9972187280654907
3786,1,1,0.9998345375061035
3787,3,3,0.9995607733726501
3788,5,5,1.0
3789,1,1,0.9998565912246704
3790,0,0,0.9999157190322876
3791,9,9,0.999338686466217
3792,4,4,0.9999977350234985
3793,4,4,0.9997339844703674
3794,8,8,0.9632312059402466
3795,3,3,0.9998517036437988
3796,2,2,0.9242992401123047
3797,5,5,0.9999910593032837
3798,9,9,0.9997790455818176
3799,7,7,0.9996904134750366
3800,6,6,0.9985023736953735
3801,6,6,0.9731177687644958
3802,2,2,0.9999998807907104
3803,0,0,0.9997598528862
3804,0,0,0.9994227886199951
3805,0,0,0.9999772310256958
3806,5,5,0.8413949012756348
3807,8,8,0.9999988079071045
3808,7,8,0.9857831001281738
3809,1,1,0.9999198913574219
3810,5,5,0.9990891218185425
3811,2,2,0.8411030769348145
3812,3,3,0.9999991655349731
3813,8,8,0.9999992847442627
3814,5,5,0.9999985694885254
3815,1,1,0.9999949932098389
3816,8,8,0.9998971223831177
3817,2,2,0.9997555613517761
3818,0,0,0.9661950469017029
3819,4,4,0.9999954700469971
3820,9,9,0.9993984699249268
3821,9,9,0.9990944862365723
3822,6,6,0.9999703168869019
3823,2,2,0.9999681711196899
3824,3,3,0.9999802112579346
3825,3,3,0.9999911785125732
3826,5,5,0.9997366070747375
3827,6,6,0.9997287392616272
3828,4,4,0.99997878074646
3829,8,8,0.9999974966049194
3830,0,0,0.9999935626983643
3831,9,9,0.997925877571106
3832,2,2,0.999947190284729
3833,8,8,0.9984145164489746
3834,3,3,0.999923586845398
3835,6,6,0.9985606074333191
3836,7,7,0.9869058728218079
3837,5,5,0.9999881982803345
3838,7,7,0.8484039902687073
3839,2,2,0.999969482421875
3840,9,9,0.9999200105667114
3841,4,4,0.9999996423721313
3842,9,9,0.9999794960021973
3843,1,1,0.9998390674591064
3844,2,2,0.9999035596847534
3845,8,8,0.9999997615814209
3846,6,6,0.9212929606437683
3847,0,0,0.9999814033508301
3848,7,7,0.9992806315422058
3849,0,0,0.9999994039535522
3850,9,9,0.9790927171707153
3851,1,1,0.9967297315597534
3852,1,1,0.99898761510849
3853,6,0,0.41143280267715454
3854,7,7,0.9999992847442627
3855,5,5,0.9954811334609985
3856,9,9,0.9996607303619385
3857,9,9,0.9998440742492676
3858,1,1,0.9998224377632141
3859,9,9,0.9975702166557312
3860,5,5,0.999991774559021
3861,9,9,0.9990724325180054
3862,2,2,0.9638925194740295
3863,5,5,0.9990941286087036
3864,0,0,0.9998838901519775
3865,4,4,0.9999996423721313
3866,1,1,0.9998855590820312
3867,0,0,0.9998630285263062
3868,8,8,0.999823272228241
3869,9,9,0.8324140310287476
3870,0,0,0.9999995231628418
3871,8,8,0.9970058798789978
3872,9,9,0.9999955892562866
3873,8,8,0.9999661445617676
3874,9,9,0.9983941912651062
3875,4,4,0.9996516704559326
3876,2,2,0.9980473518371582
3877,5,5,0.9999963045120239
3878,7,7,0.9998233914375305
3879,9,9,0.9995230436325073
3880,8,8,0.9989892840385437
3881,9,9,0.9990381002426147
3882,8,8,0.999992847442627
3883,0,0,1.0
3884,9,9,0.9999910593032837
3885,9,9,0.9999539852142334
3886,6,6,0.9999876022338867
3887,8,8,0.9999862909317017
3888,9,9,0.9998123049736023
3889,9,9,0.9999855756759644
3890,5,5,0.9998378753662109
3891,9,9,0.9999580383300781
3892,8,8,0.9999967813491821
3893,5,5,0.989571213722229
3894,1,1,0.9991658926010132
3895,0,0,0.9995402097702026
3896,3,3,0.9999951124191284
3897,3,3,0.9999202489852905
3898,5,5,0.9999914169311523
3899,2,2,0.9997372031211853
3900,1,1,0.9997579455375671
3901,6,6,0.9981156587600708
3902,5,5,0.625457763671875
3903,0,0,0.9999909400939941
3904,2,2,0.9999517202377319
3905,8,8,0.9998455047607422
3906,1,3,0.7911673188209534
3907,5,5,0.9999997615814209
3908,6,6,0.9997937083244324
3909,2,2,0.9995142221450806
3910,3,3,0.9999998807907104
3911,0,0,0.9998087286949158
3912,2,2,0.9999854564666748
3913,2,2,0.9998596906661987
3914,6,6,0.9998406171798706
3915,4,4,0.9999942779541016
3916,3,3,0.999964714050293
3917,5,5,0.9999781847000122
3918,5,5,0.9908217191696167
3919,1,1,0.9999620914459229
3920,7,7,0.9999996423721313
3921,2,2,0.9999760389328003
3922,1,1,0.9997181296348572
3923,6,6,0.9997888207435608
3924,9,9,0.9996180534362793
3925,1,1,0.9998189806938171
3926,9,9,0.999321699142456
3927,9,9,0.9996294975280762
3928,5,5,0.9995563626289368
3929,5,5,0.9999724626541138
3930,1,1,0.9999567270278931
3931,6,6,0.9999667406082153
3932,2,2,0.9999988079071045
3933,2,2,1.0
3934,8,8,0.9999979734420776
3935,6,6,0.9998915195465088
3936,7,7,0.9978222846984863
3937,1,1,0.9987610578536987
3938,4,4,0.9946029782295227
3939,6,6,0.9940512776374817
3940,0,0,0.9989979863166809
3941,4,4,0.9490213990211487
3942,0,0,0.9999206066131592
3943,3,3,0.871379554271698
3944,3,3,0.9999958276748657
3945,2,2,0.9999774694442749
3946,2,2,0.9923070073127747
3947,3,3,0.9999997615814209
3948,6,6,0.997961163520813
3949,8,8,0.9996763467788696
3950,9,9,0.9997069239616394
3951,8,8,0.8959906101226807
3952,5,5,0.9997066855430603
3953,3,3,0.9999988079071045
3954,8,8,0.9595082402229309
3955,5,5,0.9999932050704956
3956,4,4,0.9998558759689331
3957,5,5,0.9998855590820312
3958,2,2,0.9998093247413635
3959,0,0,0.9999876022338867
3960,5,5,0.9999991655349731
3961,6,6,0.9984176158905029
3962,3,3,0.999799907207489
3963,2,2,0.9999997615814209
3964,8,8,0.9996988773345947
3965,3,3,0.9999985694885254
3966,9,9,0.9999984502792358
3967,9,9,0.9889863729476929
3968,5,5,0.9900385141372681
3969,7,7,0.9984650611877441
3970,9,9,0.9993517994880676
3971,4,4,0.9946494698524475
3972,6,6,0.9995481371879578
3973,7,7,0.9999687671661377
3974,1,1,0.9971364736557007
3975,3,3,0.9999959468841553
3976,7,7,0.6867876052856445
3977,3,3,0.9999780654907227
3978,6,6,0.9994407296180725
3979,6,6,0.9999840259552002
3980,0,0,0.9999997615814209
3981,9,9,0.9998592138290405
3982,0,0,0.9999649524688721
3983,1,1,0.9998331069946289
3984,9,9,0.9947834610939026
3985,9,9,0.9470497965812683
3986,2,2,0.9964732527732849
3987,8,8,0.9991307854652405
3988,8,8,0.9988935589790344
3989,0,0,0.9977849721908569
3990,1,1,0.9997207522392273
3991,6,6,0.9990587830543518
3992,9,9,0.9999914169311523
3993,7,7,0.9999933242797852
3994,5,5,0.9998438358306885
3995,3,3,0.8695206046104431
3996,4,4,0.9999819993972778
3997,7,7,0.9991012811660767
3998,4,4,0.9996973276138306
3999,9,9,0.9999990463256836
4000,9,9,0.9989878535270691
4001,4,4,0.9691137671470642
4002,3,3,0.9926889538764954
4003,6,6,0.999717652797699
4004,3,3,0.9999960660934448
4005,1,1,0.999631404876709
4006,1,1,0.9998353719711304
4007,7,7,0.8025400638580322
4008,6,6,0.9999960660934448
4009,9,9,0.9999291896820068
4010,1,1,0.9999724626541138
4011,8,8,0.9970484375953674
4012,4,4,0.9998745918273926
4013,1,1,0.99744713306427
4014,1,1,0.9999595880508423
4015,9,9,0.9981606602668762
4016,9,9,0.9999372959136963
4017,4,4,0.9697534441947937
4018,3,3,0.9962660670280457
4019,6,6,0.9992517828941345
4020,8,8,0.9999979734420776
4021,1,1,0.9999614953994751
4022,6,6,0.9993607401847839
4023,0,0,0.9999985694885254
4024,4,4,0.9999924898147583
4025,1,1,0.9999409914016724
4026,3,3,0.9999995231628418
4027,7,7,0.9633963704109192
4028,7,7,0.9999895095825195
4029,4,4,0.9998082518577576
4030,9,9,0.999413013458252
4031,5,5,0.9982389211654663
4032,1,1,0.9993797540664673
4033,0,0,1.0
4034,0,0,0.9999936819076538
4035,1,1,0.9999668598175049
4036,1,1,0.9999918937683105
4037,6,6,0.9918432831764221
4038,2,2,0.9998471736907959
4039,1,1,0.9998764991760254
4040,9,9,0.999995231628418
4041,8,8,0.999958872795105
4042,4,4,0.9999994039535522
4043,0,0,0.9999817609786987
4044,3,3,0.9927883744239807
4045,6,6,0.9995684027671814
4046,4,4,0.9999911785125732
4047,9,9,0.9999135732650757
4048,0,0,0.9999291896820068
4049,7,7,0.9999897480010986
4050,1,1,0.9978759288787842
4051,6,6,0.9999645948410034
4052,5,5,0.9855033159255981
4053,7,7,0.9780134558677673
4054,5,5,0.9995884299278259
4055,2,2,0.9994353652000427
4056,5,5,0.9971622824668884
4057,1,1,0.9999561309814453
4058,8,8,0.9999808073043823
4059,5,5,0.9988699555397034
4060,4,4,0.9998670816421509
4061,7,7,0.9967028498649597
4062,0,0,0.9999902248382568
4063,6,6,0.9353693127632141
4064,7,7,0.9999852180480957
4065,0,0,0.9232131242752075
4066,2,2,0.9999982118606567
4067,5,5,0.9999021291732788
4068,8,8,0.999332845211029
4069,1,1,0.9999579191207886
4070,0,0,0.999992847442627
4071,4,4,0.9933059811592102
4072,5,5,0.9996474981307983
4073,7,7,0.9999994039535522
4074,1,1,0.9981088638305664
4075,8,6,0.472814679145813
4076,5,5,0.9988590478897095
4077,1,1,0.9997417330741882
4078,9,9,0.8189396858215332
4079,0,0,0.9999839067459106
4080,0,0,0.9992579817771912
4081,6,6,0.9997894167900085
4082,0,0,0.9998875856399536
4083,7,7,0.999997615814209
4084,3,3,0.999970555305481
4085,1,1,0.9999642372131348
4086,8,8,0.9995580315589905
4087,3,3,0.9999973773956299
4088,9,9,0.9999580383300781
4089,7,7,0.999514102935791
4090,0,0,0.9994982481002808
4091,0,0,0.9999407529830933
4092,8,8,0.9996792078018188
4093,9,9,0.9980714917182922
4094,5,5,0.9990929365158081
4095,9,9,0.9999960660934448
4096,8,8,0.999901294708252
4097,3,3,0.9999969005584717
4098,2,2,0.9999349117279053
4099,7,7,0.9984995126724243
4100,2,2,0.958162784576416
4101,9,9,0.999954104423523
4102,7,9,0.624727725982666
4103,2,2,0.9999912977218628
4104,1,1,0.9999827146530151
4105,1,1,0.9999140501022339
4106,3,3,0.9999997615814209
4107,7,7,0.9994232654571533
4108,5,5,0.9999983310699463
4109,3,3,0.9998094439506531
4110,1,1,0.9995887875556946
4111,9,9,0.9999289512634277
4112,8,8,0.9996498823165894
4113,2,2,0.9999430179595947
4114,2,2,0.9970659613609314
4115,2,2,0.9999772310256958
4116,8,8,0.9937812685966492
4117,8,8,0.9999500513076782
4118,5,5,0.9999818801879883
4119,7,7,0.9999260902404785
4120,3,3,0.9996529817581177
4121,8,8,0.9998406171798706
4122,9,9,0.9999926090240479
4123,8,8,0.9951629638671875
4124,8,8,0.9989732503890991
4125,6,6,0.9993270635604858
4126,8,8,0.9218538403511047
4127,2,2,0.9999814033508301
4128,3,3,0.9974161386489868
4129,9,9,0.9995425939559937
4130,7,7,0.9998722076416016
4131,5,5,0.9998118281364441
4132,6,6,0.9993021488189697
4133,2,2,0.9999555349349976
4134,9,9,0.9993053674697876
4135,2,2,0.9998928308486938
4136,8,8,0.9999725818634033
4137,8,8,0.9989798665046692
4138,1,1,0.9998376369476318
4139,6,6,0.9999513626098633
4140,8,8,0.9980382323265076
4141,8,8,0.9993606209754944
4142,7,7,0.9987378716468811
4143,9,9,0.9999524354934692
4144,1,1,0.9999711513519287
4145,8,8,0.9986681938171387
4146,0,0,0.9911859631538391
4147,1,1,0.9986714124679565
4148,7,7,0.9940809607505798
4149,2,2,0.9998394250869751
4150,0,0,0.9999996423721313
4151,7,7,0.9971197843551636
4152,5,5,0.9946592450141907
4153,1,1,0.9999902248382568
4154,9,9,0.9974678754806519
4155,0,0,0.9999997615814209
4156,2,2,0.9759513139724731
4157,0,0,0.9998853206634521
4158,9,9,0.999992847442627
4159,8,8,0.998594343662262
4160,6,6,0.9969521760940552
4161,2,2,0.9996298551559448
4162,3,3,1.0
4163,9,9,0.9017425775527954
4164,3,3,0.9999998807907104
4165,8,8,0.9958603978157043
4166,0,0,0.9999622106552124
4167,2,2,0.9990863800048828
4168,1,1,0.9998315572738647
4169,1,1,0.9999816417694092
4170,1,1,0.9994731545448303
4171,1,1,0.9979127049446106
4172,4,4,0.9999938011169434
4173,2,2,0.9999940395355225
4174,9,9,0.9995208978652954
4175,7,7,0.9999885559082031
4176,2,7,0.9570023417472839
4177,5,5,0.9989632368087769
4178,1,1,0.9960843324661255
4179,1,1,0.999963641166687
4180,2,2,0.99326491355896
4181,1,1,0.9999669790267944
4182,9,9,0.9999583959579468
4183,9,9,0.9999674558639526
4184,9,9,0.9998231530189514
4185,1,1,0.9902033805847168
4186,0,0,0.9999797344207764
4187,2,2,0.9965027570724487
4188,0,0,0.9999995231628418
4189,2,2,0.9999295473098755
4190,1,1,0.9998569488525391
4191,1,1,0.9999369382858276
4192,4,4,0.9997982382774353
4193,6,6,0.7507400512695312
4194,4,4,0.9835526943206787
4195,1,1,0.9997697472572327
4196,5,5,0.9978273510932922
4197,4,4,0.9994496703147888
4198,9,9,0.9999895095825195
4199,7,7,0.7316705584526062
4200,7,7,0.9999969005584717
4201,1,1,0.6956530809402466
4202,5,5,0.9999678134918213
4203,6,6,0.9996848106384277
4204,2,2,0.9999963045120239
4205,2,1,0.5295028686523438
4206,2,2,0.999708354473114
4207,8,2,0.6956868171691895
4208,0,0,0.9999979734420776
4209,6,6,0.9994381070137024
4210,9,9,0.9999426603317261
4211,6,6,0.9741937518119812
4212,1,1,0.9018670320510864
4213,9,9,0.9999638795852661
4214,7,7,0.9996892213821411
4215,7,7,0.9999425411224365
4216,1,1,0.9940876960754395
4217,4,4,0.9990384578704834
4218,8,8,0.9999996423721313
4219,5,5,0.9999996423721313
4220,3,3,0.9999929666519165
4221,4,4,0.9936442375183105
4222,3,3,0.9999988079071045
4223,4,4,0.9908590912818909
4224,9,7,0.9197484254837036
4225,7,7,0.9998264908790588
4226,5,5,0.9999982118606567
4227,0,0,0.9999924898147583
4228,7,7,0.9735896587371826
4229,4,4,0.9999933242797852
4230,8,8,0.9999138116836548
4231,8,8,0.999476969242096
4232,1,1,0.9995099306106567
4233,5,5,0.9999992847442627
4234,3,3,0.9999879598617554
4235,9,9,0.999884843826294
4236,5,5,0.9999940395355225
4237,9,9,0.9999939203262329
4238,7,3,0.928196132183075
4239,6,6,0.9938030242919922
4240,9,9,0.9999971389770508
4241,0,0,0.9999984502792358
4242,3,3,0.9992567896842957
4243,6,6,0.999363362789154
4244,3,3,0.9999842643737793
4245,9,9,0.9999949932098389
4246,8,8,0.9999970197677612
4247,2,2,0.9999409914016724
4248,2,2,0.5791569948196411
4249,1,1,0.9999558925628662
4250,2,2,0.9999780654907227
4251,8,8,0.9999743700027466
4252,6,6,0.9999814033508301
4253,8,8,0.9999836683273315
4254,5,5,0.9997698664665222
4255,5,5,0.9933627843856812
4256,3,2,0.839885950088501
4257,9,9,0.9995526671409607
4258,4,4,0.9999996423721313
4259,9,9,0.9609286189079285
4260,2,2,0.9893814325332642
4261,5,5,0.9999542236328125
4262,1,1,0.9999737739562988
4263,5,5,0.9990764856338501
4264,1,1,0.9999020099639893
4265,4,7,0.5983903408050537
4266,4,4,0.9967582821846008
4267,1,1,0.9999744892120361
4268,4,4,0.9999731779098511
4269,4,4,0.9997689127922058
4270,3,3,0.9999992847442627
4271,5,5,0.9437134861946106
4272,9,9,0.9999638795852661
4273,1,1,0.9996908903121948
4274,2,2,0.9999411106109619
4275,2,2,0.9999657869338989
4276,3,3,0.9996756315231323
4277,3,3,0.9997820258140564
4278,0,0,0.9999992847442627
4279,2,2,0.9999516010284424
4280,9,9,0.9991450309753418
4281,0,0,0.9996708631515503
4282,0,0,0.9999970197677612
4283,9,9,0.9998949766159058
4284,9,9,0.7529569864273071
4285,6,6,0.9799465537071228
4286,0,0,0.9999842643737793
4287,9,9,0.9997296929359436
4288,3,3,0.9999998807907104
4289,2,2,0.8955123424530029
4290,8,8,0.9999154806137085
4291,4,4,0.9906241297721863
4292,1,1,0.9999268054962158
4293,9,9,0.9996931552886963
4294,9,9,0.7204158306121826
4295,7,7,0.9999271631240845
4296,2,2,0.9999954700469971
4297,7,7,0.9953457713127136
4298,9,9,0.9999910593032837
4299,9,9,0.9990826845169067
4300,5,5,0.9720245599746704
4301,9,9,0.9996540546417236
4302,5,5,0.9999794960021973
4303,1,1,0.9999281167984009
4304,1,1,0.9999344348907471
4305,8,8,0.9999933242797852
4306,3,5,0.5756849646568298
4307,5,5,0.999981164932251
4308,1,1,0.9981497526168823
4309,9,9,0.9998959302902222
4310,5,5,0.9999651908874512
4311,3,3,0.9994097948074341
4312,5,5,0.9999872446060181
4313,4,4,0.9092012643814087
4314,9,9,0.9962109327316284
4315,5,5,0.9989416003227234
4316,9,9,0.9947012662887573
4317,3,3,0.9872961044311523
4318,1,1,0.9996036887168884
4319,9,9,0.9999995231628418
4320,0,0,0.9999920129776001
4321,9,9,0.9993871450424194
4322,7,7,0.9999980926513672
4323,5,5,0.9988918900489807
4324,4,4,0.9995524287223816
4325,9,9,0.995154857635498
4326,2,2,0.9998878240585327
4327,0,0,0.9999706745147705
4328,1,1,0.999934196472168
4329,0,0,0.9999525547027588
4330,5,5,0.9850345253944397
4331,1,1,0.9985415935516357
4332,4,4,0.9999970197677612
4333,9,9,0.9996283054351807
4334,3,3,0.999962329864502
4335,3,3,0.9808005690574646
4336,6,6,0.9996902942657471
4337,1,1,0.9999611377716064
4338,5,5,0.9997333884239197
4339,2,2,0.9999692440032959
4340,5,5,0.9999809265136719
4341,2,2,0.9988428354263306
4342,2,2,0.9991170763969421
4343,0,0,0.998770534992218
4344,9,9,0.967639148235321
4345,2,2,1.0
4346,6,6,0.9999738931655884
4347,6,6,0.9999656677246094
4348,0,0,0.9999998807907104
4349,1,1,0.9997082352638245
4350,2,2,0.9510317444801331
4351,0,0,0.9999951124191284
4352,3,3,0.9999808073043823
4353,0,0,0.9999382495880127
4354,2,2,0.9996029734611511
4355,5,5,0.9838084578514099
4356,5,5,0.9539125561714172
4357,7,7,0.9999990463256836
4358,9,9,0.9996370077133179
4359,5,5,0.9393103718757629
4360,5,5,0.9685572981834412
4361,0,0,0.9997616410255432
4362,8,8,0.9999810457229614
4363,9,9,0.9990276098251343
4364,5,5,0.9999977350234985
4365,0,0,0.9999372959136963
4366,3,3,0.9999990463256836
4367,2,2,0.9999876022338867
4368,5,5,0.986169695854187
4369,9,9,0.8335983157157898
4370,0,0,0.9991876482963562
4371,8,8,0.9999828338623047
4372,8,8,0.9999992847442627
4373,4,4,0.9998601675033569
4374,5,5,0.9562529921531677
4375,8,8,0.9998356103897095
4376,8,8,0.9999017715454102
4377,4,4,0.999775230884552
4378,5,5,0.9999990463256836
4379,4,4,0.9932529330253601
4380,8,8,0.9579352140426636
4381,5,5,0.999998927116394
4382,4,4,0.9812610149383545
4383,9,9,0.9995222091674805
4384,2,2,0.9819804430007935
4385,2,2,0.999871015548706
4386,1,1,0.9998636245727539
4387,2,2,0.9999713897705078
4388,6,6,0.999862551689148
4389,8,8,0.9997804760932922
4390,8,8,0.9999823570251465
4391,7,7,0.9773195385932922
4392,0,0,0.9999992847442627
4393,3,3,0.9993665814399719
4394,6,6,0.9999891519546509
4395,6,6,0.9995025396347046
4396,4,4,0.9997921586036682
4397,3,3,0.9999974966049194
4398,8,8,0.999994158744812
4399,8,8,0.9959988594055176
4400,7,7,0.9945045113563538
4401,2,2,0.989730954170227
4402,2,2,1.0
4403,0,0,0.9897454380989075
4404,0,0,0.9999319314956665
4405,9,9,0.9571266174316406
4406,3,3,0.9999998807907104
4407,9,9,0.99981290102005
4408,9,9,0.9995338916778564
4409,1,1,0.9999268054962158
4410,9,9,0.9999295473098755
4411,8,8,0.9999898672103882
4412,6,6,0.9997877478599548
4413,6,6,0.9990265369415283
4414,4,4,0.9999270439147949
4415,2,2,0.9995583891868591
4416,6,6,0.9993801116943359
4417,9,9,0.999997615814209
4418,2,2,0.9999997615814209
4419,8,8,0.9974096417427063
4420,5,5,0.9999346733093262
4421,4,4,0.9997665286064148
4422,5,5,0.9996515512466431
4423,7,7,0.9998557567596436
4424,9,9,0.9979390501976013
4425,9,9,0.9963739514350891
4426,9,9,0.9999163150787354
4427,2,2,0.9998364448547363
4428,1,1,0.999743640422821
4429,8,8,0.9959378242492676
4430,3,3,1.0
4431,4,4,0.9999759197235107
4432,0,0,0.9998061060905457
4433,7,7,0.9587385058403015
4434,8,8,0.9996871948242188
4435,3,3,0.988036036491394
4436,9,9,0.9999986886978149
4437,3,3,0.9938144683837891
4438,4,4,0.9976067543029785
4439,6,6,0.9355618953704834
4440,5,5,0.9998316764831543
4441,6,6,0.9998522996902466
4442,2,2,0.9999738931655884
4443,3,3,0.8628149628639221
4444,9,9,0.9881638884544373
4445,2,2,0.9999819993972778
4446,6,6,0.9999881982803345
4447,0,0,0.9999701976776123
4448,0,0,0.9999948740005493
4449,6,6,0.997510552406311
4450,1,1,0.9997840523719788
4451,2,2,0.9916930794715881
4452,8,8,0.9999258518218994
4453,7,7,0.9999498128890991
4454,9,9,0.9753764271736145
4455,8,8,0.9889039397239685
4456,2,2,0.9999821186065674
4457,0,0,0.9999556541442871
4458,4,4,0.9999141693115234
4459,7,7,0.999994158744812
4460,7,7,0.9940711855888367
4461,5,5,0.9999408721923828
4462,0,0,0.9999933242797852
4463,5,5,0.9997183680534363
4464,6,6,0.9999960660934448
4465,4,4,0.9999369382858276
4466,6,6,0.9999470710754395
4467,7,7,0.9961732029914856
4468,4,4,0.9999637603759766
4469,3,3,0.9998428821563721
4470,0,0,0.9999555349349976
4471,7,7,0.9999916553497314
4472,5,5,0.9916933178901672
4473,0,0,0.9999781847000122
4474,7,7,0.9999997615814209
4475,4,4,0.999946117401123
4476,2,2,0.9999774694442749
4477,0,0,0.919122040271759
4478,8,8,0.9994789958000183
4479,9,9,0.9839876890182495
4480,9,9,0.9999754428863525
4481,4,4,0.9973374009132385
4482,2,2,0.9879958033561707
4483,4,4,0.9730668663978577
4484,6,6,0.9999309778213501
4485,7,7,0.9997970461845398
4486,8,8,0.999916672706604
4487,7,7,0.9966462254524231
4488,6,6,0.9904634356498718
4489,9,9,0.9965121150016785
4490,4,4,0.9999299049377441
4491,1,1,0.998386025428772
4492,3,3,0.9999856948852539
4493,7,7,0.999984860420227
4494,3,3,0.9799026846885681
4495,0,0,0.9999439716339111
4496,8,8,0.9999874830245972
4497,8,7,0.6630644202232361
4498,7,7,0.9950259327888489
4499,6,6,0.9991806149482727
4500,9,9,0.5033822655677795
4501,3,3,0.9999884366989136
4502,9,9,0.999998927116394
4503,2,2,0.9995670914649963
4504,2,2,0.955778181552887
4505,9,9,0.997138261795044
4506,2,2,0.9990733861923218
4507,1,1,0.6261107921600342
4508,8,8,0.9999829530715942
4509,3,3,0.9999604225158691
4510,2,2,0.999984622001648
4511,9,9,0.9994296431541443
4512,6,6,0.9998596906661987
4513,8,8,0.9994631409645081
4514,4,4,0.9973267316818237
4515,0,0,0.9984180927276611
4516,1,1,0.9999908208847046
4517,2,2,0.9999992847442627
4518,8,8,0.9999973773956299
4519,4,4,0.9999527931213379
4520,5,5,0.999969482421875
4521,2,2,0.9829476475715637
4522,7,7,0.9999992847442627
4523,8,8,0.9997099041938782
4524,1,1,0.9999322891235352
4525,1,1,0.9999480247497559
4526,3,3,0.9999904632568359
4527,0,0,0.9999663829803467
4528,3,3,0.9837687611579895
4529,5,5,0.9999997615814209
4530,7,7,0.9999945163726807
4531,0,0,0.9997977614402771
4532,3,3,0.9999998807907104
4533,1,1,0.9998929500579834
4534,9,9,0.9998878240585327
4535,3,3,0.999994158744812
4536,6,5,0.4795129895210266
4537,3,3,0.999994158744812
4538,1,1,0.9998466968536377
4539,7,7,0.9998902082443237
4540,7,7,0.9996352195739746
4541,3,3,0.9999995231628418
4542,0,0,0.9999997615814209
4543,8,8,0.9956594109535217
4544,4,4,0.9999816417694092
4545,8,8,0.9999812841415405
4546,2,2,0.9998800754547119
4547,6,6,0.9886233806610107
4548,5,5,0.9874745607376099
4549,2,2,0.9999821186065674
4550,9,9,0.9999854564666748
4551,7,7,0.687350332736969
4552,3,3,0.9983459711074829
4553,9,9,0.9999948740005493
4554,0,0,0.9969670176506042
4555,9,9,0.9996167421340942
4556,9,9,0.9997926354408264
4557,6,6,0.9999189376831055
4558,4,4,0.9994671940803528
4559,2,2,0.9999703168869019
4560,9,9,0.9999717473983765
4561,7,7,0.9990515112876892
4562,2,2,0.9999693632125854
4563,1,1,0.9918020367622375
4564,1,1,0.9997970461845398
4565,6,6,0.9987125396728516
4566,7,7,0.9657235741615295
4567,4,4,0.5484729409217834
4568,7,7,0.9997699856758118
4569,5,5,0.9999525547027588
4570,9,9,0.9997907280921936
4571,6,8,0.7594480514526367
4572,8,8,0.999984860420227
4573,2,2,0.9933736324310303
4574,1,1,0.9981685876846313
4575,4,2,0.8712338209152222
4576,4,4,0.9999823570251465
4577,5,5,0.9982789754867554
4578,7,7,0.9009762406349182
4579,6,6,0.9926624298095703
4580,1,1,0.9999698400497437
4581,3,3,0.999997615814209
4582,2,2,0.999925971031189
4583,5,5,0.9999526739120483
4584,9,9,0.9935213923454285
4585,9,9,0.9999603033065796
4586,3,3,0.9997808337211609
4587,6,6,0.9999949932098389
4588,1,1,0.9998949766159058
4589,1,1,0.9998099207878113
4590,4,4,0.9999897480010986
4591,6,6,0.9999099969863892
4592,9,9,0.9999798536300659
4593,7,7,0.9999895095825195
4594,2,2,0.9987961053848267
4595,1,1,0.9999834299087524
4596,5,5,0.9999998807907104
4597,1,1,0.9987383484840393
4598,4,4,0.9579207897186279
4599,6,6,0.9998906850814819
4600,3,3,1.0
4601,8,8,0.5310763716697693
4602,1,1,0.9999125003814697
4603,1,1,0.9997842907905579
4604,0,0,0.9899898767471313
4605,3,3,0.9966623783111572
4606,1,1,0.9999253749847412
4607,6,6,0.9999537467956543
4608,8,8,0.9998258948326111
4609,4,4,0.9999842643737793
4610,9,9,0.9999743700027466
4611,0,0,0.9999988079071045
4612,7,7,0.9999830722808838
4613,3,3,0.999977707862854
4614,0,0,0.9983236193656921
4615,2,4,0.6405381560325623
4616,9,9,0.9999734163284302
4617,0,0,0.9995821118354797
4618,6,6,0.999765932559967
4619,6,6,0.9158740639686584
4620,6,6,0.996180534362793
4621,3,3,1.0
4622,6,6,0.9999350309371948
4623,7,7,0.9999871253967285
4624,7,7,0.9998612403869629
4625,2,2,0.9990723133087158
4626,8,8,0.9999772310256958
4627,6,6,0.9998446702957153
4628,0,0,0.9999996423721313
4629,8,8,1.0
4630,3,3,0.9965259432792664
4631,0,0,0.9999982118606567
4632,2,2,0.9989025592803955
4633,9,9,0.9934318661689758
4634,8,8,0.9995986819267273
4635,3,3,0.9967339038848877
4636,2,2,0.9999996423721313
4637,5,5,0.9999996423721313
4638,3,3,0.9999929666519165
4639,8,9,0.49976038932800293
4640,8,8,0.926371693611145
4641,0,0,0.9999115467071533
4642,0,0,0.9996609687805176
4643,1,1,0.9996102452278137
4644,9,9,0.9999374151229858
4645,5,5,0.9999891519546509
4646,1,1,0.9990425705909729
4647,3,3,0.9999929666519165
4648,9,9,0.9999818801879883
4649,6,6,0.9996390342712402
4650,0,0,0.9999847412109375
4651,1,1,0.9999847412109375
4652,4,4,0.9999697208404541
4653,1,1,0.9998729228973389
4654,7,7,0.9998601675033569
4655,1,1,0.9976281523704529
4656,2,2,0.9510946273803711
4657,3,3,0.9979879856109619
4658,7,7,0.9973592162132263
4659,9,9,0.999997615814209
4660,7,7,0.9991726279258728
4661,4,4,0.9999988079071045
4662,9,9,0.9994383454322815
4663,9,9,0.9999948740005493
4664,3,3,0.9999837875366211
4665,9,9,0.9802849292755127
4666,2,2,0.9999994039535522
4667,8,8,0.9999986886978149
4668,2,2,0.9988278746604919
4669,7,7,0.999631404876709
4670,1,1,0.9999386072158813
4671,8,8,0.884895384311676
4672,0,0,0.9999845027923584
4673,9,9,0.999858021736145
4674,1,1,0.9985674619674683
4675,0,0,0.9999889135360718
4676,1,1,0.9995630383491516
4677,7,7,0.99979168176651
4678,7,7,0.9998871088027954
4679,9,9,0.9955928921699524
4680,6,6,0.9999967813491821
4681,9,9,0.9996650218963623
4682,9,9,0.9998754262924194
4683,9,9,0.999962329864502
4684,2,2,0.9997614026069641
4685,1,1,0.9998500347137451
4686,6,6,0.9989976286888123
4687,1,1,0.9997581839561462
4688,3,3,0.9999881982803345
4689,5,5,0.9999756813049316
4690,7,7,0.9855178594589233
4691,1,1,0.9999356269836426
4692,9,9,0.9995672106742859
4693,7,7,0.9996386766433716
4694,6,6,0.9995874762535095
4695,4,4,0.9993863105773926
4696,5,5,0.9829182624816895
4697,7,7,0.9999955892562866
4698,6,6,0.9996974468231201
4699,6,6,0.6051251292228699
4700,9,9,0.9998672008514404
4701,9,9,0.999994158744812
4702,6,6,0.9707447290420532
4703,3,3,0.9999840259552002
4704,6,6,0.9997721314430237
4705,2,2,0.9999990463256836
4706,9,9,0.9988656044006348
4707,8,8,0.9999614953994751
4708,1,1,0.9999955892562866
4709,2,2,0.9999988079071045
4710,2,2,0.9998921155929565
4711,5,5,0.9984032511711121
4712,5,5,0.9884703159332275
4713,2,2,0.9996477365493774
4714,3,3,0.9999868869781494
4715,7,7,0.9999386072158813
4716,2,2,0.9999291896820068
4717,1,1,0.9999353885650635
4718,0,0,0.9999998807907104
4719,1,1,0.9979720711708069
4720,0,0,0.9997960925102234
4721,4,4,0.9982364177703857
4722,5,5,0.9991601705551147
4723,2,2,0.997977077960968
4724,8,8,0.9822981357574463
4725,2,2,0.9998015761375427
4726,8,8,0.9996684789657593
4727,3,3,0.9999672174453735
4728,5,5,0.9999279975891113
4729,1,1,0.9997156262397766
4730,7,7,0.9999992847442627
4731,8,8,0.56528639793396
4732,1,1,0.999944806098938
4733,1,1,0.9952785968780518
4734,2,2,0.99985671043396
4735,9,9,0.9974552989006042
4736,7,7,0.9793592691421509
4737,8,8,0.9852327108383179
4738,4,4,0.9996219873428345
4739,0,0,0.9812389612197876
4740,3,5,0.8621832728385925
4741,0,0,0.9998140931129456
4742,7,7,0.9929808378219604
4743,8,8,0.9405093789100647
4744,8,8,0.9998891353607178
4745,4,4,0.993362307548523
4746,7,7,0.9997920393943787
4747,7,7,0.9999877214431763
4748,8,8,0.9999960660934448
4749,5,5,0.9978362917900085
4750,8,8,0.9999631643295288
4751,4,4,0.9400299191474915
4752,9,9,0.9999920129776001
4753,8,8,0.9999244213104248
4754,1,1,0.9999841451644897
4755,3,3,0.9997521042823792
4756,8,8,0.9999985694885254
4757,0,0,0.9999765157699585
4758,3,3,1.0
4759,1,1,0.9849498271942139
4760,7,7,0.9998570680618286
4761,9,8,0.6341550350189209
4762,5,5,0.9999961853027344
4763,5,6,0.9180973768234253
4764,1,1,0.9998505115509033
4765,6,6,0.9988616704940796
4766,5,5,0.9999867677688599
4767,7,7,0.9999992847442627
4768,4,4,0.9999198913574219
4769,9,9,0.9999712705612183
4770,3,3,0.999998927116394
4771,5,5,0.9998342990875244
4772,4,4,0.9995438456535339
4773,7,7,0.9999278783798218
4774,1,1,0.9997665286064148
4775,2,2,0.9999991655349731
4776,0,0,0.9978204965591431
4777,8,8,0.992412269115448
4778,1,1,0.9998730421066284
4779,6,6,0.9999905824661255
4780,0,0,0.9999668598175049
4781,7,7,0.999992847442627
4782,3,3,0.9999985694885254
4783,4,4,0.8749657273292542
4784,7,7,0.9999479055404663
4785,3,3,0.9995155334472656
4786,9,9,0.9998708963394165
4787,6,6,0.9999974966049194
4788,0,0,0.9997153878211975
4789,8,8,0.9999556541442871
4790,6,6,0.9977717995643616
4791,4,4,0.998059093952179
4792,8,8,0.9999982118606567
4793,7,7,0.9998100399971008
4794,7,7,0.9995692372322083
4795,9,9,0.999923825263977
4796,3,3,0.9999513626098633
4797,8,8,0.9999942779541016
4798,6,6,0.7973336577415466
4799,9,9,0.9988366961479187
4800,7,7,0.999994158744812
4801,2,2,0.9999918937683105
4802,3,3,0.9981008172035217
4803,4,4,0.9999945163726807
4804,0,0,0.9998376369476318
4805,2,2,0.9999995231628418
4806,1,1,0.999846339225769
4807,8,0,0.8513818979263306
4808,3,3,0.5001513361930847
4809,5,5,0.9999799728393555
4810,5,5,0.9999808073043823
4811,7,7,0.9999967813491821
4812,2,2,0.9990756511688232
4813,4,4,0.9940547347068787
4814,6,0,0.7368043661117554
4815,7,7,0.9975824356079102
4816,2,2,0.9971438050270081
4817,8,8,0.9999797344207764
4818,3,3,1.0
4819,0,0,0.9970067143440247
4820,8,8,0.9995893836021423
4821,7,7,0.999889612197876
4822,8,8,0.9999616146087646
4823,9,9,0.9616299867630005
4824,0,0,0.9999284744262695
4825,8,8,0.9956814050674438
4826,4,4,0.9990504384040833
4827,4,4,0.9996548891067505
4828,5,5,0.9974149465560913
4829,8,8,0.999667763710022
4830,5,5,0.9999957084655762
4831,6,6,0.999792754650116
4832,6,6,0.9999639987945557
4833,3,3,0.9973370432853699
4834,0,0,0.9886257648468018
4835,9,9,0.9999809265136719
4836,3,3,0.999897837638855
4837,7,7,0.9841687083244324
4838,6,6,0.8075070977210999
4839,8,8,0.9955814480781555
4840,9,9,0.9999746084213257
4841,3,3,0.9998717308044434
4842,4,4,0.9897394776344299
4843,9,9,0.999996542930603
4844,5,5,0.9999790191650391
4845,8,8,0.9997504353523254
4846,9,9,0.999401330947876
4847,1,1,0.9991132616996765
4848,2,2,0.9999953508377075
4849,8,8,0.999096155166626
4850,8,8,0.9999884366989136
4851,6,6,0.9976845979690552
4852,8,8,0.9751814007759094
4853,1,1,0.9998825788497925
4854,3,3,0.9995251893997192
4855,7,7,0.9992918968200684
4856,9,9,0.999932050704956
4857,0,0,0.9989742040634155
4858,1,1,0.9997656941413879
4859,1,1,0.9999091625213623
4860,4,9,0.8535854816436768
4861,7,7,0.9859697818756104
4862,0,0,0.9999983310699463
4863,8,8,0.9202523231506348
4864,1,1,0.9971959590911865
4865,7,7,0.9999827146530151
4866,4,4,0.9984859824180603
4867,5,5,0.9999954700469971
4868,7,7,0.999530553817749
4869,1,1,0.9999096393585205
4870,2,2,1.0
4871,1,1,0.9993237257003784
4872,1,1,0.9998225569725037
4873,3,3,0.9999903440475464
4874,9,9,0.909143328666687
4875,6,6,0.9996703863143921
4876,2,2,0.9960275888442993
4877,1,1,0.999906063079834
4878,2,2,0.999929666519165
4879,8,8,0.956229031085968
4880,0,0,0.9002269506454468
4881,7,7,0.9998379945755005
4882,6,6,0.978549063205719
4883,6,6,0.9981796741485596
4884,9,9,0.9998408555984497
4885,3,3,0.9997186064720154
4886,7,7,0.8804510235786438
4887,0,0,0.998046875
4888,5,5,0.7494547367095947
4889,2,2,0.9999997615814209
4890,8,8,0.9152153134346008
4891,0,0,0.9999990463256836
4892,5,5,0.9999967813491821
4893,4,4,0.9974072575569153
4894,3,3,0.9995332956314087
4895,8,8,0.999961256980896
4896,4,4,0.9901862144470215
4897,6,6,0.9992876648902893
4898,6,6,0.9998132586479187
4899,2,2,0.9989293217658997
4900,7,7,0.9995430707931519
4901,9,9,0.9999814033508301
4902,5,5,0.9996837377548218
4903,1,1,0.9999432563781738
4904,3,3,0.999994158744812
4905,2,2,0.999998927116394
4906,4,4,0.9999948740005493
4907,3,3,0.9994657635688782
4908,6,6,0.9998873472213745
4909,1,1,0.9948934316635132
4910,9,9,0.9999195337295532
4911,4,4,0.7169713377952576
4912,4,4,0.9999966621398926
4913,7,7,0.9998832941055298
4914,6,6,0.9992677569389343
4915,5,5,0.9979522228240967
4916,4,4,0.9999961853027344
4917,1,1,0.9998637437820435
4918,9,9,0.9889476299285889
4919,9,9,0.9999967813491821
4920,2,2,0.9999988079071045
4921,7,7,0.9936997890472412
4922,8,8,0.9994556307792664
4923,0,0,0.9999498128890991
4924,1,1,0.9986967444419861
4925,3,3,0.9999397993087769
4926,6,6,0.9997795224189758
4927,1,1,0.999923586845398
4928,3,3,0.9999980926513672
4929,4,4,0.992741048336029
4930,1,1,0.9998254179954529
4931,1,1,0.9998487234115601
4932,1,1,0.9999731779098511
4933,5,5,0.999943733215332
4934,6,6,0.9981398582458496
4935,0,0,0.9999916553497314
4936,7,7,0.9999767541885376
4937,0,0,0.9999872446060181
4938,7,7,0.9998984336853027
4939,2,2,0.9784138202667236
4940,3,3,0.9999995231628418
4941,2,2,0.9914937019348145
4942,5,5,0.9855153560638428
4943,2,2,0.9854162335395813
4944,2,2,0.9999454021453857
4945,9,9,0.9999954700469971
4946,4,4,0.9999858140945435
4947,9,9,0.9999755620956421
4948,8,8,0.9996139407157898
4949,1,1,0.9999934434890747
4950,2,2,0.9504154324531555
4951,1,1,0.9935839772224426
4952,6,6,0.9899253845214844
4953,1,1,0.9999765157699585
4954,2,2,0.9999754428863525
4955,7,7,0.9999971389770508
4956,8,8,0.6327625513076782
4957,0,0,0.9999986886978149
4958,0,0,0.9999997615814209
4959,0,0,0.9998130202293396
4960,8,8,0.999976634979248
4961,2,2,0.9999998807907104
4962,2,2,1.0
4963,9,9,0.9981197714805603
4964,2,2,0.9998942613601685
4965,2,2,0.9999996423721313
4966,7,7,0.7389464378356934
4967,9,9,0.9995384216308594
4968,9,9,0.9999884366989136
4969,2,2,0.9998077750205994
4970,7,7,0.9999518394470215
4971,5,5,0.9995061159133911
4972,1,1,0.9997121691703796
4973,3,3,1.0
4974,4,4,0.985511302947998
4975,9,9,0.9999886751174927
4976,4,4,0.9965039491653442
4977,1,1,0.9998574256896973
4978,8,8,0.9142864942550659
4979,5,5,0.9998140931129456
4980,6,6,0.9997209906578064
4981,2,2,0.9998583793640137
4982,8,8,0.9998570680618286
4983,3,3,1.0
4984,1,1,0.9994303584098816
4985,2,2,0.9998279809951782
4986,8,8,0.9997797608375549
4987,4,4,0.9966570138931274
4988,9,9,0.9998908042907715
4989,9,9,0.9998456239700317
4990,3,3,0.9961032867431641
4991,7,7,0.9999480247497559
4992,0,0,0.9999990463256836
4993,7,7,0.9997946619987488
4994,7,7,0.9997310042381287
4995,2,2,0.9940065145492554
4996,3,3,0.9999651908874512
4997,2,2,0.9439528584480286
4998,4,4,0.9743312001228333
4999,0,0,1.0
5000,3,3,0.999992847442627
5001,9,9,0.999915599822998
5002,9,9,0.9999867677688599
5003,8,8,0.9999996423721313
5004,4,4,0.9999932050704956
5005,1,1,0.9999614953994751
5006,0,0,0.9999964237213135
5007,6,6,0.9999927282333374
5008,0,0,0.9998639822006226
5009,9,9,0.999950647354126
5010,6,6,0.9999722242355347
5011,8,8,0.9998239874839783
5012,6,6,0.9999940395355225
5013,1,1,0.9999514818191528
5014,1,1,0.9999147653579712
5015,9,9,0.9998810291290283
5016,8,8,0.9999991655349731
5017,9,9,0.9999721050262451
5018,2,2,0.9999997615814209
5019,3,3,0.9999992847442627
5020,5,5,0.9990804195404053
5021,5,5,0.9999822378158569
5022,9,9,0.9998296499252319
5023,4,4,0.9999997615814209
5024,2,2,0.9999918937683105
5025,1,1,0.999983549118042
5026,9,9,0.9994137287139893
5027,4,4,0.9999926090240479
5028,3,3,0.9999990463256836
5029,9,9,0.9999468326568604
5030,6,6,0.9999797344207764
5031,0,0,0.9999727010726929
5032,4,4,0.9999916553497314
5033,0,0,0.9999072551727295
5034,6,6,0.9999867677688599
5035,0,0,0.9999879598617554
5036,1,1,0.9999767541885376
5037,2,2,0.9999992847442627
5038,3,3,0.9997726082801819
5039,4,4,0.9999948740005493
5040,7,7,0.9761652946472168
5041,8,8,0.9999880790710449
5042,9,9,0.9998992681503296
5043,0,0,0.9999996423721313
5044,1,1,0.9999836683273315
5045,2,2,0.999984860420227
5046,3,3,0.9891833066940308
5047,4,4,0.999763548374176
5048,7,7,0.9997088313102722
5049,8,8,0.9994737505912781
5050,9,9,0.9999186992645264
5051,0,0,0.9999810457229614
5052,1,1,0.9999454021453857
5053,2,2,0.9995989203453064
5054,3,3,0.9985532164573669
5055,4,4,0.9999457597732544
5056,5,5,0.9999343156814575
5057,6,6,0.9996086955070496
5058,7,7,0.9997554421424866
5059,8,8,0.9999852180480957
5060,9,9,0.9999712705612183
5061,8,8,0.9998965263366699
5062,3,3,0.9999126195907593
5063,4,4,0.99996018409729
5064,7,7,0.9999384880065918
5065,8,8,0.9989511966705322
5066,6,6,0.9998062252998352
5067,3,3,0.9304040670394897
5068,4,4,0.9692166447639465
5069,0,0,0.999993085861206
5070,9,9,0.9997709393501282
5071,7,7,0.9998816251754761
5072,1,1,0.9999943971633911
5073,9,9,0.999984622001648
5074,3,3,0.9998037219047546
5075,8,8,0.9999340772628784
5076,4,4,0.9999979734420776
5077,7,7,0.9998972415924072
5078,3,3,0.9945299029350281
5079,0,0,0.9999995231628418
5080,9,9,0.9999914169311523
5081,1,1,0.9999043941497803
5082,4,4,0.9999992847442627
5083,5,5,0.9976117610931396
5084,4,4,0.9998195767402649
5085,6,6,0.9988856911659241
5086,2,2,0.9965876340866089
5087,0,0,0.9999997615814209
5088,6,6,0.9932901859283447
5089,2,2,0.999782145023346
5090,1,1,0.9978898167610168
5091,1,1,0.9994625449180603
5092,1,1,0.9995869994163513
5093,1,1,0.999891996383667
5094,7,7,0.9995735287666321
5095,2,2,0.9999927282333374
5096,4,4,0.9999951124191284
5097,7,7,0.9998181462287903
5098,5,5,0.9999816417694092
5099,2,2,0.9964995384216309
5100,9,9,0.9995267391204834
5101,4,4,0.9999116659164429
5102,5,5,0.9999926090240479
5103,8,8,0.9999665021896362
5104,4,4,0.9999947547912598
5105,2,2,0.9999661445617676
5106,9,9,0.9998852014541626
5107,7,7,0.9997239708900452
5108,0,0,0.9999996423721313
5109,0,0,0.9999874830245972
5110,7,7,0.9998416900634766
5111,5,5,0.9999957084655762
5112,1,1,0.9999942779541016
5113,1,1,0.9999806880950928
5114,7,7,0.9991844296455383
5115,6,6,0.9999330043792725
5116,6,6,0.9999841451644897
5117,6,6,0.9996869564056396
5118,8,8,0.9999380111694336
5119,2,2,0.999788224697113
5120,2,2,0.9996353387832642
5121,7,7,0.9968302845954895
5122,7,7,0.9955304265022278
5123,4,4,0.9999995231628418
5124,0,0,0.9999973773956299
5125,2,2,0.9999662637710571
5126,4,4,0.9999760389328003
5127,2,7,0.6092430353164673
5128,1,1,0.9999734163284302
5129,8,8,0.9999885559082031
5130,9,9,0.9999688863754272
5131,6,6,0.9998076558113098
5132,1,1,0.9999634027481079
5133,0,0,0.9999985694885254
5134,5,5,0.9998039603233337
5135,9,9,0.9988352656364441
5136,6,6,0.9994611144065857
5137,9,9,0.9999152421951294
5138,8,8,0.9985836744308472
5139,0,0,0.9999970197677612
5140,3,3,0.9067893028259277
5141,0,0,0.9999958276748657
5142,8,8,0.999991774559021
5143,3,3,0.9998539686203003
5144,9,9,0.9997561573982239
5145,6,6,0.9968313574790955
5146,3,3,0.9991543292999268
5147,0,0,1.0
5148,1,1,0.9999134540557861
5149,2,2,0.9999992847442627
5150,3,3,1.0
5151,4,4,0.9999973773956299
5152,5,5,0.9938511848449707
5153,6,6,0.9999533891677856
5154,7,7,0.9999598264694214
5155,0,0,0.9997846484184265
5156,1,1,0.999964714050293
5157,2,2,0.9999998807907104
5158,3,3,0.9999971389770508
5159,4,4,0.798487663269043
5160,5,5,0.9998787641525269
5161,6,6,0.999932050704956
5162,7,7,0.9984594583511353
5163,8,8,0.9999865293502808
5164,9,9,0.999909520149231
5165,0,0,0.9244165420532227
5166,1,1,0.9998403787612915
5167,2,2,0.9999629259109497
5168,3,3,1.0
5169,4,4,0.999998927116394
5170,5,5,0.9999939203262329
5171,6,6,0.9999481439590454
5172,7,7,0.9993714690208435
5173,8,8,0.9999202489852905
5174,5,5,0.999728262424469
5175,4,4,0.9997848868370056
5176,8,8,0.994102418422699
5177,7,7,0.9994126558303833
5178,4,4,0.9999997615814209
5179,7,7,0.9999994039535522
5180,7,7,0.9999345541000366
5181,3,3,0.999998927116394
5182,9,9,0.999738872051239
5183,8,8,0.9360744953155518
5184,8,8,0.9999644756317139
5185,3,3,0.9999966621398926
5186,1,1,0.9999850988388062
5187,5,5,0.9997358918190002
5188,8,8,0.9999910593032837
5189,2,2,0.9999995231628418
5190,7,7,0.9992081522941589
5191,4,4,0.9997777342796326
5192,2,2,1.0
5193,1,1,0.9998120665550232
5194,5,5,0.9059811234474182
5195,4,4,0.9999961853027344
5196,5,5,0.9999959468841553
5197,5,5,0.9996242523193359
5198,8,8,0.999996542930603
5199,6,6,0.7282480597496033
5200,4,4,0.9994219541549683
5201,4,4,0.9854108095169067
5202,4,4,0.9999027252197266
5203,1,1,0.9845501780509949
5204,8,8,0.9997760653495789
5205,7,7,0.999930739402771
5206,5,5,0.9999845027923584
5207,5,5,0.9885455965995789
5208,1,1,0.999850869178772
5209,8,8,0.9894168972969055
5210,9,9,0.9995848536491394
5211,1,1,0.9996742010116577
5212,3,3,0.9999979734420776
5213,6,6,0.999853253364563
5214,3,3,1.0
5215,3,3,0.9999998807907104
5216,2,2,0.9999997615814209
5217,2,2,0.999993085861206
5218,6,6,0.9982216954231262
5219,9,9,0.9999178647994995
5220,9,9,0.9998130202293396
5221,6,6,0.9961252808570862
5222,5,5,0.9999935626983643
5223,5,5,0.9999959468841553
5224,3,3,0.9999997615814209
5225,3,3,0.9999996423721313
5226,8,8,0.999976634979248
5227,1,1,0.9998520612716675
5228,6,6,0.6425603628158569
5229,5,5,0.9998407363891602
5230,6,6,0.9999903440475464
5231,8,8,0.9999856948852539
5232,1,1,0.9999263286590576
5233,9,9,0.9999934434890747
5234,7,7,0.9999810457229614
5235,6,6,0.9998714923858643
5236,8,8,0.9999351501464844
5237,3,3,0.9999983310699463
5238,7,7,0.9999538660049438
5239,4,4,0.9990382194519043
5240,7,7,0.9997492432594299
5241,0,0,0.9999998807907104
5242,9,9,0.9999525547027588
5243,0,0,0.9977604150772095
5244,0,0,0.9955083131790161
5245,3,3,0.9999997615814209
5246,7,7,0.9927136301994324
5247,9,9,0.9999401569366455
5248,3,3,0.9999946355819702
5249,0,0,0.9999839067459106
5250,2,2,0.999723494052887
5251,0,0,0.9996196031570435
5252,1,1,0.9998102784156799
5253,0,0,0.9995343685150146
5254,1,1,0.9995642304420471
5255,0,0,0.9999942779541016
5256,4,4,0.9999299049377441
5257,0,0,0.9999347925186157
5258,1,1,0.9999850988388062
5259,0,0,0.9999995231628418
5260,4,4,0.9923674464225769
5261,7,7,0.992711067199707
5262,9,9,0.9988114833831787
5263,6,6,0.9999253749847412
5264,2,2,0.9999998807907104
5265,6,6,0.5085853934288025
5266,2,2,0.9999997615814209
5267,2,2,0.9998587369918823
5268,9,9,0.9784567356109619
5269,9,9,0.999640941619873
5270,0,0,0.9994083642959595
5271,1,1,0.9998830556869507
5272,2,2,0.9999983310699463
5273,3,3,0.9999849796295166
5274,4,4,0.9999927282333374
5275,5,5,0.9999997615814209
5276,6,6,0.9999970197677612
5277,7,7,0.999993085861206
5278,8,8,0.8716030716896057
5279,9,9,0.9999840259552002
5280,0,0,0.9999946355819702
5281,1,1,0.9999377727508545
5282,2,2,0.9999998807907104
5283,3,3,0.9999504089355469
5284,4,4,0.9999961853027344
5285,5,5,0.9999963045120239
5286,6,6,0.9999885559082031
5287,7,7,0.999998927116394
5288,8,8,0.5722618699073792
5289,9,9,0.9999980926513672
5290,0,0,0.9999955892562866
5291,1,1,0.9999901056289673
5292,2,2,0.9999969005584717
5293,3,3,0.9999935626983643
5294,4,4,0.9999951124191284
5295,5,5,1.0
5296,6,6,0.9999144077301025
5297,7,7,0.9999935626983643
5298,8,8,0.9943943023681641
5299,9,9,0.9996421337127686
5300,8,8,0.9999221563339233
5301,0,0,0.999945878982544
5302,5,5,0.9999984502792358
5303,6,6,0.9999924898147583
5304,6,6,0.9999983310699463
5305,0,0,0.9999985694885254
5306,8,8,0.9997753500938416
5307,0,0,0.9999897480010986
5308,2,2,0.9997207522392273
5309,3,3,0.999998927116394
5310,7,7,0.9999983310699463
5311,9,9,0.9995094537734985
5312,4,4,0.9999879598617554
5313,7,7,0.9999990463256836
5314,1,1,0.9999927282333374
5315,9,9,0.9999945163726807
5316,1,1,0.9999842643737793
5317,7,7,0.9999954700469971
5318,1,1,0.9999736547470093
5319,4,4,0.999998927116394
5320,0,0,0.9999256134033203
5321,0,0,0.9999942779541016
5322,4,4,0.9997022747993469
5323,1,1,0.9998635053634644
5324,7,7,0.9999606609344482
5325,5,5,0.9999996423721313
5326,7,7,0.9999978542327881
5327,1,1,0.9999639987945557
5328,3,3,0.9999940395355225
5329,3,3,0.9999738931655884
5330,3,3,0.9999676942825317
5331,1,1,0.9370976686477661
5332,6,6,0.9999388456344604
5333,9,9,0.9999899864196777
5334,7,7,0.9999963045120239
5335,4,4,0.9999574422836304
5336,3,3,0.9999960660934448
5337,0,0,0.9999980926513672
5338,2,2,0.9999986886978149
5339,5,5,0.999991774559021
5340,2,2,1.0
5341,6,6,0.999874472618103
5342,0,0,0.9999885559082031
5343,8,8,0.9980212450027466
5344,9,9,0.9999980926513672
5345,4,4,0.999975323677063
5346,3,3,0.9999854564666748
5347,5,5,0.9999982118606567
5348,4,4,0.9991361498832703
5349,8,8,0.9998745918273926
5350,1,1,0.9999160766601562
5351,5,5,0.9999992847442627
5352,9,9,0.9999990463256836
5353,0,0,0.9999991655349731
5354,6,6,0.9999951124191284
5355,4,4,0.9999681711196899
5356,3,3,0.9999997615814209
5357,6,6,0.9999898672103882
5358,3,3,0.9996829032897949
5359,3,3,0.9999945163726807
5360,8,8,0.9995009899139404
5361,1,1,0.999872088432312
5362,4,4,0.9999969005584717
5363,7,7,0.9998264908790588
5364,5,5,1.0
5365,7,7,0.9999691247940063
5366,2,2,0.9999996423721313
5367,2,2,0.9998161196708679
5368,0,0,0.999988317489624
5369,0,0,0.9999985694885254
5370,1,1,0.9999608993530273
5371,7,7,0.9998515844345093
5372,7,7,0.999911904335022
5373,9,9,0.9999985694885254
5374,5,5,0.9999959468841553
5375,9,9,0.9999823570251465
5376,8,8,0.9999936819076538
5377,9,9,0.9999996423721313
5378,6,6,0.9999798536300659
5379,8,8,0.9662593007087708
5380,8,8,0.9983012080192566
5381,2,2,0.9999940395355225
5382,3,3,0.9999922513961792
5383,6,6,0.9999886751174927
5384,1,1,0.9999814033508301
5385,2,2,1.0
5386,9,9,0.9999971389770508
5387,8,8,0.9999324083328247
5388,9,9,0.9999986886978149
5389,5,5,0.9999949932098389
5390,2,2,0.9999971389770508
5391,6,6,0.9997755885124207
5392,2,2,0.999725878238678
5393,4,4,0.9999994039535522
5394,8,8,0.9873445630073547
5395,4,4,0.9999889135360718
5396,6,6,0.9998154044151306
5397,5,5,0.9996740818023682
5398,0,0,0.999846339225769
5399,1,1,0.9999604225158691
5400,5,5,0.9999972581863403
5401,6,6,0.9996070265769958
5402,7,7,0.9999804496765137
5403,8,8,0.9998040795326233
5404,9,9,0.999980092048645
5405,0,0,0.9999978542327881
5406,1,1,0.9998892545700073
5407,2,2,0.996807873249054
5408,3,3,0.999991774559021
5409,4,4,0.9992185831069946
5410,5,5,0.9999985694885254
5411,6,6,0.9999783039093018
5412,7,7,0.9999843835830688
5413,8,8,0.9999263286590576
5414,9,9,0.9999902248382568
5415,0,0,0.9999997615814209
5416,1,1,0.999855637550354
5417,2,2,0.9997826218605042
5418,3,3,0.9999988079071045
5419,4,4,0.9999994039535522
5420,5,5,0.999882698059082
5421,6,6,0.9998049139976501
5422,7,7,0.9999969005584717
5423,8,8,0.9997870326042175
5424,9,9,0.9980849027633667
5425,7,7,0.9999294281005859
5426,4,4,1.0
5427,2,2,0.9997732043266296
5428,0,0,0.9999998807907104
5429,9,9,0.9998310804367065
5430,0,0,0.9999998807907104
5431,1,1,0.9999420642852783
5432,5,5,0.9999926090240479
5433,8,8,0.9999867677688599
5434,8,8,0.9999527931213379
5435,0,0,0.999993085861206
5436,2,2,0.9999998807907104
5437,7,7,0.9999772310256958
5438,8,8,0.9999836683273315
5439,4,4,0.9999665021896362
5440,4,4,0.9999028444290161
5441,6,6,0.9999964237213135
5442,1,1,0.9999686479568481
5443,0,0,0.9999861717224121
5444,4,4,0.9999990463256836
5445,5,5,0.9999983310699463
5446,3,3,0.9999788999557495
5447,9,9,0.9999879598617554
5448,4,4,0.9999662637710571
5449,2,2,0.9990252256393433
5450,0,0,0.9791618585586548
5451,5,5,0.9999998807907104
5452,0,0,0.9999891519546509
5453,1,1,0.9999098777770996
5454,3,3,0.99985671043396
5455,2,2,0.9999990463256836
5456,9,9,0.9999881982803345
5457,1,1,0.9942232966423035
5458,6,6,0.9999914169311523
5459,0,0,0.9998441934585571
5460,1,1,0.9999363422393799
5461,1,1,0.9999903440475464
5462,8,8,0.9999737739562988
5463,0,0,0.9999985694885254
5464,4,4,0.9999998807907104
5465,7,7,0.9999960660934448
5466,7,7,0.9999845027923584
5467,6,6,0.9999973773956299
5468,3,3,0.9998562335968018
5469,6,6,0.9997140765190125
5470,0,0,0.9998071789741516
5471,7,7,0.9999790191650391
5472,3,3,0.9999991655349731
5473,5,5,0.9999939203262329
5474,4,4,0.9999932050704956
5475,2,2,0.9999997615814209
5476,4,4,0.9999998807907104
5477,1,1,0.999980092048645
5478,8,8,0.9999798536300659
5479,3,3,0.9999836683273315
5480,5,5,0.999976634979248
5481,6,6,0.9999971389770508
5482,7,7,0.9999994039535522
5483,0,0,0.9999836683273315
5484,6,6,0.999998927116394
5485,7,7,0.999995231628418
5486,1,1,0.9999910593032837
5487,2,2,0.9999967813491821
5488,5,5,0.9999995231628418
5489,8,8,0.9999995231628418
5490,1,1,0.9999796152114868
5491,9,9,0.9999558925628662
5492,3,3,0.9999969005584717
5493,8,8,0.9999855756759644
5494,2,2,1.0
5495,8,8,0.999975323677063
5496,7,7,0.9998595714569092
5497,6,6,0.9999834299087524
5498,7,7,0.9999881982803345
5499,1,1,0.9999144077301025
5500,4,4,1.0
5501,6,6,0.999990701675415
5502,2,2,0.9999586343765259
5503,9,9,0.999651312828064
5504,3,3,0.9996114373207092
5505,0,0,0.9996315240859985
5506,1,1,0.9999638795852661
5507,2,2,0.9998703002929688
5508,3,3,0.9999997615814209
5509,4,4,0.9998351335525513
5510,5,5,0.9999996423721313
5511,6,6,0.9999985694885254
5512,7,7,0.9917355179786682
5513,0,0,0.999995231628418
5514,1,1,0.9998573064804077
5515,2,2,0.9999984502792358
5516,3,3,0.9999992847442627
5517,4,4,0.9999393224716187
5518,5,5,0.9999951124191284
5519,0,0,0.9886659383773804
5520,1,1,0.9999525547027588
5521,2,2,0.9999979734420776
5522,8,8,0.9990431666374207
5523,9,9,0.999848484992981
5524,1,1,0.9999637603759766
5525,4,4,0.9997460246086121
5526,0,0,0.9999470710754395
5527,9,9,0.9973057508468628
5528,5,5,0.9999898672103882
5529,0,0,0.9999780654907227
5530,8,8,0.9996533393859863
5531,0,0,0.9999997615814209
5532,7,7,0.9242528676986694
5533,7,7,0.9977051615715027
5534,1,1,0.9999891519546509
5535,1,1,0.9997443556785583
5536,2,2,0.9995051622390747
5537,9,9,0.9999336004257202
5538,3,3,0.9999998807907104
5539,6,6,0.9991322159767151
5540,7,7,0.9999866485595703
5541,2,2,0.9999126195907593
5542,3,3,0.9999990463256836
5543,8,8,0.9994221925735474
5544,1,1,0.9999703168869019
5545,2,2,0.9999943971633911
5546,9,9,0.9997041821479797
5547,8,8,0.9430792927742004
5548,8,8,0.9996576309204102
5549,7,7,0.9998857975006104
5550,1,1,0.9999687671661377
5551,7,7,0.9998804330825806
5552,1,1,0.9999440908432007
5553,1,1,0.999985933303833
5554,0,0,0.9999918937683105
5555,3,3,0.9999996423721313
5556,4,4,0.9016891717910767
5557,2,2,0.999936580657959
5558,6,6,0.9999023675918579
5559,4,4,0.9858748316764832
5560,7,7,0.9985454082489014
5561,4,4,0.9306870102882385
5562,2,2,0.9998859167098999
5563,7,7,0.9999486207962036
5564,4,4,0.9851733446121216
5565,9,9,0.999994158744812
5566,1,1,0.9998821020126343
5567,0,0,0.9999173879623413
5568,6,6,0.9999821186065674
5569,8,8,0.995970606803894
5570,5,5,0.9999991655349731
5571,5,5,0.9999998807907104
5572,5,5,0.9999997615814209
5573,3,3,0.9960939288139343
5574,5,5,0.9999984502792358
5575,9,9,0.9999960660934448
5576,7,7,0.9999845027923584
5577,4,4,0.9996645450592041
5578,8,8,0.9994818568229675
5579,5,5,0.9999940395355225
5580,9,9,0.999968409538269
5581,6,6,0.9998620748519897
5582,9,9,0.9999557733535767
5583,3,3,0.9998132586479187
5584,0,0,0.9999998807907104
5585,3,3,0.9999983310699463
5586,8,8,0.9988443851470947
5587,9,9,0.9999964237213135
5588,1,1,0.9997324347496033
5589,8,8,0.9999985694885254
5590,1,1,0.9999681711196899
5591,6,6,0.9998849630355835
5592,0,0,0.9999896287918091
5593,0,0,0.9999983310699463
5594,1,1,0.9900705218315125
5595,2,2,0.9998088479042053
5596,3,3,0.9993215799331665
5597,4,4,0.999560534954071
5598,5,5,1.0
5599,6,6,0.9999078512191772
5600,7,7,0.5783008337020874
5601,8,8,0.9795461297035217
5602,9,9,0.9999810457229614
5603,0,0,0.9992591738700867
5604,1,1,0.9999121427536011
5605,2,2,1.0
5606,3,3,0.9999998807907104
5607,4,4,0.9998589754104614
5608,5,5,0.999536395072937
5609,6,6,0.9999997615814209
5610,7,7,0.9997032284736633
5611,8,8,0.990549623966217
5612,9,9,0.9999898672103882
5613,0,0,0.999840259552002
5614,1,1,0.9995131492614746
5615,2,2,0.9999990463256836
5616,3,3,0.9990216493606567
5617,4,4,0.9896034002304077
5618,5,5,0.9995512366294861
5619,6,6,0.9999868869781494
5620,7,7,0.8992737531661987
5621,8,8,0.9995100498199463
5622,9,9,0.9999690055847168
5623,3,3,0.9370372891426086
5624,5,5,0.9999979734420776
5625,3,3,0.9999884366989136
5626,2,2,0.9993643164634705
5627,9,9,0.9999071359634399
5628,3,3,0.99905925989151
5629,2,2,0.9999994039535522
5630,1,1,0.9982684850692749
5631,4,4,0.9991594552993774
5632,5,5,0.9999994039535522
5633,5,5,0.9999895095825195
5634,2,2,0.8542363047599792
5635,3,3,0.9996751546859741
5636,2,2,0.9993247985839844
5637,1,1,0.9997084736824036
5638,3,3,0.9999204874038696
5639,9,9,0.9985550045967102
5640,7,7,0.9989089965820312
5641,2,2,0.9999285936355591
5642,1,8,0.5518369078636169
5643,2,2,0.9998331069946289
5644,8,8,0.9997020363807678
5645,9,9,0.9998359680175781
5646,1,1,0.9999216794967651
5647,8,8,0.9997406601905823
5648,8,8,0.9944526553153992
5649,7,7,0.8707841634750366
5650,8,8,0.9999790191650391
5651,1,1,0.9997726082801819
5652,0,0,0.9999130964279175
5653,0,0,0.9993895292282104
5654,7,7,0.8250712752342224
5655,7,7,0.9922593235969543
5656,8,8,0.9998307228088379
5657,7,7,0.9995532631874084
5658,5,5,0.9999996423721313
5659,0,0,0.9999996423721313
5660,6,6,0.9999922513961792
5661,1,1,0.9999223947525024
5662,5,5,0.999869704246521
5663,7,7,0.999268114566803
5664,4,4,0.9999269247055054
5665,6,6,0.9999817609786987
5666,1,1,0.9999052286148071
5667,2,2,0.9998737573623657
5668,5,5,0.9999997615814209
5669,0,0,0.9999991655349731
5670,7,7,0.9994863271713257
5671,9,9,0.9999971389770508
5672,9,9,0.999998927116394
5673,0,0,0.9999994039535522
5674,3,3,0.9977952241897583
5675,8,8,0.9995743632316589
5676,4,4,0.9908278584480286
5677,4,4,0.9993305206298828
5678,8,8,0.9878190755844116
5679,1,1,0.9998562335968018
5680,8,8,0.9990376234054565
5681,6,6,0.9999983310699463
5682,5,5,0.9999867677688599
5683,9,9,0.9999704360961914
5684,0,0,0.9999991655349731
5685,0,0,0.9999992847442627
5686,0,0,0.9999994039535522
5687,3,3,0.9998986721038818
5688,7,7,0.9836148619651794
5689,1,1,0.9999080896377563
5690,6,6,0.9999979734420776
5691,4,4,0.9998834133148193
5692,2,2,1.0
5693,6,6,0.9999806880950928
5694,6,6,0.9999988079071045
5695,0,0,0.9999949932098389
5696,4,4,0.997958779335022
5697,5,5,0.9999955892562866
5698,4,4,0.9993900060653687
5699,1,1,0.9997134804725647
5700,3,3,0.9999947547912598
5701,8,8,0.9988133907318115
5702,6,6,0.999996542930603
5703,3,3,0.9989696741104126
5704,9,9,0.9999980926513672
5705,9,9,0.9997585415840149
5706,5,5,0.9999892711639404
5707,9,9,0.9999939203262329
5708,3,3,0.9999783039093018
5709,7,7,0.9521974325180054
5710,8,8,0.999494194984436
5711,5,5,0.9999973773956299
5712,6,6,0.9999969005584717
5713,4,4,0.9996401071548462
5714,7,7,0.9867669939994812
5715,6,6,0.9999837875366211
5716,2,2,1.0
5717,2,2,0.9999662637710571
5718,0,0,0.9999939203262329
5719,9,9,0.9971885085105896
5720,4,4,0.9970632195472717
5721,0,0,0.9999988079071045
5722,1,1,0.9999707937240601
5723,2,2,1.0
5724,3,3,0.9999997615814209
5725,4,4,0.9999984502792358
5726,5,5,0.999848484992981
5727,6,6,0.9996258020401001
5728,7,7,0.998877227306366
5729,8,8,0.9999760389328003
5730,9,9,0.999963641166687
5731,0,0,0.9997703433036804
5732,1,1,0.9994680285453796
5733,2,2,1.0
5734,3,3,0.9398209452629089
5735,5,5,0.9494913816452026
5736,6,6,0.6195891499519348
5737,0,0,0.99992835521698
5738,1,1,0.9999375343322754
5739,2,2,0.9999998807907104
5740,3,3,0.9999974966049194
5741,4,4,0.9999803304672241
5742,5,5,0.9992477893829346
5743,6,6,0.9751513600349426
5744,8,8,0.9999959468841553
5745,7,7,0.9976755976676941
5746,1,1,0.996787428855896
5747,3,3,1.0
5748,2,2,0.9999794960021973
5749,8,8,0.9389272332191467
5750,0,0,0.9999836683273315
5751,7,7,0.999944806098938
5752,5,5,0.997961163520813
5753,9,9,0.9999474287033081
5754,9,9,0.9994661211967468
5755,6,6,0.9999991655349731
5756,0,0,0.9712575674057007
5757,9,9,0.9971393346786499
5758,4,4,0.9999998807907104
5759,1,1,0.9972296357154846
5760,3,3,0.9999971389770508
5761,2,2,0.999998927116394
5762,1,1,0.999927282333374
5763,2,2,0.9999972581863403
5764,3,3,0.9999998807907104
5765,8,8,0.9999983310699463
5766,3,3,0.9999996423721313
5767,2,2,1.0
5768,6,6,0.9999710321426392
5769,5,5,0.9951269626617432
5770,6,6,0.9998173117637634
5771,8,8,0.9997774958610535
5772,2,2,0.9999818801879883
5773,7,7,0.9992558360099792
5774,4,4,0.9999959468841553
5775,8,8,0.9999984502792358
5776,1,1,0.9999327659606934
5777,8,8,0.9999986886978149
5778,0,0,0.9995113611221313
5779,5,5,0.9999891519546509
5780,3,3,0.999924898147583
5781,9,9,0.9999735355377197
5782,4,4,0.9999513626098633
5783,1,1,0.9999667406082153
5784,9,9,0.9998722076416016
5785,2,2,1.0
5786,1,1,0.9999703168869019
5787,9,9,0.9999672174453735
5788,6,6,0.9999988079071045
5789,7,7,0.9999871253967285
5790,9,9,0.9999904632568359
5791,0,0,0.9997604489326477
5792,4,4,0.9999998807907104
5793,6,6,0.9999935626983643
5794,1,1,0.9999446868896484
5795,7,7,0.9999855756759644
5796,3,3,0.9999998807907104
5797,8,8,0.9999961853027344
5798,7,7,0.9999713897705078
5799,2,2,0.9999864101409912
5800,9,9,0.9995766282081604
5801,6,6,0.9599021673202515
5802,5,5,0.9999778270721436
5803,8,8,0.9999699592590332
5804,3,3,0.9999970197677612
5805,9,9,0.9999792575836182
5806,0,0,0.9994702935218811
5807,5,5,0.9995607733726501
5808,7,7,0.9999823570251465
5809,1,1,0.9999737739562988
5810,6,6,0.9999352693557739
5811,1,1,0.9999809265136719
5812,0,0,0.9998689889907837
5813,9,9,0.9999991655349731
5814,3,3,0.9999972581863403
5815,3,3,0.999995231628418
5816,4,4,0.9999996423721313
5817,4,4,0.9999992847442627
5818,0,0,0.9999569654464722
5819,6,6,0.9999761581420898
5820,2,2,0.9998953342437744
5821,5,5,0.999471127986908
5822,4,4,0.9999986886978149
5823,2,2,0.9997513890266418
5824,3,3,0.9999605417251587
5825,4,4,0.9999825954437256
5826,6,6,0.9999792575836182
5827,0,0,0.9978262782096863
5828,0,0,0.9945532083511353
5829,2,2,0.9999998807907104
5830,0,0,0.9999715089797974
5831,1,1,0.998994767665863
5832,4,4,0.9999067783355713
5833,5,5,0.9999839067459106
5834,6,6,0.999976634979248
5835,7,7,0.8868288397789001
5836,8,8,0.9999861717224121
5837,9,9,0.9999879598617554
5838,0,0,0.9999924898147583
5839,1,1,0.9999876022338867
5840,2,2,0.9999456405639648
5841,3,3,0.9720117449760437
5842,4,4,0.944605827331543
5843,5,5,0.9999796152114868
5844,6,6,0.999996542930603
5845,7,7,0.997231662273407
5846,8,8,0.9999998807907104
5847,0,0,0.999982476234436
5848,1,1,0.9998626708984375
5849,2,2,0.9993307590484619
5850,3,3,1.0
5851,4,4,0.9614437222480774
5852,5,5,0.9999916553497314
5853,6,6,0.9999910593032837
5854,7,7,0.999687910079956
5855,8,8,0.9999347925186157
5856,9,9,0.9999637603759766
5857,8,8,0.9999347925186157
5858,7,7,0.9951390027999878
5859,1,1,0.9999852180480957
5860,3,3,0.9999961853027344
5861,7,7,0.9984569549560547
5862,5,5,0.9997307658195496
5863,2,2,0.9999896287918091
5864,8,8,0.9999994039535522
5865,0,0,0.9999884366989136
5866,7,7,0.9998340606689453
5867,5,5,0.9999091625213623
5868,9,9,0.9999630451202393
5869,9,9,0.9999830722808838
5870,0,0,0.999933123588562
5871,9,9,0.9999091625213623
5872,1,1,0.9998589754104614
5873,1,1,0.9998793601989746
5874,5,5,0.9995871186256409
5875,8,8,0.9999983310699463
5876,8,8,0.9999858140945435
5877,6,6,0.8488009572029114
5878,3,3,0.9891720414161682
5879,2,2,0.9999520778656006
5880,1,1,0.9999516010284424
5881,8,8,0.9999997615814209
5882,3,3,0.9998452663421631
5883,2,2,0.999996542930603
5884,6,6,0.9999912977218628
5885,5,5,0.9998791217803955
5886,6,6,0.9999861717224121
5887,7,9,0.41771799325942993
5888,4,4,0.8465787768363953
5889,1,1,0.9999195337295532
5890,0,0,0.9956157207489014
5891,5,5,0.9944834113121033
5892,3,3,0.9999973773956299
5893,1,1,0.9999591112136841
5894,9,9,0.9999973773956299
5895,2,2,0.9999656677246094
5896,1,1,0.9998396635055542
5897,9,9,0.9997871518135071
5898,6,6,0.9999985694885254
5899,0,0,0.9999685287475586
5900,4,4,0.9999973773956299
5901,6,6,0.9999756813049316
5902,1,1,0.9999761581420898
5903,7,7,0.9940630793571472
5904,3,3,0.9999972581863403
5905,8,8,0.9999920129776001
5906,7,7,0.9972146153450012
5907,2,2,0.9947092533111572
5908,9,9,0.9999958276748657
5909,6,6,0.9999737739562988
5910,5,5,0.9999960660934448
5911,8,8,0.9999828338623047
5912,3,3,0.9942867159843445
5913,5,5,0.9995021820068359
5914,7,7,0.9989977478981018
5915,1,1,0.9999920129776001
5916,6,6,0.9998632669448853
5917,1,1,0.9998761415481567
5918,0,0,0.9987169504165649
5919,9,9,0.9999948740005493
5920,6,6,0.9999794960021973
5921,2,2,0.9995861649513245
5922,5,5,0.9961068034172058
5923,4,4,0.9979725480079651
5924,2,2,0.9982889294624329
5925,3,3,0.9999971389770508
5926,4,4,0.9867221117019653
5927,4,4,0.9999996423721313
5928,6,6,0.999995231628418
5929,0,0,0.9999524354934692
5930,0,0,0.9999996423721313
5931,2,2,0.9999992847442627
5932,0,0,0.99994957447052
5933,1,1,0.9998401403427124
5934,2,2,0.9996247291564941
5935,3,3,0.998572587966919
5936,4,4,0.8857783675193787
5937,5,5,0.6614253520965576
5938,6,6,0.9999784231185913
5939,7,7,0.9992245435714722
5940,8,8,0.9999524354934692
5941,9,9,0.9999997615814209
5942,0,0,0.9995831847190857
5943,1,1,0.9997679591178894
5944,2,2,0.998761773109436
5945,3,3,0.9992685914039612
5946,4,4,0.9990959167480469
5947,5,5,0.9956403970718384
5948,6,6,0.9999955892562866
5949,7,7,0.9985731840133667
5950,8,8,0.9979921579360962
5951,9,9,0.9995855689048767
5952,0,0,0.9995315074920654
5953,1,1,0.9998177886009216
5954,2,2,0.9999984502792358
5955,3,9,0.4688173532485962
5956,4,4,0.999875545501709
5957,5,5,0.9990754127502441
5958,6,6,0.9999996423721313
5959,7,7,0.9992964267730713
5960,8,8,0.9991896748542786
5961,9,9,0.9901872277259827
5962,8,8,0.9999940395355225
5963,6,6,0.9996079802513123
5964,5,5,0.9979537725448608
5965,0,0,0.9982977509498596
5966,6,6,0.9999938011169434
5967,8,8,0.9996609687805176
5968,9,9,0.9999979734420776
5969,4,4,0.998950719833374
5970,1,1,0.9996607303619385
5971,9,9,0.9999592304229736
5972,5,5,0.9904014468193054
5973,3,8,0.5173159241676331
5974,0,0,0.9997963309288025
5975,4,4,0.9594589471817017
5976,8,8,0.9996033310890198
5977,9,9,0.9999927282333374
5978,1,1,0.9997826218605042
5979,4,4,0.9995768666267395
5980,0,0,0.9918436408042908
5981,5,9,0.7050327658653259
5982,5,5,0.9546301364898682
5983,2,2,0.9989720582962036
5984,1,1,0.999836802482605
5985,5,5,0.9305722117424011
5986,4,4,0.994256317615509
5987,0,0,0.9218996167182922
5988,7,7,0.9991409778594971
5989,6,6,0.9961472749710083
5990,0,0,0.9997159838676453
5991,1,1,0.9999247789382935
5992,7,7,0.9988152980804443
5993,0,0,0.9998823404312134
5994,6,6,0.9999939203262329
5995,8,8,0.9999860525131226
5996,9,9,0.9999747276306152
5997,5,9,0.741653561592102
5998,1,1,0.9818629622459412
5999,7,7,0.999570906162262
6000,9,9,0.9999692440032959
6001,8,8,0.9997971653938293
6002,6,6,0.9969935417175293
6003,0,0,0.9981986880302429
6004,8,8,0.9762831926345825
6005,1,1,0.9982776641845703
6006,7,7,0.9915675520896912
6007,7,7,0.9993526339530945
6008,1,1,0.9997051358222961
6009,3,3,0.9867254495620728
6010,2,2,0.9999884366989136
6011,3,3,0.9030035734176636
6012,1,1,0.9998736381530762
6013,4,4,0.99973064661026
6014,2,2,0.9999998807907104
6015,0,0,0.9866504669189453
6016,0,0,0.9999393224716187
6017,7,7,0.9997789263725281
6018,8,8,0.9999344348907471
6019,4,4,0.9818774461746216
6020,6,6,0.9999167919158936
6021,4,4,0.9987536668777466
6022,9,9,0.9999628067016602
6023,3,3,0.8015468716621399
6024,8,8,0.9993876218795776
6025,4,4,0.9995280504226685
6026,7,7,0.9910644292831421
6027,2,2,0.9976702332496643
6028,5,5,0.9946797490119934
6029,6,6,0.9999366998672485
6030,3,3,0.9994496703147888
6031,6,6,0.9997290968894958
6032,9,9,0.9999828338623047
6033,6,6,0.9978523254394531
6034,3,3,0.9991174340248108
6035,2,2,0.9544514417648315
6036,2,2,0.9999996423721313
6037,4,4,0.8684734106063843
6038,6,6,0.9999998807907104
6039,9,9,0.9999843835830688
6040,0,0,0.9993934631347656
6041,2,2,0.9999600648880005
6042,5,5,0.37609827518463135
6043,5,5,0.9986349940299988
6044,1,1,0.9998127818107605
6045,3,3,0.9820306301116943
6046,3,3,0.9995007514953613
6047,9,9,0.9999823570251465
6048,7,7,0.9987425208091736
6049,8,8,0.9996480941772461
6050,7,7,0.9999123811721802
6051,2,2,0.9998975992202759
6052,2,2,0.9999786615371704
6053,5,5,0.9904990792274475
6054,7,7,0.9990206956863403
6055,9,9,0.9999897480010986
6056,8,8,0.9985507130622864
6057,2,2,0.9999926090240479
6058,1,1,0.9998595714569092
6059,3,3,0.8141862154006958
6060,1,1,0.9998394250869751
6061,3,3,0.9999707937240601
6062,0,0,0.999953031539917
6063,1,1,0.9992812275886536
6064,2,2,0.9999908208847046
6065,3,3,0.9239885807037354
6066,4,4,0.9999997615814209
6067,5,5,0.9999982118606567
6068,6,6,0.9999997615814209
6069,7,7,0.9998600482940674
6070,8,8,0.9990515112876892
6071,9,9,0.9392136335372925
6072,0,0,0.9998844861984253
6073,1,1,0.9998750686645508
6074,2,2,0.9999978542327881
6075,3,3,0.9994602799415588
6076,4,4,0.9999974966049194
6077,5,5,0.9999957084655762
6078,6,6,0.9999996423721313
6079,7,7,0.9999229907989502
6080,8,8,0.9945220947265625
6081,9,9,0.8080511093139648
6082,0,0,0.9999027252197266
6083,1,1,0.9889748096466064
6084,2,2,0.9998218417167664
6085,3,3,0.9935651421546936
6086,4,4,0.9999868869781494
6087,5,5,0.9992651343345642
6088,6,6,0.9999943971633911
6089,7,7,0.9999366998672485
6090,8,8,0.9997270703315735
6091,9,5,0.8458132743835449
6092,1,1,0.9999558925628662
6093,2,2,0.9861993789672852
6094,6,6,0.9999617338180542
6095,5,5,0.9999988079071045
6096,3,3,0.999967098236084
6097,0,0,0.9999990463256836
6098,7,7,0.9999332427978516
6099,0,0,0.9999994039535522
6100,4,4,0.9999990463256836
6101,1,8,0.5936749577522278
6102,4,4,1.0
6103,3,3,0.9999947547912598
6104,6,6,0.9999896287918091
6105,7,7,0.9975838661193848
6106,2,2,0.9999988079071045
6107,3,3,0.9999682903289795
6108,1,1,0.9990381002426147
6109,2,2,0.9988056421279907
6110,1,1,0.9957429766654968
6111,2,2,0.9999732971191406
6112,9,9,0.9884187579154968
6113,6,6,0.9994779229164124
6114,0,0,0.9999991655349731
6115,1,1,0.9977372884750366
6116,3,3,0.9997777342796326
6117,0,0,0.9999727010726929
6118,2,2,0.9999879598617554
6119,7,7,0.9999586343765259
6120,5,5,0.9999700784683228
6121,7,7,0.9982751607894897
6122,6,6,0.9999926090240479
6123,2,2,0.9999995231628418
6124,9,9,0.9994401335716248
6125,1,1,0.9999727010726929
6126,9,9,0.9977916479110718
6127,0,0,1.0
6128,6,6,0.9999998807907104
6129,0,0,1.0
6130,6,6,0.9999982118606567
6131,0,0,0.9999998807907104
6132,2,2,0.9999990463256836
6133,0,0,0.9999971389770508
6134,6,6,0.9998227953910828
6135,1,1,0.9996570348739624
6136,5,5,0.9999996423721313
6137,8,8,0.9998600482940674
6138,4,4,1.0
6139,3,3,0.9999861717224121
6140,0,0,0.9999922513961792
6141,1,1,0.999971866607666
6142,5,5,0.9999920129776001
6143,4,4,0.9999986886978149
6144,4,4,0.9999997615814209
6145,8,8,0.9999942779541016
6146,5,5,0.9997566342353821
6147,7,7,0.9999393224716187
6148,5,5,0.9999994039535522
6149,7,7,0.9990262985229492
6150,8,8,0.9999935626983643
6151,3,3,0.999987006187439
6152,4,4,0.9996201992034912
6153,8,8,0.9999600648880005
6154,8,8,0.9997610449790955
6155,5,5,0.9999895095825195
6156,2,2,1.0
6157,9,9,0.957832932472229
6158,7,7,0.9999430179595947
6159,1,1,0.9999011754989624
6160,3,3,0.9999915361404419
6161,8,8,0.9814310073852539
6162,1,1,0.9999661445617676
6163,0,0,0.999950647354126
6164,7,7,0.9999661445617676
6165,5,5,0.9998435974121094
6166,9,9,0.6206537485122681
6167,6,6,0.9999992847442627
6168,9,9,0.9733572602272034
6169,4,4,0.9999998807907104
6170,7,7,0.9998080134391785
6171,7,7,0.9999663829803467
6172,9,9,0.6709095239639282
6173,9,9,0.8557048439979553
6174,3,3,0.9889455437660217
6175,4,4,0.9999527931213379
6176,4,4,0.9999998807907104
6177,3,3,0.9999765157699585
6178,8,8,0.999377429485321
6179,6,6,0.9984838366508484
6180,2,2,0.9999924898147583
6181,0,0,0.9998462200164795
6182,1,1,0.9999618530273438
6183,2,2,0.9999951124191284
6184,3,3,0.9999954700469971
6185,4,4,0.9999992847442627
6186,5,5,0.9999943971633911
6187,6,6,0.999997615814209
6188,7,7,0.9984493255615234
6189,8,8,0.9999737739562988
6190,9,9,0.9999946355819702
6191,0,0,0.9999998807907104
6192,1,1,0.9998917579650879
6193,2,2,0.999984622001648
6194,3,3,0.9999940395355225
6195,4,4,0.9999990463256836
6196,5,5,0.9999994039535522
6197,6,6,0.9999992847442627
6198,7,7,0.9999804496765137
6199,8,8,0.9999985694885254
6200,9,9,0.9999980926513672
6201,0,0,0.9999903440475464
6202,1,1,0.9999772310256958
6203,2,2,0.9999954700469971
6204,3,3,0.9999927282333374
6205,4,4,0.9999978542327881
6206,5,5,0.9999997615814209
6207,6,6,0.9999862909317017
6208,7,7,0.9996697902679443
6209,8,8,0.9999992847442627
6210,9,9,0.9999915361404419
6211,0,0,0.9999974966049194
6212,8,8,0.9999960660934448
6213,3,3,0.9998413324356079
6214,9,9,0.9999735355377197
6215,5,5,0.9998859167098999
6216,5,5,0.9999994039535522
6217,2,2,0.9999991655349731
6218,6,6,0.9999758005142212
6219,8,8,0.9999954700469971
6220,4,4,0.9999990463256836
6221,9,9,0.9999986886978149
6222,1,1,0.9999804496765137
6223,7,7,0.999218225479126
6224,1,1,0.9999206066131592
6225,2,2,0.9999940395355225
6226,3,3,0.9999997615814209
6227,5,5,0.9973141551017761
6228,9,9,0.9999991655349731
6229,6,6,0.9999771118164062
6230,9,9,0.9999964237213135
6231,1,1,0.99989914894104
6232,1,1,0.9997891783714294
6233,1,1,0.999891996383667
6234,2,2,0.9999772310256958
6235,9,9,0.9999974966049194
6236,5,5,1.0
6237,6,6,0.9999728202819824
6238,8,8,0.9998694658279419
6239,1,1,0.999947190284729
6240,2,2,0.9999138116836548
6241,0,0,0.9999712705612183
6242,7,7,0.9998478889465332
6243,7,7,0.997920572757721
6244,5,5,0.9999908208847046
6245,8,8,0.9999953508377075
6246,2,2,0.9999998807907104
6247,9,9,0.9999715089797974
6248,8,8,0.9999997615814209
6249,9,9,0.9999933242797852
6250,0,0,0.9999047517776489
6251,4,4,0.9997645020484924
6252,6,6,0.9999943971633911
6253,7,7,0.9999517202377319
6254,1,1,0.9999635219573975
6255,3,3,0.9999970197677612
6256,4,4,0.9999401569366455
6257,5,5,1.0
6258,6,6,0.9999990463256836
6259,0,0,0.9999934434890747
6260,3,3,0.9999969005584717
6261,6,6,0.9999979734420776
6262,8,8,0.999987006187439
6263,7,7,0.9999526739120483
6264,0,0,0.9999568462371826
6265,4,4,0.9999802112579346
6266,2,2,0.9996851682662964
6267,7,7,0.9995556473731995
6268,4,4,0.9999986886978149
6269,7,7,0.9999778270721436
6270,5,5,0.9999998807907104
6271,4,4,0.9998959302902222
6272,3,3,0.9999985694885254
6273,4,4,0.9999938011169434
6274,2,2,0.9999998807907104
6275,8,8,0.9999996423721313
6276,1,1,0.9999897480010986
6277,5,5,0.9999961853027344
6278,1,1,0.9999202489852905
6279,2,2,0.9998394250869751
6280,0,0,0.9999992847442627
6281,2,2,1.0
6282,5,5,0.999998927116394
6283,6,6,0.9998306035995483
6284,4,4,0.9999649524688721
6285,3,3,1.0
6286,0,0,0.9999847412109375
6287,0,0,0.9999908208847046
6288,0,0,0.9999822378158569
6289,3,3,0.9999958276748657
6290,3,3,0.9999604225158691
6291,5,5,0.9999810457229614
6292,7,7,0.9999536275863647
6293,0,0,0.999980092048645
6294,6,6,0.9999510049819946
6295,4,4,0.9999974966049194
6296,8,8,0.9999966621398926
6297,8,8,0.9999964237213135
6298,6,6,0.9999802112579346
6299,3,3,0.9999998807907104
6300,4,4,0.9997292160987854
6301,6,6,0.9999946355819702
6302,9,9,0.9999920129776001
6303,9,9,0.9999936819076538
6304,8,8,0.9997851252555847
6305,2,2,0.9997367262840271
6306,7,7,0.9998764991760254
6307,7,7,0.9999802112579346
6308,1,1,0.9998444318771362
6309,0,0,0.9999949932098389
6310,1,1,0.9999641180038452
6311,2,2,1.0
6312,3,3,0.9999992847442627
6313,4,4,0.9999998807907104
6314,5,5,0.9999990463256836
6315,6,6,0.9999923706054688
6316,7,7,0.9999854564666748
6317,8,8,0.9999891519546509
6318,9,9,0.9999957084655762
6319,0,0,0.9999998807907104
6320,1,1,0.9999619722366333
6321,2,2,1.0
6322,3,3,0.9999998807907104
6323,4,4,0.999984622001648
6324,5,5,0.9999977350234985
6325,6,6,0.9999948740005493
6326,7,7,0.9999995231628418
6327,8,8,0.9999959468841553
6328,0,0,0.9999966621398926
6329,1,1,0.9999746084213257
6330,2,2,1.0
6331,3,3,0.9999969005584717
6332,4,4,0.9999936819076538
6333,5,5,0.9999997615814209
6334,6,6,0.9999796152114868
6335,7,7,0.999968409538269
6336,8,8,0.999977707862854
6337,2,2,0.9999972581863403
6338,1,1,0.999342143535614
6339,7,7,0.999981164932251
6340,2,2,1.0
6341,5,5,0.9999969005584717
6342,0,0,0.9999929666519165
6343,8,8,0.9999792575836182
6344,0,0,0.9996751546859741
6345,2,2,0.9999998807907104
6346,7,7,0.9999738931655884
6347,8,8,0.9803189635276794
6348,8,8,0.9999992847442627
6349,3,3,1.0
6350,6,6,0.9999899864196777
6351,0,0,0.9999299049377441
6352,2,2,0.9999685287475586
6353,7,7,0.9999959468841553
6354,6,6,0.9999934434890747
6355,6,6,0.999997615814209
6356,1,1,0.9997513890266418
6357,2,2,1.0
6358,8,8,0.9999904632568359
6359,8,8,0.9512842297554016
6360,7,7,0.9999992847442627
6361,7,7,0.999996542930603
6362,4,4,0.9999982118606567
6363,7,7,0.999924898147583
6364,7,7,0.9999668598175049
6365,3,3,1.0
6366,7,7,0.9999631643295288
6367,4,4,0.9999958276748657
6368,5,5,0.9999996423721313
6369,4,4,0.9999938011169434
6370,3,3,0.9999775886535645
6371,3,3,0.9999992847442627
6372,8,8,0.9994623064994812
6373,4,4,1.0
6374,1,1,0.9999778270721436
6375,1,1,0.9999802112579346
6376,9,9,0.9994356036186218
6377,7,7,0.9987321496009827
6378,4,4,0.9999971389770508
6379,3,3,0.9999997615814209
6380,7,7,0.9995899796485901
6381,3,3,1.0
6382,3,3,1.0
6383,0,0,0.9999771118164062
6384,2,2,0.9999998807907104
6385,5,5,0.9999465942382812
6386,5,5,0.9999998807907104
6387,6,6,0.9999977350234985
6388,6,6,0.9999257326126099
6389,3,3,0.999995231628418
6390,5,5,0.9999896287918091
6391,2,9,0.73105788230896
6392,5,5,0.9961131811141968
6393,9,9,0.9886338710784912
6394,9,9,0.9999985694885254
6395,8,8,0.9999947547912598
6396,4,4,0.9999954700469971
6397,1,1,0.9999731779098511
6398,0,0,0.9986900687217712
6399,6,6,0.9999732971191406
6400,0,0,0.973280131816864
6401,9,9,0.9999513626098633
6402,6,6,0.994316041469574
6403,8,8,0.9996324777603149
6404,8,8,0.9999226331710815
6405,5,5,0.9999991655349731
6406,6,6,0.9999598264694214
6407,1,1,0.9999440908432007
6408,1,1,0.9996122717857361
6409,9,9,0.9999889135360718
6410,8,8,0.999639630317688
6411,9,9,0.9996572732925415
6412,2,2,0.9999994039535522
6413,3,3,1.0
6414,5,5,0.9999934434890747
6415,5,5,0.9999998807907104
6416,9,9,0.9996010661125183
6417,4,4,0.9999960660934448
6418,2,2,0.9055977463722229
6419,1,1,0.9999451637268066
6420,9,9,0.9990523457527161
6421,3,3,0.9978638291358948
6422,9,9,0.9999526739120483
6423,2,2,1.0
6424,0,0,0.9996414184570312
6425,6,6,0.9880623817443848
6426,0,0,0.9985933899879456
6427,4,4,0.9999963045120239
6428,0,0,0.9954889416694641
6429,0,0,1.0
6430,1,1,0.9995618462562561
6431,2,2,0.9999979734420776
6432,3,3,0.9999934434890747
6433,4,4,0.999977707862854
6434,7,7,0.9996762275695801
6435,8,8,0.9999985694885254
6436,9,9,0.9999978542327881
6437,0,0,0.9999992847442627
6438,1,1,0.999980092048645
6439,2,2,0.9999889135360718
6440,3,3,0.9999994039535522
6441,7,7,0.9998125433921814
6442,8,8,0.9999988079071045
6443,9,9,0.9998161196708679
6444,0,0,0.9998887777328491
6445,1,1,0.9999200105667114
6446,2,2,0.999612033367157
6447,3,3,0.9999998807907104
6448,4,4,0.9999867677688599
6449,7,7,0.9997615218162537
6450,8,8,0.9999796152114868
6451,9,9,0.9999995231628418
6452,7,7,0.9992412328720093
6453,3,3,0.9993768334388733
6454,0,0,0.9999287128448486
6455,3,3,0.9999675750732422
6456,1,1,0.9998886585235596
6457,8,8,0.9999970197677612
6458,7,7,0.9978389143943787
6459,6,6,0.9997592568397522
6460,4,4,0.9996598958969116
6461,0,0,0.9999750852584839
6462,2,2,0.9999992847442627
6463,6,6,0.9999861717224121
6464,8,8,0.9999951124191284
6465,3,3,0.9999874830245972
6466,2,2,0.9999994039535522
6467,8,8,0.9999942779541016
6468,1,1,0.9998661279678345
6469,2,2,0.9999741315841675
6470,0,0,0.9988514184951782
6471,7,7,0.9925066828727722
6472,1,1,0.9999837875366211
6473,0,0,0.9995600581169128
6474,4,4,0.9970941543579102
6475,4,4,0.9999998807907104
6476,5,5,0.9999996423721313
6477,8,8,0.9999121427536011
6478,0,0,0.9999756813049316
6479,6,6,0.9999321699142456
6480,2,2,0.9998600482940674
6481,3,3,0.9999966621398926
6482,1,1,0.9999873638153076
6483,5,5,0.9999988079071045
6484,1,1,0.9999536275863647
6485,8,8,0.9999856948852539
6486,5,5,0.9999938011169434
6487,9,9,0.9998252987861633
6488,4,4,0.9999573230743408
6489,0,0,0.9999840259552002
6490,7,7,0.9999061822891235
6491,5,5,0.9999990463256836
6492,8,8,0.9999421834945679
6493,8,8,0.9999972581863403
6494,3,3,0.9999037981033325
6495,8,8,0.7846410870552063
6496,9,9,0.9999451637268066
6497,2,2,0.9999707937240601
6498,6,6,0.9999477863311768
6499,2,2,0.9999598264694214
6500,5,5,0.9999997615814209
6501,3,3,0.9999947547912598
6502,1,1,0.9999827146530151
6503,7,7,0.9998394250869751
6504,3,3,1.0
6505,9,9,0.5529406070709229
6506,1,1,0.9999548196792603
6507,9,9,0.9998990297317505
6508,9,9,0.9999974966049194
6509,6,6,0.9999927282333374
6510,0,0,0.9999920129776001
6511,3,3,0.9385691285133362
6512,9,9,0.9996869564056396
6513,2,2,0.9998342990875244
6514,8,8,0.9999988079071045
6515,1,1,0.9999780654907227
6516,4,4,0.9999992847442627
6517,3,3,0.9978266358375549
6518,5,5,0.9999948740005493
6519,2,2,0.9999998807907104
6520,9,9,0.9999332427978516
6521,2,2,0.9999984502792358
6522,5,5,0.9999958276748657
6523,8,8,0.9931799173355103
6524,9,9,0.9999974966049194
6525,5,5,0.9999985694885254
6526,0,0,0.9991724491119385
6527,1,1,0.9999380111694336
6528,2,2,0.9999996423721313
6529,4,4,0.9999765157699585
6530,5,5,0.9998939037322998
6531,6,6,0.9999512434005737
6532,0,0,0.997144877910614
6533,1,1,0.9999644756317139
6534,2,2,0.9998569488525391
6535,3,3,0.9999927282333374
6536,4,4,0.9999945163726807
6537,5,5,0.9999979734420776
6538,6,6,0.9904047250747681
6539,7,7,0.9998893737792969
6540,1,1,0.9983555674552917
6541,2,2,0.999981164932251
6542,3,3,0.9934489130973816
6543,4,4,0.999998927116394
6544,5,5,0.9998599290847778
6545,1,1,0.9999043941497803
6546,0,0,0.9958392381668091
6547,4,4,0.9999957084655762
6548,5,5,0.9997829794883728
6549,6,6,0.9997442364692688
6550,6,6,0.9999872446060181
6551,3,3,0.9999991655349731
6552,4,4,0.9996040463447571
6553,4,4,0.9898412823677063
6554,2,2,0.9846416115760803
6555,8,9,0.8771147727966309
6556,1,1,0.9987877011299133
6557,0,0,0.9910083413124084
6558,6,6,0.8496363162994385
6559,4,4,0.9942465424537659
6560,9,9,0.9680206179618835
6561,7,7,0.9328563213348389
6562,2,2,0.9994149208068848
6563,3,3,0.9999518394470215
6564,3,3,0.997157096862793
6565,9,9,0.9996533393859863
6566,2,2,0.9999996423721313
6567,0,0,0.9998036026954651
6568,9,9,0.9874811768531799
6569,3,3,0.9919202327728271
6570,3,3,0.9995930790901184
6571,9,7,0.7315158843994141
6572,1,7,0.30053380131721497
6573,5,5,0.9985073208808899
6574,2,2,0.9992262125015259
6575,3,3,0.9966375827789307
6576,7,7,0.48268625140190125
6577,7,7,0.9947949051856995
6578,8,8,0.7844362854957581
6579,4,4,0.99998939037323
6580,0,0,0.9999992847442627
6581,2,2,0.9999496936798096
6582,4,4,0.9999998807907104
6583,0,0,0.9999504089355469
6584,2,2,0.9915226697921753
6585,4,4,0.9999983310699463
6586,7,7,0.9999806880950928
6587,8,8,0.9998862743377686
6588,0,0,0.9999788999557495
6589,7,7,0.9995114803314209
6590,0,0,0.9999901056289673
6591,6,6,0.9999629259109497
6592,9,9,0.9580408930778503
6593,3,3,0.9999774694442749
6594,2,2,0.9992363452911377
6595,8,8,0.9999967813491821
6596,6,6,0.9880024194717407
6597,0,7,0.8281841278076172
6598,5,5,0.9872676730155945
6599,7,7,0.8991537094116211
6600,5,5,0.9995636343955994
6601,1,1,0.9999651908874512
6602,0,0,0.9999489784240723
6603,8,8,0.9347506165504456
6604,1,1,0.9999573230743408
6605,6,6,0.9178308844566345
6606,7,7,0.9999392032623291
6607,2,2,0.9999831914901733
6608,9,9,0.7541284561157227
6609,7,7,0.9808210134506226
6610,9,9,0.9976363182067871
6611,5,5,0.9999727010726929
6612,8,8,0.9999626874923706
6613,6,6,0.9878909587860107
6614,2,2,0.9695837497711182
6615,6,6,0.9998176693916321
6616,2,2,0.9999865293502808
6617,8,8,0.9991801381111145
6618,1,1,0.9925193786621094
6619,7,7,0.9997947812080383
6620,5,5,0.9999949932098389
6621,0,0,0.9998767375946045
6622,1,1,0.9951369166374207
6623,1,1,0.9948980212211609
6624,3,3,0.9997013211250305
6625,8,8,0.629106879234314
6626,4,4,0.9999784231185913
6627,9,9,0.9722089767456055
6628,1,1,0.982468843460083
6629,8,8,0.9999842643737793
6630,6,6,0.9999926090240479
6631,8,8,0.9957798719406128
6632,9,9,0.9852622151374817
6633,0,0,0.9999489784240723
6634,1,1,0.9999797344207764
6635,2,2,0.9997759461402893
6636,3,3,0.9997468590736389
6637,4,4,0.9997691512107849
6638,5,5,0.9999877214431763
6639,6,6,0.9997590184211731
6640,7,7,0.999997615814209
6641,8,8,0.9996918439865112
6642,9,9,0.9965211153030396
6643,0,0,0.9956563711166382
6644,1,1,0.999510645866394
6645,2,2,0.9997664093971252
6646,3,3,0.9999843835830688
6647,4,4,0.9999994039535522
6648,7,7,0.9999529123306274
6649,8,8,0.999997615814209
6650,9,9,0.9995059967041016
6651,0,8,0.840432345867157
6652,1,1,0.9994082450866699
6653,7,7,0.9999196529388428
6654,8,8,0.9999547004699707
6655,9,9,0.999824583530426
6656,9,9,0.9999172687530518
6657,8,8,0.9999856948852539
6658,9,9,0.9988460540771484
6659,8,8,0.9999339580535889
6660,4,4,0.9999995231628418
6661,1,1,0.9982531666755676
6662,7,7,0.9725722670555115
6663,7,7,0.9999850988388062
6664,3,3,0.9999980926513672
6665,3,3,1.0
6666,7,7,0.9996976852416992
6667,6,6,0.9986843466758728
6668,6,6,0.9979879856109619
6669,6,6,0.9936749339103699
6670,1,1,0.9996209144592285
6671,9,9,0.9999784231185913
6672,0,0,0.9949878454208374
6673,1,1,0.9995267391204834
6674,7,7,0.9999333620071411
6675,6,6,0.9987326264381409
6676,3,3,1.0
6677,2,2,0.9913291931152344
6678,1,1,0.9999608993530273
6679,7,7,0.9999287128448486
6680,1,1,0.9998685121536255
6681,3,3,0.9999984502792358
6682,9,9,0.999966025352478
6683,1,1,0.9998970031738281
6684,7,7,0.9997627139091492
6685,6,6,0.9999293088912964
6686,8,8,0.9996715784072876
6687,4,4,0.9999943971633911
6688,1,1,0.9324970245361328
6689,4,4,0.9999262094497681
6690,3,3,0.9999988079071045
6691,6,6,0.9964195489883423
6692,9,9,0.9988663196563721
6693,6,6,0.9872162938117981
6694,1,1,0.9520375728607178
6695,4,4,0.9995371103286743
6696,4,4,0.9999994039535522
6697,7,7,0.9999760389328003
6698,2,2,0.9999995231628418
6699,4,4,0.9999879598617554
6700,4,4,0.9998329877853394
6701,0,0,0.9999945163726807
6702,1,1,0.9998818635940552
6703,2,2,0.9998051524162292
6704,3,3,0.999997615814209
6705,4,4,0.9999954700469971
6706,5,5,0.9606925845146179
6707,6,6,0.9999736547470093
6708,7,7,0.9992753863334656
6709,8,8,0.999929666519165
6710,9,9,0.999829888343811
6711,0,0,0.9999978542327881
6712,1,1,0.9979888200759888
6713,2,2,0.9999881982803345
6714,3,3,0.9999998807907104
6715,4,4,0.9999912977218628
6716,5,5,0.9999948740005493
6717,6,6,0.9999836683273315
6718,9,9,0.9996216297149658
6719,0,0,0.9999983310699463
6720,1,1,0.9991932511329651
6721,2,2,0.9901813864707947
6722,3,3,0.9996111989021301
6723,4,4,0.9997649788856506
6724,7,7,0.9878706336021423
6725,8,8,0.9892488718032837
6726,1,1,0.9999885559082031
6727,3,3,1.0
6728,5,5,0.9999181032180786
6729,1,1,0.9999916553497314
6730,7,7,0.964413583278656
6731,7,7,0.9996662139892578
6732,2,2,0.998847246170044
6733,1,1,0.9999194145202637
6734,4,4,0.999974250793457
6735,8,8,0.9979026317596436
6736,3,3,0.999994158744812
6737,4,4,0.9998942613601685
6738,4,4,0.9999986886978149
6739,3,3,0.9992355108261108
6740,9,9,0.9051900506019592
6741,7,7,0.9610979557037354
6742,4,4,0.9999343156814575
6743,1,1,0.9998341798782349
6744,2,2,0.9929859042167664
6745,3,3,0.9989727735519409
6746,5,5,0.9999113082885742
6747,9,9,0.9984806180000305
6748,1,1,0.9998730421066284
6749,6,6,0.9955376386642456
6750,0,0,0.9961578249931335
6751,1,1,0.9999121427536011
6752,0,0,0.9999927282333374
6753,0,0,0.9999902248382568
6754,2,2,0.9999144077301025
6755,8,9,0.7155768871307373
6756,7,7,0.9748665690422058
6757,1,1,0.9999904632568359
6758,1,1,0.9999315738677979
6759,4,4,0.9959582686424255
6760,0,0,0.9999836683273315
6761,4,4,0.9979411959648132
6762,7,7,0.9986446499824524
6763,3,3,0.999983549118042
6764,6,6,0.9995131492614746
6765,8,8,0.9586236476898193
6766,0,0,0.9999858140945435
6767,3,3,1.0
6768,7,7,0.9975813627243042
6769,4,4,0.9955939650535583
6770,0,0,0.9999996423721313
6771,6,6,0.9991607666015625
6772,9,9,0.9992320537567139
6773,2,2,0.9999927282333374
6774,6,6,0.999810516834259
6775,5,5,0.999927282333374
6776,8,8,0.9998486042022705
6777,6,6,0.999861478805542
6778,9,9,0.9999020099639893
6779,0,0,0.9999803304672241
6780,4,4,0.9953568577766418
6781,0,0,0.9999222755432129
6782,6,6,0.9968059062957764
6783,1,6,0.7605966329574585
6784,9,9,0.9988747239112854
6785,2,2,0.9926596283912659
6786,0,0,0.9999743700027466
6787,9,9,0.9980328679084778
6788,5,5,0.9957132339477539
6789,1,1,0.999995231628418
6790,3,3,0.9999399185180664
6791,7,7,0.9163448214530945
6792,6,6,0.999879002571106
6793,9,9,0.997165858745575
6794,3,3,0.9999990463256836
6795,0,0,0.9999977350234985
6796,2,2,0.9869215488433838
6797,2,2,0.9947846531867981
6798,0,0,0.9999713897705078
6799,1,1,0.9999961853027344
6800,2,2,0.9999915361404419
6801,3,3,0.9999879598617554
6802,4,4,0.9999874830245972
6803,5,5,0.9999905824661255
6804,6,6,0.9999994039535522
6805,7,7,0.9999905824661255
6806,8,8,0.9988969564437866
6807,9,9,0.9997444748878479
6808,0,0,0.999862790107727
6809,1,1,0.9996881484985352
6810,2,2,0.9999982118606567
6811,3,3,0.9999103546142578
6812,4,4,0.9998955726623535
6813,5,5,0.9999967813491821
6814,6,6,0.9999988079071045
6815,7,7,0.9999996423721313
6816,8,8,0.9999574422836304
6817,9,9,0.9936994314193726
6818,0,0,0.9984679818153381
6819,1,1,0.9999945163726807
6820,2,2,0.9999983310699463
6821,3,3,0.9999992847442627
6822,4,4,0.999988317489624
6823,5,5,0.9999926090240479
6824,6,6,0.9999856948852539
6825,7,7,0.999995231628418
6826,8,8,0.9999990463256836
6827,9,9,0.9816861152648926
6828,2,2,0.9999996423721313
6829,1,1,0.9998977184295654
6830,7,7,0.9999634027481079
6831,2,2,0.9999995231628418
6832,5,5,0.999900221824646
6833,0,0,0.9999498128890991
6834,8,8,0.9999924898147583
6835,0,0,0.9682188034057617
6836,2,2,0.9999984502792358
6837,7,7,0.9999896287918091
6838,8,8,0.9999985694885254
6839,8,8,0.999212384223938
6840,3,3,0.9999691247940063
6841,0,0,0.9980884194374084
6842,6,6,0.9998713731765747
6843,0,0,0.9997279047966003
6844,2,2,0.9999996423721313
6845,7,7,0.9999839067459106
6846,6,6,0.9999918937683105
6847,6,6,0.772017776966095
6848,1,1,0.9999551773071289
6849,2,2,0.9999927282333374
6850,8,8,0.9999992847442627
6851,8,8,0.9692835211753845
6852,7,7,0.9999474287033081
6853,7,7,0.9998877048492432
6854,4,4,0.9999841451644897
6855,7,7,0.9999650716781616
6856,7,7,0.9999479055404663
6857,3,3,0.9999998807907104
6858,7,7,0.9996127486228943
6859,4,4,0.9999957084655762
6860,5,5,0.9999990463256836
6861,4,4,1.0
6862,3,3,0.9999998807907104
6863,3,3,0.9999980926513672
6864,8,8,0.9999600648880005
6865,4,4,0.9999864101409912
6866,5,5,0.9999908208847046
6867,4,4,0.9999033212661743
6868,1,1,0.9999834299087524
6869,1,1,0.9999692440032959
6870,9,9,0.9978592991828918
6871,7,7,0.9999842643737793
6872,4,4,0.998711347579956
6873,3,3,1.0
6874,7,7,0.9999889135360718
6875,3,3,1.0
6876,3,3,0.9999994039535522
6877,0,0,0.9998797178268433
6878,2,2,0.9994035959243774
6879,5,5,0.9999997615814209
6880,5,5,0.9999858140945435
6881,6,6,0.9999992847442627
6882,3,3,0.9999991655349731
6883,1,1,0.8797537684440613
6884,5,5,1.0
6885,2,2,0.9997938275337219
6886,5,5,0.9830878376960754
6887,9,9,0.9999918937683105
6888,9,9,0.9999713897705078
6889,8,8,0.9999713897705078
6890,4,4,0.9999935626983643
6891,1,1,0.9999507665634155
6892,0,0,0.9999690055847168
6893,6,6,0.9998507499694824
6894,0,0,0.9485015273094177
6895,9,9,0.9225589632987976
6896,6,6,0.9999769926071167
6897,8,8,0.999041736125946
6898,8,8,0.999883770942688
6899,5,5,0.9997521042823792
6900,6,6,0.9997759461402893
6901,1,1,0.9999892711639404
6902,1,1,0.9998220801353455
6903,9,9,0.9999972581863403
6904,8,8,0.999950647354126
6905,9,9,0.9989451766014099
6906,2,2,0.9994291663169861
6907,3,3,0.9999983310699463
6908,5,5,0.9999994039535522
6909,5,5,0.9999687671661377
6910,9,9,0.9997584223747253
6911,4,4,0.9999942779541016
6912,2,2,0.9997225403785706
6913,1,1,0.9999164342880249
6914,9,9,0.994034469127655
6915,4,4,0.9999922513961792
6916,9,9,0.9999978542327881
6917,1,1,0.9999815225601196
6918,3,3,0.9999988079071045
6919,9,9,0.9917439818382263
6920,2,2,0.9999473094940186
6921,0,0,0.9999756813049316
6922,6,6,0.999042809009552
6923,0,0,0.9998862743377686
6924,4,4,0.9997745156288147
6925,0,0,0.9999246597290039
6926,6,6,0.9859252572059631
6927,0,0,0.9999868869781494
6928,1,1,0.9999687671661377
6929,2,2,0.9999951124191284
6930,3,3,0.9999996423721313
6931,4,4,0.9999896287918091
6932,5,5,1.0
6933,6,6,0.9999983310699463
6934,7,7,0.9999439716339111
6935,8,8,0.9999991655349731
6936,9,9,0.9999767541885376
6937,0,0,0.9998817443847656
6938,1,1,0.9999675750732422
6939,2,2,0.9999918937683105
6940,3,3,0.999925971031189
6941,4,4,0.9999972581863403
6942,5,5,0.9999741315841675
6943,6,6,0.9998563528060913
6944,7,7,0.9998890161514282
6945,8,8,0.9209939241409302
6946,9,9,0.9999829530715942
6947,0,0,0.999987006187439
6948,1,1,0.9999558925628662
6949,2,2,0.9999985694885254
6950,3,3,0.9999997615814209
6951,4,4,0.9999651908874512
6952,5,5,0.9999957084655762
6953,6,6,0.9999521970748901
6954,7,7,0.9952688813209534
6955,8,8,0.9999933242797852
6956,9,9,0.999985933303833
6957,3,3,0.9999749660491943
6958,8,8,0.9999778270721436
6959,0,0,0.9999873638153076
6960,7,7,0.999993085861206
6961,1,1,0.9998816251754761
6962,0,0,0.9991797804832458
6963,7,7,0.9999605417251587
6964,5,5,0.9996054768562317
6965,5,5,0.9999960660934448
6966,6,6,0.9999885559082031
6967,9,9,0.9995973706245422
6968,0,0,0.999541163444519
6969,1,1,0.9999176263809204
6970,0,0,0.9983691573143005
6971,0,0,0.9995381832122803
6972,8,8,0.9999997615814209
6973,3,3,0.9999988079071045
6974,4,4,0.9999946355819702
6975,3,3,0.9999728202819824
6976,1,1,0.9999390840530396
6977,5,5,0.9999994039535522
6978,0,0,0.9998774528503418
6979,0,0,0.9999768733978271
6980,9,9,0.9997978806495667
6981,5,5,0.9993695616722107
6982,3,3,0.9999994039535522
6983,4,4,0.999870777130127
6984,9,9,0.9999446868896484
6985,3,3,0.9999991655349731
6986,7,7,0.9997784495353699
6987,6,6,0.9999884366989136
6988,9,9,0.9991890788078308
6989,2,2,0.9999991655349731
6990,4,4,0.9994545578956604
6991,5,5,0.9999340772628784
6992,7,7,0.9999849796295166
6993,2,2,1.0
6994,6,6,0.9996592998504639
6995,4,4,0.9999995231628418
6996,9,9,0.9999080896377563
6997,4,4,0.995993971824646
6998,9,9,0.9999501705169678
6999,4,4,0.9997350573539734
7000,1,1,0.9997534155845642
7001,2,2,0.9989222288131714
7002,2,2,0.9999796152114868
7003,5,5,0.9999309778213501
7004,8,8,0.9999979734420776
7005,1,1,0.9999219179153442
7006,3,3,0.9999998807907104
7007,2,2,1.0
7008,9,9,0.9999945163726807
7009,4,4,0.9999730587005615
7010,3,3,0.9999980926513672
7011,8,8,0.9999998807907104
7012,2,2,1.0
7013,2,2,0.9999998807907104
7014,1,1,0.9999772310256958
7015,2,2,0.999985933303833
7016,8,8,0.9999027252197266
7017,6,6,0.9998805522918701
7018,5,5,0.999987006187439
7019,1,1,0.9999829530715942
7020,6,6,0.9997032284736633
7021,7,7,0.9995438456535339
7022,2,2,0.9999985694885254
7023,1,1,0.9997873902320862
7024,3,3,0.9999963045120239
7025,9,9,0.9999918937683105
7026,3,3,0.9999996423721313
7027,8,8,0.9999953508377075
7028,7,7,0.9996393918991089
7029,5,5,0.9999934434890747
7030,7,7,0.994498074054718
7031,0,0,0.9965028762817383
7032,7,7,0.9982372522354126
7033,4,4,0.9993994235992432
7034,8,8,0.9999995231628418
7035,8,8,0.9788916110992432
7036,5,5,1.0
7037,0,0,0.9999662637710571
7038,6,6,0.9999971389770508
7039,6,6,0.9999915361404419
7040,3,3,0.9999927282333374
7041,7,7,0.9999552965164185
7042,6,6,0.9999990463256836
7043,9,9,0.9991113543510437
7044,9,9,0.9984791874885559
7045,4,4,0.9999752044677734
7046,8,8,0.9999159574508667
7047,4,4,0.9998832941055298
7048,1,1,0.9999837875366211
7049,0,0,0.9964854717254639
7050,6,6,0.9981085062026978
7051,6,6,0.999808132648468
7052,0,0,0.999996542930603
7053,1,1,0.9998171925544739
7054,2,2,0.9858104586601257
7055,3,3,0.9999996423721313
7056,4,4,0.9999973773956299
7057,5,5,0.9999977350234985
7058,6,6,0.9999186992645264
7059,7,7,0.9999752044677734
7060,8,8,0.9999301433563232
7061,9,9,0.99836665391922
7062,0,0,0.9999977350234985
7063,1,1,0.999887228012085
7064,2,2,0.9999805688858032
7065,3,3,0.9999948740005493
7066,4,4,1.0
7067,5,5,0.9999904632568359
7068,6,6,0.9993500113487244
7069,7,7,0.9989940524101257
7070,8,8,0.9999418258666992
7071,9,9,0.9999101161956787
7072,0,0,0.9999810457229614
7073,1,1,0.9999817609786987
7074,2,2,0.9981511235237122
7075,3,3,0.9999879598617554
7076,4,4,0.999998927116394
7077,5,5,0.9999961853027344
7078,6,6,0.999997615814209
7079,7,7,0.9994974136352539
7080,8,8,0.999998927116394
7081,9,9,0.9953067898750305
7082,7,7,0.9999904632568359
7083,4,4,0.9999942779541016
7084,0,0,0.9995129108428955
7085,4,4,0.9999985694885254
7086,0,0,0.9999285936355591
7087,1,1,0.999932050704956
7088,7,7,0.9999877214431763
7089,9,9,0.9996447563171387
7090,5,5,0.9999697208404541
7091,1,1,0.9999834299087524
7092,4,4,0.9999998807907104
7093,2,2,0.9853105545043945
7094,8,8,0.5730401277542114
7095,9,9,0.9972825050354004
7096,4,4,1.0
7097,3,3,0.9994451403617859
7098,7,7,0.9986057877540588
7099,8,8,0.9991807341575623
7100,2,2,0.999276340007782
7101,4,4,0.9999710321426392
7102,4,4,0.9986609220504761
7103,3,3,0.9999970197677612
7104,3,3,0.9999998807907104
7105,6,6,0.9999903440475464
7106,9,9,0.9994140863418579
7107,9,9,0.9989438652992249
7108,5,5,0.9999161958694458
7109,8,8,0.999991774559021
7110,6,6,0.9999884366989136
7111,7,7,0.9999746084213257
7112,0,0,0.999953031539917
7113,6,6,0.9999643564224243
7114,8,8,0.9999997615814209
7115,2,2,0.9992183446884155
7116,6,6,0.9999932050704956
7117,3,3,1.0
7118,9,9,0.9986831545829773
7119,3,3,0.9999943971633911
7120,2,2,0.9992504715919495
7121,8,8,0.6213881969451904
7122,6,6,0.9999021291732788
7123,1,1,0.9999498128890991
7124,7,7,0.9999853372573853
7125,4,4,0.999996542930603
7126,8,8,0.9999666213989258
7127,8,8,0.9999563694000244
7128,9,9,0.9995624423027039
7129,0,0,0.999961256980896
7130,3,3,0.9999853372573853
7131,3,3,0.9999986886978149
7132,9,9,0.9996211528778076
7133,0,0,0.9997261166572571
7134,5,5,0.9999964237213135
7135,2,2,0.9996079802513123
7136,9,9,0.9992243051528931
7137,4,4,0.9996278285980225
7138,1,1,0.9999680519104004
7139,0,0,0.9998534917831421
7140,3,3,0.9999982118606567
7141,7,7,0.9999847412109375
7142,5,5,0.9999874830245972
7143,8,8,0.9999678134918213
7144,7,7,0.9999891519546509
7145,7,7,0.9999834299087524
7146,8,8,0.9999963045120239
7147,2,2,0.9999690055847168
7148,9,9,0.9993960857391357
7149,7,7,0.999927282333374
7150,1,1,0.9999884366989136
7151,2,2,0.999496340751648
7152,6,6,0.9999932050704956
7153,4,4,0.9994671940803528
7154,2,2,0.970524787902832
7155,5,5,0.9999974966049194
7156,2,2,0.9982361793518066
7157,3,3,1.0
7158,6,6,0.9999821186065674
7159,6,6,0.9999940395355225
7160,5,5,0.9999668598175049
7161,0,0,0.9996050000190735
7162,0,0,0.9988539218902588
7163,2,2,0.9998917579650879
7164,8,8,0.9999903440475464
7165,1,1,0.9999948740005493
7166,6,6,0.9999868869781494
7167,1,1,0.9999504089355469
7168,0,0,0.999893307685852
7169,4,4,0.9999808073043823
7170,3,3,0.999998927116394
7171,1,1,0.9994862079620361
7172,6,6,0.9999912977218628
7173,1,1,0.9999818801879883
7174,9,9,0.9996048808097839
7175,0,0,0.9999997615814209
7176,1,1,0.9999803304672241
7177,4,4,0.9988821148872375
7178,5,5,0.9999212026596069
7179,6,6,0.9843675494194031
7180,7,7,0.9999607801437378
7181,8,8,0.9998810291290283
7182,9,9,0.9990094900131226
7183,1,1,0.9997618794441223
7184,2,2,0.9999983310699463
7185,3,3,0.999954342842102
7186,4,4,0.9996438026428223
7187,5,5,0.9999936819076538
7188,6,6,0.9999397993087769
7189,7,7,0.9984691739082336
7190,0,0,0.999883770942688
7191,1,1,0.9998798370361328
7192,2,2,0.9999855756759644
7193,3,3,0.9999953508377075
7194,4,4,0.9999994039535522
7195,5,5,0.9993032217025757
7196,6,6,0.9996905326843262
7197,7,7,0.998176097869873
7198,8,8,0.998384952545166
7199,9,9,0.9999340772628784
7200,8,8,0.9996588230133057
7201,4,4,0.9999954700469971
7202,0,0,0.9999990463256836
7203,0,0,0.999994158744812
7204,7,7,0.9994065761566162
7205,2,2,0.9999788999557495
7206,4,4,0.9999986886978149
7207,3,3,0.9999688863754272
7208,8,8,0.9888330698013306
7209,6,6,0.9809966087341309
7210,6,6,0.973944902420044
7211,3,3,0.9990861415863037
7212,2,2,0.9654150009155273
7213,6,6,0.9998525381088257
7214,3,3,1.0
7215,3,3,0.9998669624328613
7216,0,0,0.9735434055328369
7217,1,1,0.9997465014457703
7218,4,4,0.9999994039535522
7219,7,7,0.999680757522583
7220,8,8,0.9998557567596436
7221,0,0,0.9999784231185913
7222,3,3,1.0
7223,1,1,0.9996185302734375
7224,9,9,0.9971020817756653
7225,0,0,0.999991774559021
7226,1,1,0.9983935952186584
7227,9,9,0.9997788071632385
7228,1,1,0.9997277855873108
7229,2,2,0.9999063014984131
7230,7,7,0.9983589053153992
7231,0,0,0.9999631643295288
7232,1,1,0.9995841383934021
7233,3,3,0.9818421602249146
7234,8,8,0.9999959468841553
7235,2,2,0.9964779019355774
7236,9,9,0.9997537732124329
7237,2,2,0.9987969398498535
7238,7,7,0.9790455102920532
7239,6,6,0.9993811845779419
7240,5,5,0.9699481129646301
7241,5,5,0.9956666231155396
7242,9,9,0.9968453049659729
7243,9,9,0.9949982166290283
7244,8,8,0.9999984502792358
7245,2,2,0.998742401599884
7246,9,9,0.9999204874038696
7247,1,1,0.9996919631958008
7248,3,3,0.9737551808357239
7249,2,2,0.9614965319633484
7250,3,3,0.9999988079071045
7251,4,4,1.0
7252,3,3,0.9999971389770508
7253,1,1,0.9998053908348083
7254,9,9,0.9999885559082031
7255,0,0,0.9999321699142456
7256,9,9,0.9996918439865112
7257,3,3,0.999977707862854
7258,6,6,0.9751749634742737
7259,8,8,0.9895725846290588
7260,7,7,0.9985285997390747
7261,0,0,0.9994800686836243
7262,1,1,0.9996067881584167
7263,0,0,0.9982869029045105
7264,5,5,0.9999836683273315
7265,8,8,0.998433530330658
7266,2,2,0.9998552799224854
7267,7,7,0.9989939332008362
7268,7,7,0.8450303077697754
7269,0,0,0.9999886751174927
7270,1,1,0.9999872446060181
7271,2,2,0.9994612336158752
7272,3,3,0.9979075193405151
7273,4,4,0.9999929666519165
7274,5,5,0.9999605417251587
7275,6,6,0.9999805688858032
7276,7,7,0.9998623132705688
7277,8,8,0.9994358420372009
7278,9,9,0.9996625185012817
7279,0,0,0.9999902248382568
7280,1,1,0.9999815225601196
7281,2,2,0.9999985694885254
7282,3,3,0.9999755620956421
7283,4,4,0.9997778534889221
7284,5,5,0.9999805688858032
7285,6,6,0.9999717473983765
7286,7,7,0.9996329545974731
7287,8,8,0.9997023940086365
7288,9,9,0.999976634979248
7289,0,0,0.9999947547912598
7290,1,1,0.9999839067459106
7291,2,2,0.9988095760345459
7292,3,3,0.9999898672103882
7293,4,4,0.9994899034500122
7294,5,5,0.9999443292617798
7295,6,6,0.9999949932098389
7296,7,7,0.9999526739120483
7297,8,8,0.9999560117721558
7298,9,9,0.9999613761901855
7299,1,1,0.9999696016311646
7300,7,7,0.9991672039031982
7301,4,4,0.9999877214431763
7302,8,8,0.9999468326568604
7303,1,1,0.9999840259552002
7304,5,5,0.9998376369476318
7305,6,6,0.999995231628418
7306,5,5,0.9999790191650391
7307,7,7,0.9992413520812988
7308,2,2,0.9999622106552124
7309,8,8,0.9985789060592651
7310,6,6,0.9999817609786987
7311,3,3,0.9999996423721313
7312,3,3,1.0
7313,8,8,0.9999997615814209
7314,6,6,0.9999960660934448
7315,5,5,0.9999563694000244
7316,4,4,0.9999873638153076
7317,0,0,0.9998917579650879
7318,9,9,0.999995231628418
7319,1,1,0.9998577833175659
7320,7,7,0.9985639452934265
7321,2,2,0.999998927116394
7322,9,9,0.9999911785125732
7323,1,1,0.9999815225601196
7324,5,5,0.9998980760574341
7325,1,1,0.9999721050262451
7326,3,3,0.9999982118606567
7327,2,2,0.9999451637268066
7328,2,2,0.9999892711639404
7329,3,3,0.9999819993972778
7330,0,0,0.9999885559082031
7331,6,6,0.9999456405639648
7332,4,4,0.9981275200843811
7333,3,3,0.9655202627182007
7334,7,7,0.9998550415039062
7335,6,6,0.9998972415924072
7336,9,9,0.999976634979248
7337,0,0,0.9978641867637634
7338,4,4,0.9852274656295776
7339,8,8,0.9998762607574463
7340,1,1,0.9999816417694092
7341,4,4,0.9999998807907104
7342,0,0,0.999995231628418
7343,6,6,0.9999492168426514
7344,1,1,0.9999130964279175
7345,2,2,0.9861895442008972
7346,6,6,0.9999992847442627
7347,9,9,0.9999986886978149
7348,2,2,0.9933606386184692
7349,2,2,0.9998177886009216
7350,3,3,0.9999288320541382
7351,5,5,0.9999822378158569
7352,5,5,0.9999703168869019
7353,1,1,0.9999830722808838
7354,0,0,0.9938370585441589
7355,7,7,0.9999886751174927
7356,7,7,0.9981245398521423
7357,9,9,0.9998775720596313
7358,6,6,0.9999843835830688
7359,2,2,0.99828040599823
7360,9,9,0.9999971389770508
7361,4,4,0.9997512698173523
7362,7,7,0.9999861717224121
7363,0,0,0.999824583530426
7364,2,2,0.9999761581420898
7365,3,3,0.9999997615814209
7366,4,4,0.9999980926513672
7367,0,0,0.9999748468399048
7368,0,0,0.9999898672103882
7369,8,8,0.9999986886978149
7370,8,8,0.9986914992332458
7371,8,8,0.9999958276748657
7372,5,5,0.999962329864502
7373,1,1,0.9996920824050903
7374,3,3,0.9999977350234985
7375,7,7,0.999609649181366
7376,4,4,0.9999505281448364
7377,9,9,0.9995160102844238
7378,8,8,0.9999105930328369
7379,8,8,0.9996755123138428
7380,9,9,0.999916672706604
7381,0,0,0.9983813762664795
7382,9,9,0.9999066591262817
7383,8,8,0.9999995231628418
7384,9,9,0.9988012313842773
7385,0,0,0.9999192953109741
7386,2,2,0.9998571872711182
7387,6,6,0.9997444748878479
7388,5,5,0.9993366599082947
7389,6,6,0.999981164932251
7390,7,7,0.9995489716529846
7391,4,4,0.9996978044509888
7392,7,7,0.984970211982727
7393,5,5,0.9999974966049194
7394,4,4,0.9956713914871216
7395,1,1,0.9994251728057861
7396,3,3,0.999950647354126
7397,5,5,0.9999767541885376
7398,3,3,0.9999550580978394
7399,1,1,0.9999936819076538
7400,2,2,0.9995973706245422
7401,3,3,0.9995842576026917
7402,4,4,0.9999396800994873
7403,5,5,0.9984075427055359
7404,6,6,0.9985023736953735
7405,1,1,0.9997121691703796
7406,2,2,0.9999810457229614
7407,3,3,0.999976634979248
7408,4,4,0.9999356269836426
7409,6,6,0.9999967813491821
7410,0,0,0.9998893737792969
7411,1,1,0.9999551773071289
7412,2,2,0.9999990463256836
7413,4,4,0.9998503923416138
7414,5,5,0.9999995231628418
7415,6,6,0.9999444484710693
7416,7,7,0.9996724128723145
7417,8,8,0.9999321699142456
7418,1,1,0.9999560117721558
7419,7,7,0.9998695850372314
7420,2,2,0.999126136302948
7421,4,4,0.9998286962509155
7422,1,1,0.9997859597206116
7423,4,4,0.9934038519859314
7424,1,1,0.9999728202819824
7425,4,4,0.9998472929000854
7426,9,9,0.997329831123352
7427,6,6,0.9981604218482971
7428,8,8,0.9999921321868896
7429,4,4,0.9999382495880127
7430,5,5,0.9986679553985596
7431,3,3,0.9999628067016602
7432,7,7,0.9753398299217224
7433,8,8,0.9988464117050171
7434,4,4,0.40590986609458923
7435,3,3,0.9999994039535522
7436,3,3,0.9999966621398926
7437,5,5,0.9903371334075928
7438,6,6,0.9994391798973083
7439,7,7,0.9998506307601929
7440,0,0,0.9992617964744568
7441,6,6,0.9487625956535339
7442,1,1,0.9999786615371704
7443,6,6,0.9992802739143372
7444,8,8,0.9988073110580444
7445,7,7,0.9934723377227783
7446,0,0,0.9961370825767517
7447,1,1,0.9885756373405457
7448,5,5,0.9999864101409912
7449,0,0,0.9997730851173401
7450,8,8,0.9996895790100098
7451,5,5,0.9497398138046265
7452,0,0,0.999806821346283
7453,1,1,0.999958872795105
7454,5,5,0.9999359846115112
7455,8,8,0.9998183846473694
7456,4,4,0.9998613595962524
7457,2,2,0.9989142417907715
7458,3,3,0.9999997615814209
7459,9,9,0.9942504167556763
7460,7,7,0.9998862743377686
7461,6,6,0.9893288016319275
7462,9,9,0.999823272228241
7463,1,1,0.9997084736824036
7464,9,9,0.9999572038650513
7465,0,0,0.9989199638366699
7466,6,6,0.9998332262039185
7467,7,7,0.9999886751174927
7468,1,1,0.99957674741745
7469,2,2,0.9990334510803223
7470,3,3,0.9999998807907104
7471,9,9,0.9983428716659546
7472,2,2,0.9291310906410217
7473,4,4,0.9629198312759399
7474,5,5,0.9999983310699463
7475,5,5,0.9999955892562866
7476,3,3,0.8892143368721008
7477,7,7,0.9998167157173157
7478,5,5,0.999782383441925
7479,3,3,0.9966642260551453
7480,1,1,0.9999797344207764
7481,8,8,0.9974257349967957
7482,2,2,0.9997010231018066
7483,2,2,0.996220052242279
7484,3,3,0.9996161460876465
7485,0,0,0.9995405673980713
7486,2,2,0.999659538269043
7487,9,9,0.9996241331100464
7488,4,4,0.9997740387916565
7489,9,9,0.9998413324356079
7490,7,7,0.999859094619751
7491,0,0,0.933948814868927
7492,2,2,0.8916701674461365
7493,7,7,0.9998695850372314
7494,4,4,0.9998233914375305
7495,9,9,0.998968243598938
7496,9,9,0.9997699856758118
7497,2,2,0.9999603033065796
7498,5,5,0.9990503191947937
7499,9,9,0.9993632435798645
7500,8,8,0.9999444484710693
7501,3,3,0.9999964237213135
7502,8,8,0.9999692440032959
7503,6,6,0.9896038770675659
7504,7,7,0.9997988343238831
7505,0,0,0.9955927729606628
7506,0,0,0.9999960660934448
7507,1,1,0.9999498128890991
7508,2,2,0.9999759197235107
7509,3,3,0.9999386072158813
7510,4,4,0.9999991655349731
7511,5,5,0.9892712831497192
7512,6,6,0.9999948740005493
7513,7,7,0.9999185800552368
7514,8,8,0.994060218334198
7515,9,9,0.9999812841415405
7516,0,0,0.9999279975891113
7517,1,1,0.999955415725708
7518,2,2,0.9997554421424866
7519,3,3,0.9996755123138428
7520,4,4,0.9999990463256836
7521,5,5,0.9999254941940308
7522,6,6,0.999931812286377
7523,7,7,0.9990580677986145
7524,8,8,0.9960170388221741
7525,9,9,0.9994474053382874
7526,0,0,0.9998420476913452
7527,1,1,0.9987279772758484
7528,2,2,0.9995933175086975
7529,3,3,0.9997367262840271
7530,4,4,0.9998123049736023
7531,5,5,0.9999887943267822
7532,6,6,0.9999459981918335
7533,7,7,0.9991844296455383
7534,8,8,0.9986391663551331
7535,9,9,0.9995942711830139
7536,0,0,0.9999552965164185
7537,0,0,0.9999897480010986
7538,7,7,0.9786367416381836
7539,2,2,0.97869873046875
7540,6,6,0.9999010562896729
7541,5,5,0.9964237809181213
7542,5,5,0.999955415725708
7543,3,3,0.9999996423721313
7544,7,7,0.9981487989425659
7545,8,8,0.9919021725654602
7546,6,6,0.9999399185180664
7547,6,6,0.9999873638153076
7548,6,6,0.999934196472168
7549,6,6,0.9999436140060425
7550,4,4,0.999991774559021
7551,3,3,0.9996447563171387
7552,8,8,0.9967145919799805
7553,8,8,0.9973052740097046
7554,3,3,0.9999768733978271
7555,0,0,0.9998214840888977
7556,1,1,0.999010443687439
7557,9,9,0.9999847412109375
7558,0,0,0.9914799928665161
7559,5,5,0.9999240636825562
7560,4,4,0.9992720484733582
7561,1,1,0.9997987151145935
7562,9,9,0.999862790107727
7563,1,1,0.999971866607666
7564,2,2,0.9999902248382568
7565,7,7,0.9542160630226135
7566,0,0,0.9999088048934937
7567,1,1,0.9999052286148071
7568,3,3,0.9989914298057556
7569,8,8,0.9997721314430237
7570,2,2,0.9999508857727051
7571,9,9,0.9999666213989258
7572,2,2,0.999698281288147
7573,7,7,0.9704711437225342
7574,4,4,0.9947546720504761
7575,2,2,0.9997701048851013
7576,6,6,0.9999904632568359
7577,5,5,0.9999977350234985
7578,5,5,0.9995768666267395
7579,9,9,0.9986351132392883
7580,9,9,0.9973299503326416
7581,1,1,0.9999912977218628
7582,1,1,0.999882698059082
7583,5,5,0.999932050704956
7584,7,7,0.9946105480194092
7585,6,6,0.9999885559082031
7586,8,8,0.9999701976776123
7587,2,2,0.9988449811935425
7588,9,9,0.9995802044868469
7589,4,4,0.9999996423721313
7590,3,3,0.9999957084655762
7591,1,1,0.9999629259109497
7592,9,9,0.999483585357666
7593,0,0,0.9999866485595703
7594,9,9,0.9999711513519287
7595,3,3,0.947890043258667
7596,6,6,0.9999892711639404
7597,8,8,0.9991148114204407
7598,7,7,0.9999902248382568
7599,0,0,0.999854564666748
7600,1,1,0.9999914169311523
7601,0,0,0.9999538660049438
7602,5,5,0.9999488592147827
7603,8,8,0.9981574416160583
7604,2,2,0.9992372989654541
7605,7,7,0.9928048253059387
7606,7,7,0.9946432113647461
7607,0,0,0.9999988079071045
7608,1,1,0.99954754114151
7609,2,2,0.9999943971633911
7610,3,3,0.999981164932251
7611,4,4,0.9999982118606567
7612,5,5,0.99991774559021
7613,6,6,0.9999825954437256
7614,7,7,1.0
7615,8,8,0.9999995231628418
7616,9,9,0.999950647354126
7617,0,0,1.0
7618,1,1,0.9999654293060303
7619,2,2,0.9456926584243774
7620,3,3,0.9999676942825317
7621,4,4,0.9999943971633911
7622,5,5,0.9999970197677612
7623,8,8,0.9999998807907104
7624,9,9,0.9999953508377075
7625,0,0,0.9999932050704956
7626,1,1,0.9999943971633911
7627,2,2,0.9987221360206604
7628,3,3,0.9999985694885254
7629,4,4,0.9999837875366211
7630,5,5,0.9990482926368713
7631,6,6,0.999546229839325
7632,7,7,0.9999960660934448
7633,8,8,0.9999973773956299
7634,9,9,0.9998925924301147
7635,2,2,0.9997513890266418
7636,1,1,0.9994776844978333
7637,2,2,0.9817424416542053
7638,1,1,0.9997596144676208
7639,3,3,0.9999454021453857
7640,9,9,0.9999513626098633
7641,9,9,0.9988804459571838
7642,8,8,0.999954104423523
7643,5,5,0.9999027252197266
7644,3,3,0.9999481439590454
7645,7,7,0.9999958276748657
7646,0,0,0.9999958276748657
7647,7,7,0.999990701675415
7648,7,7,0.99991774559021
7649,5,5,0.9985187649726868
7650,7,7,0.9999871253967285
7651,9,9,0.9884810447692871
7652,9,9,0.9999080896377563
7653,4,4,0.9999332427978516
7654,7,7,0.9999455213546753
7655,0,0,0.9999984502792358
7656,3,3,0.9999430179595947
7657,4,4,0.99891197681427
7658,1,1,0.999977707862854
7659,5,5,0.9999972581863403
7660,8,8,0.9999853372573853
7661,1,1,0.9999735355377197
7662,4,4,0.9999983310699463
7663,8,8,0.9999997615814209
7664,4,4,0.9999628067016602
7665,1,1,0.9999243021011353
7666,8,8,0.9999998807907104
7667,6,6,0.9999901056289673
7668,6,6,0.9999110698699951
7669,4,4,0.999994158744812
7670,6,6,0.9999772310256958
7671,0,0,0.9929074048995972
7672,5,5,0.9987867474555969
7673,5,5,0.9994624257087708
7674,3,3,0.9999996423721313
7675,3,3,0.9999862909317017
7676,5,5,0.999774158000946
7677,7,7,0.9999898672103882
7678,2,2,0.9999924898147583
7679,5,5,0.9853019118309021
7680,9,9,0.9997686743736267
7681,6,6,0.9999954700469971
7682,9,9,0.9999880790710449
7683,2,2,0.993436872959137
7684,6,6,0.9999982118606567
7685,2,2,0.9999967813491821
7686,1,1,0.9999163150787354
7687,2,2,0.9996988773345947
7688,0,0,0.9999995231628418
7689,8,8,0.9975032210350037
7690,3,3,0.9999986886978149
7691,8,8,0.9992844462394714
7692,3,3,0.9997478127479553
7693,0,0,0.9999997615814209
7694,8,8,0.999876856803894
7695,7,7,0.9999984502792358
7696,4,4,0.9999978542327881
7697,9,9,0.9993435740470886
7698,5,5,0.9973680377006531
7699,0,0,0.9999995231628418
7700,9,9,0.9998952150344849
7701,7,7,0.999963641166687
7702,0,0,0.9997237324714661
7703,0,0,0.999995231628418
7704,4,4,0.9999868869781494
7705,6,6,0.9999936819076538
7706,0,0,0.9999902248382568
7707,9,9,0.9999254941940308
7708,1,1,0.999915599822998
7709,6,6,0.9999983310699463
7710,2,2,0.9999301433563232
7711,7,7,0.9999604225158691
7712,6,6,0.9999775886535645
7713,8,8,0.9998840093612671
7714,3,3,0.9999991655349731
7715,5,5,0.9999932050704956
7716,2,2,0.9999995231628418
7717,1,1,0.9999932050704956
7718,8,8,0.9999547004699707
7719,3,3,0.9999955892562866
7720,8,8,0.9979828596115112
7721,6,6,0.9999673366546631
7722,1,1,0.9999270439147949
7723,0,0,0.9999995231628418
7724,2,2,0.9945598244667053
7725,1,1,0.9999406337738037
7726,4,4,0.9999940395355225
7727,0,0,0.9999923706054688
7728,1,1,0.9990703463554382
7729,2,2,0.9998313188552856
7730,3,3,0.9995891451835632
7731,4,4,0.9999926090240479
7732,5,5,0.8976650238037109
7733,6,6,0.9990376234054565
7734,7,7,0.9769880771636963
7735,8,8,0.9952291250228882
7736,9,9,0.9376121759414673
7737,0,0,0.9999959468841553
7738,1,1,0.9999005794525146
7739,2,2,0.9998849630355835
7740,3,3,0.9999998807907104
7741,4,4,0.9999889135360718
7742,5,5,0.9999909400939941
7743,6,6,0.9993898868560791
7744,7,7,0.9998180270195007
7745,8,8,0.9999973773956299
7746,9,9,0.9998886585235596
7747,0,0,0.9999830722808838
7748,1,1,0.9997599720954895
7749,2,2,0.999815046787262
7750,3,3,0.9999997615814209
7751,4,4,1.0
7752,5,5,0.999998927116394
7753,6,6,0.9999938011169434
7754,7,7,0.9999021291732788
7755,8,8,0.9999750852584839
7756,9,9,0.9996731281280518
7757,7,7,0.9988177418708801
7758,6,6,0.9999953508377075
7759,4,4,0.999998927116394
7760,7,7,0.9986240863800049
7761,6,6,0.9999997615814209
7762,2,2,0.9999915361404419
7763,3,3,0.9999948740005493
7764,4,4,0.9999409914016724
7765,8,8,0.9999825954437256
7766,7,7,0.9992824196815491
7767,8,8,0.9999943971633911
7768,6,6,0.9999819993972778
7769,9,9,0.9999833106994629
7770,8,8,0.9999687671661377
7771,3,3,0.9999997615814209
7772,2,2,0.9999897480010986
7773,2,2,0.999811589717865
7774,8,8,0.9988226294517517
7775,4,4,0.9999936819076538
7776,8,8,0.9999979734420776
7777,5,5,0.9995672106742859
7778,6,6,0.9999986886978149
7779,5,5,0.9991336464881897
7780,0,0,0.9999974966049194
7781,2,2,0.9998531341552734
7782,0,0,0.9999498128890991
7783,1,1,0.9898928999900818
7784,1,1,0.9999257326126099
7785,2,2,0.9999831914901733
7786,9,9,0.9999397993087769
7787,6,6,0.9999994039535522
7788,8,8,0.9987099170684814
7789,2,2,0.9999610185623169
7790,1,1,0.9967024922370911
7791,0,0,0.9999955892562866
7792,6,6,0.9999996423721313
7793,5,5,0.9999816417694092
7794,2,2,0.9999518394470215
7795,9,9,0.9999630451202393
7796,7,7,0.9998810291290283
7797,5,5,0.9525622725486755
7798,3,3,0.9998965263366699
7799,9,9,0.9996770620346069
7800,3,3,0.80763840675354
7801,7,7,0.9995799660682678
7802,1,1,0.997226893901825
7803,8,8,0.994304358959198
7804,3,3,0.9999794960021973
7805,8,8,0.9999964237213135
7806,1,1,0.9972323775291443
7807,9,9,0.9999696016311646
7808,5,5,0.9999868869781494
7809,5,5,0.9999924898147583
7810,0,0,0.9999841451644897
7811,1,1,0.9998335838317871
7812,1,1,0.9812530875205994
7813,9,9,0.9981198906898499
7814,8,8,0.999998927116394
7815,2,2,0.9998687505722046
7816,6,6,0.999997615814209
7817,0,0,0.9999971389770508
7818,4,4,0.9999998807907104
7819,5,5,0.99998939037323
7820,0,0,0.9999946355819702
7821,3,3,0.9593362808227539
7822,1,1,0.9751059412956238
7823,8,8,0.9905334711074829
7824,6,6,0.9999923706054688
7825,7,7,0.9994408488273621
7826,5,5,0.999956488609314
7827,9,9,0.9999992847442627
7828,9,9,0.9999450445175171
7829,3,3,0.9999827146530151
7830,0,0,0.9999532699584961
7831,3,3,0.9999860525131226
7832,1,1,0.9999735355377197
7833,4,4,1.0
7834,4,4,0.9999877214431763
7835,0,0,0.9999923706054688
7836,4,4,0.9999998807907104
7837,9,9,0.999409556388855
7838,0,0,0.9997562766075134
7839,1,1,0.9880430698394775
7840,2,2,0.9996609687805176
7841,3,3,0.9970048069953918
7842,5,8,0.6674515604972839
7843,6,6,0.9971108436584473
7844,7,7,0.9609648585319519
7845,8,8,0.9991957545280457
7846,0,0,0.9999721050262451
7847,1,1,0.8809290528297424
7848,2,2,0.999885082244873
7849,3,3,0.9821073412895203
7850,5,5,0.7652182579040527
7851,6,6,0.954235851764679
7852,7,7,0.9803280234336853
7853,8,8,0.9982214570045471
7854,9,9,0.9992755055427551
7855,0,0,0.9999523162841797
7856,1,1,0.9458253979682922
7857,2,2,0.9987202882766724
7858,3,3,0.9965764880180359
7859,5,5,0.9984560012817383
7860,6,6,0.9828289151191711
7861,7,7,0.992207944393158
7862,8,8,0.9985443353652954
7863,9,9,0.9991920590400696
7864,9,9,0.9999841451644897
7865,7,7,0.9641376733779907
7866,0,0,0.9996863603591919
7867,9,9,0.9999706745147705
7868,0,0,0.9993677735328674
7869,1,1,0.9997735619544983
7870,5,5,0.9996569156646729
7871,8,8,0.9999876022338867
7872,8,8,0.9999452829360962
7873,0,0,0.999976396560669
7874,9,9,0.9996839761734009
7875,3,3,0.9992238283157349
7876,2,2,0.9999576807022095
7877,7,7,0.9815201163291931
7878,8,8,0.9999951124191284
7879,4,4,1.0
7880,6,6,0.9999003410339355
7881,1,1,0.9999843835830688
7882,0,0,0.9999631643295288
7883,4,4,0.9999977350234985
7884,9,9,0.9998728036880493
7885,4,4,0.9999997615814209
7886,2,2,0.938254714012146
7887,0,0,0.9995335340499878
7888,5,5,0.9999712705612183
7889,0,0,0.9999812841415405
7890,1,1,0.9999616146087646
7891,6,6,0.9995934367179871
7892,9,9,0.9999126195907593
7893,3,3,0.9973672032356262
7894,2,2,0.9972088932991028
7895,9,9,0.9996800422668457
7896,1,1,0.9998099207878113
7897,6,6,0.9984279870986938
7898,0,0,0.9968960285186768
7899,1,1,0.9753397107124329
7900,1,1,0.9970293045043945
7901,8,8,0.9999911785125732
7902,7,9,0.843107283115387
7903,7,7,0.9857375621795654
7904,6,6,0.9997455477714539
7905,3,3,0.8965248465538025
7906,6,6,0.9996685981750488
7907,0,0,0.9995135068893433
7908,7,7,0.9952269792556763
7909,2,2,0.9989885687828064
7910,4,4,0.9999760389328003
7911,1,1,0.9996247291564941
7912,7,7,0.9618676900863647
7913,0,0,0.9998041987419128
7914,6,6,0.9913496971130371
7915,7,9,0.4585133492946625
7916,1,1,0.9876584410667419
7917,2,2,0.9214540719985962
7918,5,5,0.9973180890083313
7919,8,8,0.9995443224906921
7920,1,1,0.9888127446174622
7921,8,8,0.9949620962142944
7922,2,2,0.9996738433837891
7923,8,8,0.999739944934845
7924,7,7,0.9616830348968506
7925,6,6,0.991546094417572
7926,8,8,0.9999828338623047
7927,7,7,0.7037463188171387
7928,1,1,0.9736651182174683
7929,6,6,0.9988265633583069
7930,2,2,0.9996547698974609
7931,9,9,0.9999560117721558
7932,3,3,0.9999657869338989
7933,0,0,0.9999308586120605
7934,1,1,0.9816732406616211
7935,2,2,0.9999779462814331
7936,3,3,0.9999992847442627
7937,4,4,0.9999921321868896
7938,5,5,0.9999896287918091
7939,6,6,0.9999858140945435
7940,7,7,0.9999544620513916
7941,8,8,0.9999961853027344
7942,9,9,0.9999760389328003
7943,0,0,0.999872088432312
7944,1,1,0.9995349645614624
7945,2,2,0.9995597004890442
7946,3,3,0.9996241331100464
7947,4,4,0.9999955892562866
7948,5,5,0.9995245933532715
7949,6,6,0.9999488592147827
7950,7,7,0.999839186668396
7951,8,8,0.9998270869255066
7952,9,9,0.999667763710022
7953,0,0,0.9999998807907104
7954,1,1,0.9994974136352539
7955,2,2,0.9998200535774231
7956,3,3,1.0
7957,4,4,0.9999977350234985
7958,5,5,0.999998927116394
7959,6,6,0.9999984502792358
7960,7,7,0.9999701976776123
7961,8,8,0.999991774559021
7962,9,9,0.9999834299087524
7963,8,8,0.9999921321868896
7964,9,9,0.999058187007904
7965,5,5,0.9999998807907104
7966,7,7,0.9998526573181152
7967,0,0,0.9999990463256836
7968,3,3,1.0
7969,1,1,0.9999740123748779
7970,6,6,0.9999721050262451
7971,8,8,0.6835643649101257
7972,4,4,0.9999994039535522
7973,1,1,0.9997544884681702
7974,5,5,0.9999995231628418
7975,6,6,0.9997062087059021
7976,4,4,0.9999910593032837
7977,2,2,0.9999964237213135
7978,7,7,0.9945623278617859
7979,8,8,0.9999862909317017
7980,1,1,0.9999232292175293
7981,3,3,1.0
7982,4,4,0.9995005130767822
7983,3,3,0.9998279809951782
7984,4,4,0.9999771118164062
7985,7,7,0.9923147559165955
7986,2,2,0.9996743202209473
7987,0,0,0.9998624324798584
7988,5,5,0.9999951124191284
7989,0,0,0.9999574422836304
7990,1,1,0.9278619885444641
7991,9,9,0.9732267260551453
7992,2,2,0.9999985694885254
7993,3,3,0.9999995231628418
7994,2,2,0.9997847676277161
7995,3,3,1.0
7996,5,5,0.9999611377716064
7997,5,5,0.9999961853027344
7998,7,7,0.999767005443573
7999,8,8,0.9993162155151367
8000,4,4,0.9991492033004761
8001,9,9,0.9999970197677612
8002,9,9,0.9999600648880005
8003,7,7,0.9998892545700073
8004,1,1,0.9969179630279541
8005,1,1,0.9999830722808838
8006,9,9,0.9999678134918213
8007,0,0,0.9999781847000122
8008,7,7,0.9986648559570312
8009,8,8,0.9999995231628418
8010,3,3,0.9982510209083557
8011,4,4,0.999816358089447
8012,8,8,0.9997345805168152
8013,6,6,0.9999932050704956
8014,3,3,0.9999994039535522
8015,8,8,0.9999823570251465
8016,0,0,0.9922494888305664
8017,9,9,0.9999982118606567
8018,6,6,0.9999978542327881
8019,2,2,0.9996030926704407
8020,1,1,0.9959075450897217
8021,0,0,0.9999394416809082
8022,1,1,0.9952865839004517
8023,0,0,0.9999375343322754
8024,6,6,0.9999420642852783
8025,2,2,0.9999997615814209
8026,3,3,1.0
8027,8,8,0.9999991655349731
8028,9,9,0.9994053840637207
8029,0,0,0.9998742341995239
8030,7,7,0.9973334074020386
8031,2,2,0.9995325803756714
8032,3,3,0.9999982118606567
8033,4,4,0.9999974966049194
8034,5,5,0.999982476234436
8035,5,5,0.999914288520813
8036,2,2,0.9999740123748779
8037,8,8,0.9999674558639526
8038,5,5,0.9996823072433472
8039,4,4,0.9999912977218628
8040,6,6,0.9999979734420776
8041,6,6,0.9999938011169434
8042,6,6,0.9999899864196777
8043,7,7,0.9995501637458801
8044,9,9,0.9989664554595947
8045,1,1,0.9992445707321167
8046,8,8,0.999987006187439
8047,2,2,0.9936627149581909
8048,1,1,0.9998326301574707
8049,5,5,0.9999381303787231
8050,3,3,0.9943214654922485
8051,4,4,0.9999948740005493
8052,7,7,0.999963641166687
8053,9,9,0.9999924898147583
8054,4,4,1.0
8055,0,0,0.9993288516998291
8056,0,0,0.9999774694442749
8057,0,0,0.9992903470993042
8058,1,1,0.9996738433837891
8059,2,2,0.8950713872909546
8060,3,3,0.9999262094497681
8061,4,4,0.7512915134429932
8062,5,5,0.9294731020927429
8063,6,6,0.998381495475769
8064,7,7,0.9986984729766846
8065,8,8,0.9881138205528259
8066,9,9,0.999178946018219
8067,0,0,0.999996542930603
8068,1,1,0.9994933605194092
8069,2,2,0.9689716100692749
8070,3,3,1.0
8071,4,4,0.9839248657226562
8072,5,5,0.9999880790710449
8073,6,6,0.9997684359550476
8074,7,7,0.998026430606842
8075,8,8,0.9980974793434143
8076,9,9,0.9992832541465759
8077,0,0,0.9997996687889099
8078,1,1,0.9997544884681702
8079,2,2,0.9773415923118591
8080,3,3,1.0
8081,4,4,0.8727751970291138
8082,5,5,0.9999771118164062
8083,6,6,0.9999748468399048
8084,9,9,0.9998214840888977
8085,0,0,0.9999927282333374
8086,1,1,0.9996898174285889
8087,3,3,0.9999959468841553
8088,1,1,0.9983246922492981
8089,5,5,0.9999947547912598
8090,1,1,0.9996851682662964
8091,2,2,0.8910336494445801
8092,4,4,0.9913284182548523
8093,9,9,0.997438907623291
8094,2,8,0.7920603156089783
8095,4,4,0.9163843393325806
8096,6,6,0.999679684638977
8097,8,8,0.9544103145599365
8098,0,0,0.9999943971633911
8099,1,1,0.9998577833175659
8100,1,1,0.9999080896377563
8101,9,9,0.9998140931129456
8102,2,2,0.9944362640380859
8103,6,6,0.9997085928916931
8104,6,6,0.9933350086212158
8105,8,8,0.9925057291984558
8106,7,7,0.9943418502807617
8107,4,4,0.9820851683616638
8108,2,2,0.9998995065689087
8109,9,9,0.9974155426025391
8110,7,7,0.9945794343948364
8111,0,0,0.9999895095825195
8112,2,2,0.9971871972084045
8113,1,1,0.9999333620071411
8114,0,0,0.9999847412109375
8115,3,3,0.9100372791290283
8116,6,6,0.9998250603675842
8117,0,0,0.9999998807907104
8118,1,1,0.9999761581420898
8119,2,2,0.9991299510002136
8120,3,3,0.9999995231628418
8121,4,4,0.9999942779541016
8122,5,5,0.9999994039535522
8123,6,6,0.9997857213020325
8124,7,7,0.9999943971633911
8125,8,8,0.9999963045120239
8126,9,9,0.9999781847000122
8127,0,0,1.0
8128,1,1,0.928999662399292
8129,2,2,0.9999885559082031
8130,3,3,0.999998927116394
8131,4,4,0.999998927116394
8132,5,5,0.9999991655349731
8133,6,6,0.9999593496322632
8134,7,7,0.9999748468399048
8135,8,8,0.9999948740005493
8136,9,9,0.999906063079834
8137,0,0,0.9999929666519165
8138,1,1,0.9999661445617676
8139,2,2,0.9999061822891235
8140,3,3,0.9999998807907104
8141,4,4,0.9999880790710449
8142,5,5,0.999813973903656
8143,6,6,0.9939488172531128
8144,7,7,0.9997941851615906
8145,8,8,0.9999994039535522
8146,9,9,0.9995991587638855
8147,8,8,0.999991774559021
8148,6,6,0.9996902942657471
8149,5,5,0.9999313354492188
8150,9,9,0.9999679327011108
8151,7,7,0.999734103679657
8152,0,0,0.9999998807907104
8153,2,2,0.9999719858169556
8154,3,3,0.9999916553497314
8155,4,4,0.9999945163726807
8156,3,3,0.9999788999557495
8157,8,8,0.9999997615814209
8158,5,5,0.9999938011169434
8159,1,1,0.9998703002929688
8160,5,5,0.9961779117584229
8161,2,2,0.9999940395355225
8162,3,3,1.0
8163,0,0,0.9999829530715942
8164,1,1,0.9990800619125366
8165,2,2,0.99623703956604
8166,1,1,0.9998692274093628
8167,3,3,1.0
8168,2,2,0.9997877478599548
8169,6,6,0.9999903440475464
8170,5,5,0.9999256134033203
8171,3,3,0.9997162222862244
8172,0,0,0.9999942779541016
8173,7,7,0.9997990727424622
8174,2,2,0.9999083280563354
8175,7,7,0.9999769926071167
8176,4,4,1.0
8177,6,6,0.999962329864502
8178,4,4,0.9999821186065674
8179,0,0,0.9999997615814209
8180,5,5,0.9999923706054688
8181,9,9,0.9996711015701294
8182,9,9,0.9989253878593445
8183,8,8,0.9959166646003723
8184,9,9,0.9998052716255188
8185,5,5,0.9999004602432251
8186,3,3,0.9999998807907104
8187,1,1,0.9997544884681702
8188,7,7,0.9979860782623291
8189,4,4,0.9999998807907104
8190,7,7,0.9999736547470093
8191,6,6,0.9990369081497192
8192,5,5,0.9999933242797852
8193,4,4,0.9995074272155762
8194,0,0,0.999535083770752
8195,0,0,0.9999970197677612
8196,6,6,0.9990333318710327
8197,6,6,0.9996151924133301
8198,2,2,0.9897140264511108
8199,0,0,0.9999836683273315
8200,6,6,0.9999802112579346
8201,3,3,0.9999963045120239
8202,7,7,0.9984610080718994
8203,7,7,0.9991744160652161
8204,4,4,0.9996849298477173
8205,4,4,0.9987033605575562
8206,3,3,1.0
8207,9,9,0.9999737739562988
8208,2,2,0.9998677968978882
8209,8,8,0.9999855756759644
8210,9,9,0.9999642372131348
8211,6,6,0.9999947547912598
8212,0,0,0.9993202686309814
8213,9,9,0.9998225569725037
8214,5,5,0.9999985694885254
8215,3,3,0.9999994039535522
8216,8,8,0.9999955892562866
8217,8,8,0.9989017248153687
8218,7,7,0.9998928308486938
8219,1,1,0.9999922513961792
8220,4,4,0.9999996423721313
8221,0,0,0.9999940395355225
8222,4,4,0.9999996423721313
8223,8,8,0.9999996423721313
8224,5,5,0.9999994039535522
8225,2,2,0.9999803304672241
8226,3,3,0.9999972581863403
8227,9,9,0.9999686479568481
8228,0,0,0.9917674660682678
8229,1,1,0.999516487121582
8230,9,9,0.9998284578323364
8231,1,1,0.9998016953468323
8232,5,5,0.9999591112136841
8233,1,1,0.9998639822006226
8234,7,7,0.9999170303344727
8235,4,4,0.9999842643737793
8236,8,8,0.9996827840805054
8237,6,6,0.9999780654907227
8238,2,2,0.9995993971824646
8239,1,1,0.9999651908874512
8240,6,6,0.9998773336410522
8241,8,8,0.9998500347137451
8242,8,8,0.9999802112579346
8243,0,0,0.9909160733222961
8244,1,1,0.9987642765045166
8245,2,2,0.9985705614089966
8246,3,3,0.677009642124176
8247,4,4,0.9998611211776733
8248,7,7,0.9999511241912842
8249,8,8,0.9999980926513672
8250,9,9,0.999943733215332
8251,0,0,0.999819815158844
8252,1,1,0.999826967716217
8253,2,2,0.9981552958488464
8254,3,3,0.9997267127037048
8255,4,4,0.983656644821167
8256,6,6,0.9996918439865112
8257,7,7,0.9990335702896118
8258,8,8,0.9984618425369263
8259,9,9,0.9972655773162842
8260,0,0,0.9989853501319885
8261,1,1,0.9999692440032959
8262,2,2,0.9981114864349365
8263,3,3,0.999955415725708
8264,4,4,0.9999561309814453
8265,7,7,0.9992499947547913
8266,8,8,0.9999998807907104
8267,9,9,0.9997379183769226
8268,1,1,0.9985806941986084
8269,4,4,0.9999655485153198
8270,5,5,0.9992493987083435
8271,3,3,0.9999728202819824
8272,3,3,0.9997174143791199
8273,0,9,0.6644834876060486
8274,9,9,0.9999804496765137
8275,5,5,0.9971693158149719
8276,4,4,0.9999200105667114
8277,3,3,0.9941577911376953
8278,0,0,0.9348030090332031
8279,8,8,0.9925803542137146
8280,4,4,0.9999874830245972
8281,6,6,0.9997156262397766
8282,7,7,0.9985670447349548
8283,0,0,0.9993378520011902
8284,7,7,0.9999946355819702
8285,7,7,0.9999622106552124
8286,1,1,0.9998766183853149
8287,6,6,0.9901180863380432
8288,9,9,0.9990556836128235
8289,1,1,0.9999432563781738
8290,3,3,0.9918810725212097
8291,6,6,0.9992660880088806
8292,2,2,0.9993765950202942
8293,3,3,0.9995598196983337
8294,8,8,0.9999301433563232
8295,2,2,0.9998741149902344
8296,3,3,0.9968054294586182
8297,8,8,0.999919056892395
8298,9,9,0.9995582699775696
8299,5,5,0.9231331944465637
8300,8,8,0.9999996423721313
8301,8,8,0.9999796152114868
8302,7,7,0.9999547004699707
8303,1,1,0.9998158812522888
8304,7,7,0.9993898868560791
8305,1,1,0.9999045133590698
8306,1,1,0.9999116659164429
8307,0,0,0.9999886751174927
8308,3,3,0.999810516834259
8309,4,4,0.9998886585235596
8310,2,2,0.9999727010726929
8311,6,6,0.6022797226905823
8312,4,4,0.9999715089797974
8313,7,7,0.9998059868812561
8314,4,4,0.9999814033508301
8315,2,2,0.9994219541549683
8316,7,7,0.7001471519470215
8317,4,4,0.9887118339538574
8318,2,2,0.9993578791618347
8319,9,9,0.9998207688331604
8320,2,2,0.9995256662368774
8321,7,7,0.9999498128890991
8322,9,9,0.9933037161827087
8323,2,2,0.999853253364563
8324,1,1,0.9989306330680847
8325,0,0,0.8903073668479919
8326,6,6,0.9156193733215332
8327,5,5,0.9992151260375977
8328,3,3,0.9999998807907104
8329,4,4,0.9999790191650391
8330,8,8,0.9998435974121094
8331,5,5,0.9999903440475464
8332,9,9,0.9985677003860474
8333,6,6,0.9998573064804077
8334,9,9,0.9997153878211975
8335,0,0,0.9998040795326233
8336,6,6,0.9999454021453857
8337,3,3,0.9999806880950928
8338,0,0,0.9999983310699463
8339,8,8,0.9927049279212952
8340,1,1,0.9999833106994629
8341,6,6,0.9999949932098389
8342,0,0,0.9999163150787354
8343,0,0,0.999975323677063
8344,1,1,0.9998168349266052
8345,2,2,0.9999973773956299
8346,3,3,0.9999990463256836
8347,4,4,0.9996399879455566
8348,5,5,0.9999978542327881
8349,6,6,0.9993732571601868
8350,7,7,0.9997805953025818
8351,0,0,0.999642014503479
8352,1,1,0.9996930360794067
8353,2,2,0.9946416616439819
8354,3,3,0.9997004270553589
8355,4,4,0.9999954700469971
8356,7,7,0.9998937845230103
8357,8,8,0.9998400211334229
8358,9,9,0.9969797134399414
8359,0,0,0.9998935461044312
8360,1,1,0.99996018409729
8361,2,2,0.999437153339386
8362,3,3,0.9998078942298889
8363,4,4,0.9995916485786438
8364,7,7,0.9999957084655762
8365,2,2,1.0
8366,5,5,0.9999969005584717
8367,1,1,0.9996026158332825
8368,6,6,0.9999680519104004
8369,4,4,0.9999276399612427
8370,3,3,0.9999959468841553
8371,9,9,0.9999732971191406
8372,9,9,0.9995847344398499
8373,0,0,0.9997149109840393
8374,9,9,0.9853890538215637
8375,7,7,0.9891499876976013
8376,1,1,0.9994787573814392
8377,6,6,0.9992890357971191
8378,4,4,0.99980229139328
8379,3,3,0.9997426867485046
8380,6,6,0.999997615814209
8381,2,2,0.9998272061347961
8382,0,0,0.9785782098770142
8383,9,9,0.9993102550506592
8384,8,8,0.9999986886978149
8385,6,6,0.9999868869781494
8386,5,5,0.999994158744812
8387,7,7,0.9978207349777222
8388,0,0,0.9983561635017395
8389,0,0,0.9987508058547974
8390,1,1,0.9998855590820312
8391,7,7,0.9759844541549683
8392,4,4,0.9999985694885254
8393,3,3,0.9999967813491821
8394,2,2,0.9999871253967285
8395,4,4,0.9999983310699463
8396,1,1,0.999419093132019
8397,3,3,0.9869533181190491
8398,7,7,0.999806821346283
8399,6,6,0.9999977350234985
8400,4,4,0.9999911785125732
8401,7,7,0.9999904632568359
8402,7,7,0.9997836947441101
8403,7,7,0.9998050332069397
8404,9,9,0.9999637603759766
8405,8,8,0.9978206157684326
8406,4,9,0.5548903942108154
8407,3,3,0.9999773502349854
8408,8,8,0.47420307993888855
8409,2,2,0.9999911785125732
8410,8,8,0.9781212210655212
8411,3,3,0.9999985694885254
8412,5,5,0.9999861717224121
8413,8,8,0.999981164932251
8414,0,0,0.9999949932098389
8415,5,5,0.999993085861206
8416,4,4,0.9963687658309937
8417,7,7,0.9998689889907837
8418,1,1,0.9999489784240723
8419,3,3,0.999052107334137
8420,1,1,0.9999724626541138
8421,7,7,0.9999971389770508
8422,9,9,0.9997631907463074
8423,6,6,0.9999490976333618
8424,2,2,1.0
8425,0,0,0.9999903440475464
8426,9,9,0.9983863830566406
8427,1,1,0.9999895095825195
8428,7,7,0.9998435974121094
8429,3,3,0.9994935989379883
8430,3,3,0.9999186992645264
8431,9,9,0.9995265007019043
8432,1,1,0.999994158744812
8433,6,6,0.9999867677688599
8434,4,4,0.9999895095825195
8435,3,3,0.9997527003288269
8436,9,9,0.999980092048645
8437,8,8,0.9999957084655762
8438,2,2,0.9999994039535522
8439,1,1,0.9999245405197144
8440,8,8,0.9999866485595703
8441,6,6,0.9999674558639526
8442,4,4,0.9966861605644226
8443,1,1,0.9998946189880371
8444,5,5,0.9999195337295532
8445,5,5,0.9999985694885254
8446,6,6,0.9999958276748657
8447,5,5,1.0
8448,0,0,0.9999998807907104
8449,1,1,0.9999635219573975
8450,2,2,0.9999997615814209
8451,3,3,0.9999995231628418
8452,4,4,0.9997749924659729
8453,5,5,0.9921715259552002
8454,6,6,0.9999997615814209
8455,7,7,0.9999983310699463
8456,8,8,0.9877376556396484
8457,9,9,0.9999818801879883
8458,0,0,0.9999996423721313
8459,1,1,0.9993095397949219
8460,2,2,1.0
8461,3,3,0.9999998807907104
8462,4,4,0.9999964237213135
8463,5,5,0.9998685121536255
8464,6,6,0.9999879598617554
8465,7,7,0.9996776580810547
8466,8,8,0.9999850988388062
8467,9,9,0.9999982118606567
8468,0,0,0.9999994039535522
8469,1,1,0.9986779093742371
8470,2,2,0.9999897480010986
8471,3,3,1.0
8472,4,4,0.9957541227340698
8473,5,5,0.9999938011169434
8474,6,6,0.9999979734420776
8475,7,7,0.9999544620513916
8476,8,8,0.9997454285621643
8477,9,9,0.999992847442627
8478,6,6,0.9999030828475952
8479,9,9,0.9999840259552002
8480,7,7,0.9999825954437256
8481,0,0,0.9999451637268066
8482,2,2,0.9999992847442627
8483,3,3,0.9999997615814209
8484,4,4,0.9999972581863403
8485,3,3,0.9998365640640259
8486,8,8,0.9881220459938049
8487,5,5,0.999992847442627
8488,1,1,0.9991058707237244
8489,3,3,0.999977707862854
8490,0,0,0.9997512698173523
8491,1,1,0.9983235001564026
8492,2,2,0.9992945194244385
8493,1,1,0.9869073629379272
8494,3,3,0.9999904632568359
8495,2,2,0.9998620748519897
8496,0,0,0.9999507665634155
8497,7,7,0.9980472326278687
8498,2,2,0.9978565573692322
8499,6,6,0.9999923706054688
8500,4,4,1.0
8501,0,0,0.9998306035995483
8502,5,5,0.9983665347099304
8503,9,9,0.9998562335968018
8504,9,9,0.9982717037200928
8505,8,8,0.9998138546943665
8506,9,9,0.9999728202819824
8507,5,5,0.999714195728302
8508,3,3,0.9128118753433228
8509,1,1,0.9966741800308228
8510,7,7,0.9986306428909302
8511,4,4,0.9683319330215454
8512,7,7,0.9998928308486938
8513,0,0,0.999213457107544
8514,0,0,0.9996559619903564
8515,6,6,0.9991912245750427
8516,6,6,0.9999915361404419
8517,6,6,0.9999983310699463
8518,3,3,1.0
8519,7,7,0.9988223910331726
8520,4,9,0.8579798340797424
8521,2,2,0.9987209439277649
8522,8,8,0.9983123540878296
8523,9,9,0.9971120357513428
8524,8,8,0.9998036026954651
8525,7,7,0.9995458722114563
8526,1,1,0.9997528195381165
8527,4,9,0.5686538815498352
8528,0,0,0.9999988079071045
8529,4,4,0.9998835325241089
8530,8,8,0.988605797290802
8531,5,5,0.9999645948410034
8532,2,2,0.9999895095825195
8533,3,3,0.999998927116394
8534,9,9,0.9999902248382568
8535,0,0,0.9999972581863403
8536,1,1,0.9998874664306641
8537,9,9,0.9999947547912598
8538,1,1,0.9998199343681335
8539,5,5,0.9987462759017944
8540,1,1,0.9998908042907715
8541,7,7,0.9994319081306458
8542,6,6,0.9998250603675842
8543,1,1,0.9999234676361084
8544,2,2,0.9999891519546509
8545,1,1,0.9998583793640137
8546,6,6,0.9993625283241272
8547,8,8,0.9999916553497314
8548,0,0,0.9999990463256836
8549,1,1,0.9999669790267944
8550,2,2,0.9999598264694214
8551,3,3,0.9999998807907104
8552,4,4,0.9999938011169434
8553,5,5,0.9969183206558228
8554,6,6,0.999964714050293
8555,7,7,0.9999878406524658
8556,8,8,0.9999984502792358
8557,9,9,0.9999948740005493
8558,0,0,0.9998469352722168
8559,1,1,0.9999681711196899
8560,2,2,1.0
8561,3,3,0.9994997978210449
8562,4,4,0.9999703168869019
8563,5,5,0.9999959468841553
8564,6,6,0.9979395270347595
8565,7,7,0.9997891783714294
8566,8,8,0.9999985694885254
8567,0,0,0.9999997615814209
8568,1,1,0.9999901056289673
8569,2,2,0.9999985694885254
8570,3,3,0.9999995231628418
8571,5,5,0.9999953508377075
8572,6,6,0.9999629259109497
8573,7,7,0.9999905824661255
8574,8,8,0.9999943971633911
8575,1,1,0.9997993111610413
8576,0,0,0.9999922513961792
8577,4,4,0.9999241828918457
8578,5,5,0.9995793700218201
8579,6,6,0.9993758797645569
8580,6,6,0.9998855590820312
8581,3,3,0.9999966621398926
8582,4,4,0.9998607635498047
8583,4,4,0.9999887943267822
8584,2,2,0.993630588054657
8585,8,8,0.9999995231628418
8586,1,1,0.9999899864196777
8587,0,0,0.9999995231628418
8588,6,6,0.9996196031570435
8589,4,4,0.9999576807022095
8590,9,9,0.999995231628418
8591,7,7,0.9999960660934448
8592,2,2,1.0
8593,9,9,0.9998340606689453
8594,2,2,0.9999843835830688
8595,0,0,0.9999996423721313
8596,9,9,0.9999673366546631
8597,3,3,0.9999949932098389
8598,3,3,0.99998939037323
8599,9,9,0.9999936819076538
8600,1,1,0.9999740123748779
8601,5,5,0.9998410940170288
8602,2,2,0.9989757537841797
8603,3,3,0.9999948740005493
8604,1,1,0.9999346733093262
8605,6,6,0.9998406171798706
8606,7,7,0.9997518658638
8607,3,3,0.9594449996948242
8608,7,7,0.999970555305481
8609,8,8,0.9999994039535522
8610,4,4,0.9999964237213135
8611,0,0,0.9999676942825317
8612,2,2,0.9999997615814209
8613,4,4,0.9993033409118652
8614,0,0,0.9999948740005493
8615,2,2,0.9989332556724548
8616,4,4,0.9996757507324219
8617,7,7,0.9999737739562988
8618,8,8,0.999997615814209
8619,0,0,1.0
8620,7,7,0.9999532699584961
8621,0,0,0.9999542236328125
8622,6,6,0.9999196529388428
8623,9,9,0.9999227523803711
8624,3,3,0.9997743964195251
8625,2,2,0.9999998807907104
8626,4,4,0.9999970197677612
8627,8,8,0.9999995231628418
8628,6,6,0.9994387030601501
8629,0,0,0.9999959468841553
8630,5,5,0.9999970197677612
8631,7,7,0.9999873638153076
8632,5,5,0.9968306422233582
8633,1,1,0.9994284510612488
8634,0,0,0.9999759197235107
8635,8,8,0.999984622001648
8636,1,1,0.9999827146530151
8637,6,6,0.9979872703552246
8638,7,7,0.9999614953994751
8639,2,2,0.9996637105941772
8640,9,9,0.9999510049819946
8641,7,7,0.9999666213989258
8642,9,9,0.9999960660934448
8643,5,5,0.9999980926513672
8644,6,6,0.9997956156730652
8645,5,5,0.9999216794967651
8646,2,2,1.0
8647,6,6,0.9998095631599426
8648,2,2,0.9999998807907104
8649,8,8,0.9999957084655762
8650,1,1,0.9999072551727295
8651,7,7,0.9999686479568481
8652,5,5,0.9999904632568359
8653,5,5,0.9900876879692078
8654,7,7,0.9998742341995239
8655,3,3,0.9999982118606567
8656,5,5,0.9992768168449402
8657,0,0,1.0
8658,1,1,0.9999768733978271
8659,1,1,0.9999954700469971
8660,3,3,0.9999992847442627
8661,8,8,0.9999792575836182
8662,4,4,0.9999862909317017
8663,9,9,0.9999889135360718
8664,4,4,0.999995231628418
8665,5,5,0.999994158744812
8666,1,1,0.9998366832733154
8667,8,8,0.9999608993530273
8668,6,6,0.9999570846557617
8669,8,8,0.9999997615814209
8670,9,9,0.9999943971633911
8671,0,0,0.9999616146087646
8672,1,1,0.9999579191207886
8673,2,2,0.9999899864196777
8674,3,3,0.9999591112136841
8675,4,4,0.9999998807907104
8676,5,5,0.9999970197677612
8677,6,6,0.9999960660934448
8678,7,7,0.9980161190032959
8679,8,8,0.9999279975891113
8680,9,9,0.999998927116394
8681,0,0,0.9996762275695801
8682,1,1,0.9999785423278809
8683,2,2,0.9999974966049194
8684,3,3,0.9999885559082031
8685,4,4,1.0
8686,5,5,0.999508261680603
8687,6,6,0.9999791383743286
8688,7,7,0.9999170303344727
8689,8,8,0.9999977350234985
8690,9,9,0.9999791383743286
8691,0,0,0.9997546076774597
8692,1,1,0.999972939491272
8693,2,2,0.9999978542327881
8694,3,3,0.9999967813491821
8695,4,4,0.9999998807907104
8696,5,5,0.999998927116394
8697,6,6,0.9999977350234985
8698,7,7,0.9997901320457458
8699,8,8,0.9999974966049194
8700,9,9,0.9997543692588806
8701,3,3,0.9999998807907104
8702,5,5,0.9998292922973633
8703,3,3,0.9999575614929199
8704,2,2,0.9999995231628418
8705,9,9,0.9999356269836426
8706,3,3,0.9999997615814209
8707,2,2,0.9999991655349731
8708,1,1,0.999915361404419
8709,4,4,0.9999995231628418
8710,5,5,0.9999732971191406
8711,5,5,0.9999829530715942
8712,2,2,0.9999985694885254
8713,3,3,0.9999978542327881
8714,2,2,0.9999958276748657
8715,1,1,0.9997652173042297
8716,3,3,0.9999992847442627
8717,9,9,0.9999849796295166
8718,7,7,0.9998323917388916
8719,2,2,0.9999995231628418
8720,1,1,0.9999945163726807
8721,2,2,0.9999887943267822
8722,8,8,0.9997106194496155
8723,9,9,0.999962568283081
8724,1,1,0.999956488609314
8725,8,8,0.9999934434890747
8726,8,8,0.9999885559082031
8727,7,7,0.9999409914016724
8728,8,8,0.9999817609786987
8729,1,1,0.999976634979248
8730,0,0,0.9999957084655762
8731,0,0,0.9999953508377075
8732,6,6,0.999980092048645
8733,7,7,0.9997487664222717
8734,7,7,0.9999936819076538
8735,8,8,0.999392032623291
8736,7,7,0.9340059161186218
8737,5,5,0.999991774559021
8738,0,0,0.9991982579231262
8739,6,6,0.9999819993972778
8740,1,1,0.9999818801879883
8741,5,5,0.9999836683273315
8742,7,7,0.9841437339782715
8743,4,4,1.0
8744,6,6,0.9997754693031311
8745,1,1,0.9999369382858276
8746,2,2,0.9999967813491821
8747,5,5,0.9999984502792358
8748,0,0,0.9999754428863525
8749,7,7,0.9999308586120605
8750,9,9,0.9999814033508301
8751,9,9,0.9999936819076538
8752,0,0,0.9998606443405151
8753,3,3,0.999995231628418
8754,4,4,0.9999964237213135
8755,4,4,0.9999997615814209
8756,8,8,0.9837611317634583
8757,4,4,0.9999986886978149
8758,1,1,0.9999526739120483
8759,8,8,0.9998881816864014
8760,6,6,0.9999650716781616
8761,5,5,0.9999984502792358
8762,9,9,0.9999668598175049
8763,0,0,0.9999760389328003
8764,0,0,0.999935507774353
8765,0,0,0.9999145269393921
8766,3,3,1.0
8767,7,7,0.9998471736907959
8768,1,1,0.9999685287475586
8769,6,6,0.9999624490737915
8770,4,4,0.9999796152114868
8771,6,6,0.9999933242797852
8772,0,0,0.999983549118042
8773,4,4,0.9999995231628418
8774,5,5,0.9999990463256836
8775,4,4,0.9999961853027344
8776,1,1,0.9999790191650391
8777,3,3,1.0
8778,8,8,0.9999864101409912
8779,6,6,0.9999951124191284
8780,3,3,1.0
8781,9,9,0.9996815919876099
8782,9,9,0.999931812286377
8783,5,5,0.9999983310699463
8784,9,9,0.9999979734420776
8785,3,3,0.9996905326843262
8786,7,7,0.999976634979248
8787,8,8,0.9993664622306824
8788,5,5,0.9995586276054382
8789,6,6,0.9999959468841553
8790,4,4,0.9999998807907104
8791,7,7,0.9999926090240479
8792,6,6,0.9999877214431763
8793,2,2,0.9999996423721313
8794,2,2,0.9999979734420776
8795,0,0,0.9998201727867126
8796,9,9,0.9999926090240479
8797,4,4,0.9999994039535522
8798,0,0,0.9999964237213135
8799,1,1,0.9999727010726929
8800,2,2,1.0
8801,3,3,0.9999896287918091
8802,4,4,0.9999998807907104
8803,5,5,0.9999984502792358
8804,6,6,0.9999419450759888
8805,7,7,0.9999765157699585
8806,8,8,0.9998481273651123
8807,9,9,0.9999651908874512
8808,0,0,0.9999985694885254
8809,1,1,0.999800980091095
8810,2,2,0.9999967813491821
8811,3,3,0.9999991655349731
8812,4,4,0.9999898672103882
8813,5,5,0.9999998807907104
8814,6,6,0.9999856948852539
8815,7,7,0.9999899864196777
8816,8,8,0.9996575117111206
8817,9,9,0.9999949932098389
8818,0,0,0.9999797344207764
8819,1,1,0.9996007084846497
8820,2,2,0.9999829530715942
8821,3,3,0.999992847442627
8822,4,4,0.9999936819076538
8823,5,5,0.999976396560669
8824,6,6,0.999969482421875
8825,7,7,0.9999710321426392
8826,8,8,0.9999984502792358
8827,9,9,0.9999663829803467
8828,6,6,0.999992847442627
8829,4,4,0.9999984502792358
8830,2,2,0.9999997615814209
8831,6,6,0.9999792575836182
8832,4,4,1.0
8833,7,7,0.9983701109886169
8834,5,5,0.9999998807907104
8835,5,5,0.9999998807907104
8836,4,4,0.9999990463256836
8837,7,7,0.9999476671218872
8838,2,2,1.0
8839,9,9,0.9999734163284302
8840,3,3,1.0
8841,9,9,0.9999892711639404
8842,3,3,0.9999258518218994
8843,8,8,0.9999963045120239
8844,2,2,0.9999998807907104
8845,0,0,0.9999821186065674
8846,9,9,0.9999058246612549
8847,5,5,0.9979652166366577
8848,6,6,0.9999817609786987
8849,0,0,0.9999614953994751
8850,1,1,0.999988317489624
8851,0,0,0.9999403953552246
8852,6,6,0.9999942779541016
8853,5,5,0.9996070265769958
8854,3,3,0.9999996423721313
8855,5,5,0.9999990463256836
8856,3,3,0.9999991655349731
8857,8,8,0.9999978542327881
8858,0,0,0.9999911785125732
8859,0,0,0.9999032020568848
8860,3,3,0.9999947547912598
8861,4,4,0.9999995231628418
8862,1,1,0.9999279975891113
8863,5,5,0.9989994168281555
8864,3,3,0.9999954700469971
8865,0,0,0.9999722242355347
8866,8,8,0.9999667406082153
8867,3,3,0.9999785423278809
8868,0,0,0.9999854564666748
8869,6,6,0.9994959831237793
8870,2,2,0.9999996423721313
8871,7,7,0.9999977350234985
8872,8,8,0.9999984502792358
8873,1,1,0.9999618530273438
8874,7,7,0.9999819993972778
8875,1,1,0.9999467134475708
8876,3,3,0.9999642372131348
8877,8,8,0.9999974966049194
8878,5,5,0.9999985694885254
8879,4,4,0.9999998807907104
8880,2,2,0.9999997615814209
8881,0,0,0.9999909400939941
8882,9,9,0.9968543648719788
8883,7,7,0.999987006187439
8884,6,6,0.9999983310699463
8885,7,7,0.9999022483825684
8886,4,4,0.9999969005584717
8887,1,1,0.9991863369941711
8888,6,6,0.9999945163726807
8889,2,2,0.9989066123962402
8890,6,6,0.9997411370277405
8891,7,7,0.9999899864196777
8892,1,1,0.9999257326126099
8893,9,9,0.9999955892562866
8894,8,8,0.9999959468841553
8895,0,0,0.9999852180480957
8896,6,6,0.9999315738677979
8897,9,9,0.9998825788497925
8898,4,4,0.9999991655349731
8899,9,9,0.9999935626983643
8900,9,9,0.9999532699584961
8901,6,6,0.9980440139770508
8902,2,2,0.999982476234436
8903,3,3,0.9999966621398926
8904,7,7,0.999816358089447
8905,1,1,0.9999748468399048
8906,9,9,0.999624490737915
8907,2,2,0.9999998807907104
8908,2,2,0.9999617338180542
8909,5,5,0.9999994039535522
8910,3,3,0.9999997615814209
8911,7,7,0.999927282333374
8912,8,8,0.999858021736145
8913,0,0,0.9999545812606812
8914,1,1,0.9999842643737793
8915,2,2,0.9999986886978149
8916,3,3,1.0
8917,4,4,0.9999908208847046
8918,7,7,0.9995272159576416
8919,8,8,0.9999996423721313
8920,9,9,0.9999529123306274
8921,0,0,0.999869704246521
8922,1,1,0.9999057054519653
8923,2,2,0.9999730587005615
8924,3,3,0.9999996423721313
8925,4,4,1.0
8926,7,7,0.9999839067459106
8927,8,8,0.9999988079071045
8928,9,9,0.9999790191650391
8929,0,0,0.9999990463256836
8930,1,1,0.99982088804245
8931,7,7,0.9998663663864136
8932,8,8,0.9999971389770508
8933,9,9,0.9999862909317017
8934,8,8,0.9999979734420776
8935,9,9,0.9999978542327881
8936,2,2,1.0
8937,6,6,0.9999862909317017
8938,1,1,0.999860405921936
8939,3,3,0.9999996423721313
8940,5,5,0.9999955892562866
8941,4,4,0.999966025352478
8942,8,8,0.9980337023735046
8943,2,2,0.9998284578323364
8944,6,6,0.999321460723877
8945,4,4,0.9999992847442627
8946,3,3,0.9999972581863403
8947,4,4,0.9999948740005493
8948,5,5,0.9999710321426392
8949,9,9,0.9999977350234985
8950,2,2,0.9999940395355225
8951,0,0,0.9999881982803345
8952,3,3,0.9958165287971497
8953,9,9,0.9999852180480957
8954,4,4,0.9998729228973389
8955,9,9,0.9999945163726807
8956,7,7,0.9954156875610352
8957,3,3,0.9999986886978149
8958,8,8,0.9999793767929077
8959,7,7,0.9999537467956543
8960,4,4,0.9999983310699463
8961,4,4,0.9999390840530396
8962,9,9,0.9999773502349854
8963,8,8,0.9998168349266052
8964,5,5,0.9999960660934448
8965,8,8,0.9999995231628418
8966,2,2,1.0
8967,6,6,0.9999279975891113
8968,6,6,0.9999985694885254
8969,2,2,0.9999997615814209
8970,3,3,1.0
8971,1,1,0.9999269247055054
8972,3,3,1.0
8973,2,2,0.9999741315841675
8974,7,7,0.9998466968536377
8975,3,3,0.9995290040969849
8976,1,1,0.9999679327011108
8977,9,9,0.9999876022338867
8978,0,0,0.9999984502792358
8979,1,1,0.9996275901794434
8980,1,1,0.999679684638977
8981,3,3,0.9999814033508301
8982,5,5,0.9999758005142212
8983,0,0,0.9999874830245972
8984,7,7,0.9996567964553833
8985,8,8,0.9999995231628418
8986,1,1,0.9997137188911438
8987,5,5,0.9999980926513672
8988,1,1,0.9999784231185913
8989,4,4,1.0
8990,6,6,0.9999698400497437
8991,0,0,0.9999994039535522
8992,0,0,0.9999992847442627
8993,4,4,0.9999990463256836
8994,9,9,0.9999618530273438
8995,1,1,0.9995383024215698
8996,6,6,0.9999972581863403
8997,6,6,0.9999688863754272
8998,9,9,0.9998102784156799
8999,0,0,0.9999938011169434
9000,7,7,0.9999791383743286
9001,6,6,0.9999818801879883
9002,1,1,0.9998763799667358
9003,1,1,0.9998161196708679
9004,0,0,0.9989756345748901
9005,1,1,0.9998192191123962
9006,2,2,0.9987408518791199
9007,3,3,0.9999992847442627
9008,4,4,0.9992881417274475
9009,7,2,0.8921866416931152
9010,2,2,0.987595796585083
9011,3,3,0.999901294708252
9012,4,4,0.996418833732605
9013,5,5,0.9397000074386597
9014,6,6,0.9999427795410156
9015,7,7,0.5487744808197021
9016,0,0,0.9102897047996521
9017,1,1,0.9849407076835632
9018,2,2,0.9996111989021301
9019,7,7,0.8287964463233948
9020,8,8,0.9999966621398926
9021,6,6,0.9999912977218628
9022,3,3,0.9999096393585205
9023,9,9,0.9998156428337097
9024,7,7,0.8130964636802673
9025,1,1,0.9745272994041443
9026,9,9,0.9994136095046997
9027,3,3,0.9998317956924438
9028,9,9,0.9998557567596436
9029,6,6,0.9999785423278809
9030,1,1,0.9999037981033325
9031,7,7,0.9912659525871277
9032,2,2,0.9978864789009094
9033,4,4,0.999984622001648
9034,4,4,0.9999921321868896
9035,5,5,0.9992513060569763
9036,7,7,0.9345362782478333
9037,0,0,0.9999970197677612
9038,0,0,0.9991633892059326
9039,1,1,0.9997878670692444
9040,6,6,0.9998424053192139
9041,6,6,0.9999639987945557
9042,8,8,0.9999984502792358
9043,2,2,0.99901282787323
9044,7,7,0.9594536423683167
9045,7,7,0.9920027256011963
9046,2,2,0.9958637952804565
9047,4,4,0.9999654293060303
9048,2,2,0.9999998807907104
9049,1,1,0.9998747110366821
9050,6,6,0.997962474822998
9051,1,1,0.9845904111862183
9052,0,0,0.9998019337654114
9053,6,6,0.9999567270278931
9054,9,9,0.9906551241874695
9055,8,8,1.0
9056,3,3,0.9999958276748657
9057,9,9,0.9998185038566589
9058,6,6,0.9999537467956543
9059,3,3,0.9999749660491943
9060,0,0,0.9999997615814209
9061,1,1,0.9994169473648071
9062,2,2,0.999663233757019
9063,3,3,0.9999349117279053
9064,4,4,0.9999994039535522
9065,5,5,1.0
9066,6,6,0.9999994039535522
9067,7,7,0.9998544454574585
9068,8,8,0.9992144107818604
9069,9,9,0.9999195337295532
9070,0,0,0.9999691247940063
9071,1,1,0.916008710861206
9072,2,2,0.9999741315841675
9073,3,3,0.9999151229858398
9074,4,4,0.9999958276748657
9075,5,5,1.0
9076,6,6,0.9999758005142212
9077,7,7,0.9999985694885254
9078,8,8,0.9999988079071045
9079,9,9,0.9999903440475464
9080,0,0,0.9999998807907104
9081,1,1,0.9997108578681946
9082,2,2,0.9999483823776245
9083,3,3,1.0
9084,4,4,0.9779558777809143
9085,5,5,0.9969927072525024
9086,6,6,0.9999986886978149
9087,7,7,0.9999959468841553
9088,8,8,0.9993504881858826
9089,9,9,0.9999314546585083
9090,1,1,0.9998987913131714
9091,6,6,0.9999821186065674
9092,8,8,0.99993896484375
9093,9,9,0.9996651411056519
9094,9,9,0.9999927282333374
9095,0,0,0.9999994039535522
9096,1,1,0.9998593330383301
9097,2,2,0.9999997615814209
9098,4,4,0.9999927282333374
9099,4,4,0.9998888969421387
9100,3,3,1.0
9101,7,7,0.9999961853027344
9102,4,4,0.9999861717224121
9103,4,4,0.9939152598381042
9104,4,4,0.9999324083328247
9105,0,0,0.999864935874939
9106,3,3,1.0
9107,8,8,0.9999961853027344
9108,7,7,0.9999985694885254
9109,5,5,0.9999998807907104
9110,8,8,0.9488433003425598
9111,2,2,1.0
9112,1,1,0.9982106685638428
9113,7,7,0.9999598264694214
9114,5,5,0.9999980926513672
9115,3,3,0.9999974966049194
9116,8,8,0.9998049139976501
9117,5,5,0.9998505115509033
9118,2,2,0.9999986886978149
9119,5,5,0.9999672174453735
9120,1,1,0.9999707937240601
9121,1,1,0.9999556541442871
9122,6,6,0.9999847412109375
9123,2,2,0.9999996423721313
9124,1,1,0.9999738931655884
9125,3,3,1.0
9126,8,8,0.9998774528503418
9127,6,6,0.9999814033508301
9128,4,4,0.9970128536224365
9129,2,2,0.9999942779541016
9130,6,6,0.9999041557312012
9131,2,2,0.9999877214431763
9132,5,5,0.999987006187439
9133,5,5,0.9998049139976501
9134,0,0,0.9999959468841553
9135,2,2,1.0
9136,8,8,0.9998435974121094
9137,0,0,0.9999790191650391
9138,6,6,0.9999994039535522
9139,8,8,0.9980911612510681
9140,1,1,0.9999947547912598
9141,7,7,0.9996968507766724
9142,9,9,0.9999786615371704
9143,1,1,0.9999392032623291
9144,9,9,0.9999949932098389
9145,2,2,0.9999939203262329
9146,6,6,0.9996751546859741
9147,7,7,0.9998457431793213
9148,6,6,0.9999377727508545
9149,6,6,0.9998160004615784
9150,8,8,0.9996597766876221
9151,7,7,0.9998642206192017
9152,4,4,0.9999995231628418
9153,9,9,0.9998152852058411
9154,2,2,1.0
9155,1,1,0.9998927116394043
9156,3,3,0.9999843835830688
9157,3,3,1.0
9158,0,0,0.9180539846420288
9159,5,5,0.9999988079071045
9160,5,5,0.9999880790710449
9161,8,8,0.9999468326568604
9162,0,0,0.9998267292976379
9163,3,3,0.9619750380516052
9164,7,7,0.9997965693473816
9165,9,9,0.9998915195465088
9166,7,7,0.9999994039535522
9167,0,0,1.0
9168,2,2,0.9999034404754639
9169,7,7,0.9941369295120239
9170,9,9,0.9997032284736633
9171,1,1,0.9999737739562988
9172,7,7,0.9999278783798218
9173,8,8,0.9998193383216858
9174,0,0,0.9999998807907104
9175,3,3,0.9999998807907104
9176,5,5,0.9999878406524658
9177,3,3,1.0
9178,6,6,0.9999997615814209
9179,0,0,0.9999939203262329
9180,1,1,0.9998888969421387
9181,2,2,0.9999963045120239
9182,3,3,0.9999136924743652
9183,4,4,0.9996500015258789
9184,5,5,0.9999967813491821
9185,6,6,0.9999330043792725
9186,7,7,0.9997715353965759
9187,8,8,0.9999402761459351
9188,9,9,0.9995457530021667
9189,0,0,0.9999998807907104
9190,1,1,0.999913215637207
9191,2,2,0.9997355341911316
9192,3,3,0.999944806098938
9193,4,4,0.9999778270721436
9194,5,5,0.9999585151672363
9195,6,6,0.9999254941940308
9196,7,7,0.9999159574508667
9197,8,8,0.9995914101600647
9198,9,9,0.9999297857284546
9199,0,0,0.9999915361404419
9200,1,1,0.9998212456703186
9201,2,2,0.9999909400939941
9202,3,3,0.99886155128479
9203,4,4,0.9999457597732544
9204,7,7,0.9996448755264282
9205,8,8,0.9998718500137329
9206,9,9,0.9999192953109741
9207,6,6,0.9994138479232788
9208,4,4,0.9984709620475769
9209,2,2,0.9999477863311768
9210,6,6,0.958042562007904
9211,4,4,0.947018027305603
9212,7,7,0.9993902444839478
9213,8,8,0.9999982118606567
9214,9,9,0.9969038367271423
9215,2,2,0.9999719858169556
9216,9,9,0.9992790818214417
9217,3,3,0.9996473789215088
9218,9,9,0.9996079802513123
9219,3,3,0.9999922513961792
9220,0,0,0.9999998807907104
9221,0,0,0.9998975992202759
9222,1,1,0.9991249442100525
9223,0,0,0.9999934434890747
9224,4,4,0.9999843835830688
9225,2,2,0.9979006052017212
9226,6,6,0.9998194575309753
9227,3,3,0.9931703805923462
9228,5,5,0.9999969005584717
9229,3,3,0.9999998807907104
9230,0,0,0.9999984502792358
9231,3,3,0.9999850988388062
9232,4,4,0.9999921321868896
9233,1,1,0.9998084902763367
9234,5,5,0.9999977350234985
9235,3,3,0.9999996423721313
9236,0,0,0.9999774694442749
9237,8,8,0.9991227984428406
9238,3,3,0.9999830722808838
9239,0,0,0.9999998807907104
9240,6,6,0.9995391368865967
9241,1,1,0.9996004700660706
9242,7,7,0.9999886751174927
9243,8,8,0.9989159107208252
9244,0,0,0.9999443292617798
9245,9,9,0.9997883439064026
9246,2,2,0.9999904632568359
9247,6,6,0.9999709129333496
9248,7,7,0.9995225667953491
9249,1,1,0.999850869178772
9250,9,9,0.9996823072433472
9251,6,6,0.9998908042907715
9252,9,9,0.9984413981437683
9253,4,4,0.9780712723731995
9254,9,9,0.9999690055847168
9255,9,9,0.9994608759880066
9256,6,6,0.9994606375694275
9257,7,7,0.9886000752449036
9258,1,1,0.9999198913574219
9259,2,2,0.9982094764709473
9260,5,5,0.9999922513961792
9261,3,3,1.0
9262,7,7,0.9998103976249695
9263,8,8,0.9999654293060303
9264,0,0,0.9999992847442627
9265,1,1,0.999521017074585
9266,2,2,0.999985933303833
9267,4,4,0.9999557733535767
9268,5,5,0.999998927116394
9269,6,6,0.9999960660934448
9270,7,7,0.9999849796295166
9271,8,8,0.999995231628418
9272,9,9,0.9999980926513672
9273,0,0,0.9999997615814209
9274,1,1,0.9998558759689331
9275,3,3,0.9999428987503052
9276,4,4,0.9999948740005493
9277,5,5,0.9999986886978149
9278,6,6,0.999940037727356
9279,7,7,0.999998927116394
9280,8,8,0.915816068649292
9281,0,0,0.9999903440475464
9282,1,1,0.9999374151229858
9283,3,3,0.9999971389770508
9284,4,4,0.9999995231628418
9285,7,7,0.9999822378158569
9286,8,8,0.9999971389770508
9287,9,9,0.9999817609786987
9288,7,7,0.9999934434890747
9289,5,5,0.9999778270721436
9290,5,5,0.9997462630271912
9291,1,1,0.9999643564224243
9292,9,9,0.9999821186065674
9293,9,9,0.9998034834861755
9294,7,7,0.9999814033508301
9295,1,1,0.9999402761459351
9296,0,0,0.9994543194770813
9297,0,0,0.9999963045120239
9298,5,5,0.9999995231628418
9299,9,9,0.9999750852584839
9300,7,7,0.9999998807907104
9301,1,1,0.9998911619186401
9302,7,7,0.9999985694885254
9303,2,2,0.9959294199943542
9304,2,2,0.9997950196266174
9305,3,3,0.999996542930603
9306,6,6,0.9999998807907104
9307,8,8,0.9999985694885254
9308,3,3,0.9985445737838745
9309,2,2,0.9963154196739197
9310,0,0,0.9999994039535522
9311,0,0,0.999981164932251
9312,6,6,0.9999972581863403
9313,1,1,0.9999068975448608
9314,7,7,0.9999755620956421
9315,5,5,0.9999462366104126
9316,8,8,0.9514977931976318
9317,6,6,0.999984622001648
9318,2,2,0.9990472197532654
9319,9,9,0.999909520149231
9320,4,4,0.9999821186065674
9321,8,8,0.9999406337738037
9322,8,8,0.9999878406524658
9323,7,7,0.9999994039535522
9324,1,1,0.9999407529830933
9325,0,0,0.9999926090240479
9326,8,8,0.999819815158844
9327,7,7,0.9999914169311523
9328,7,7,0.9999970197677612
9329,5,5,0.9999982118606567
9330,8,8,0.9999269247055054
9331,5,5,0.9998984336853027
9332,3,3,0.9998937845230103
9333,4,4,0.9999992847442627
9334,6,6,0.9999943971633911
9335,1,1,0.9998036026954651
9336,1,1,0.999914288520813
9337,5,5,0.9999816417694092
9338,5,5,0.9999994039535522
9339,0,0,0.9999624490737915
9340,7,7,0.9999809265136719
9341,2,2,0.9995049238204956
9342,3,3,0.9956087470054626
9343,6,6,0.9999861717224121
9344,4,4,0.9999971389770508
9345,1,1,0.9999860525131226
9346,2,2,0.9991925358772278
9347,4,4,0.9999970197677612
9348,1,1,0.9999866485595703
9349,5,5,0.999998927116394
9350,4,4,0.9997327923774719
9351,2,2,0.9999517202377319
9352,0,0,1.0
9353,4,4,0.9999927282333374
9354,8,8,0.9999829530715942
9355,6,6,0.9998859167098999
9356,1,1,0.9998730421066284
9357,9,9,0.9999231100082397
9358,0,0,0.9999996423721313
9359,2,2,0.9999966621398926
9360,5,5,0.9999227523803711
9361,6,6,0.9999964237213135
9362,9,9,0.9999555349349976
9363,3,3,0.9999806880950928
9364,6,6,0.9998569488525391
9365,3,3,0.9999967813491821
9366,6,6,0.9999730587005615
9367,0,0,1.0
9368,1,1,0.9998929500579834
9369,2,2,0.9999666213989258
9370,3,3,1.0
9371,4,4,0.9999992847442627
9372,5,5,0.9999020099639893
9373,6,6,0.9999980926513672
9374,7,7,0.9996970891952515
9375,8,8,0.9988723397254944
9376,9,9,0.9999983310699463
9377,0,0,0.9992125034332275
9378,1,1,0.9999477863311768
9379,2,2,0.9999246597290039
9380,3,3,0.999993085861206
9381,4,4,0.9999990463256836
9382,5,5,0.9996192455291748
9383,6,6,0.9999842643737793
9384,7,7,0.9999648332595825
9385,8,8,0.9965231418609619
9386,9,9,0.9999504089355469
9387,0,0,0.9999804496765137
9388,1,1,0.9993147850036621
9389,2,2,1.0
9390,3,3,0.9999995231628418
9391,5,5,0.9999914169311523
9392,6,6,0.9997135996818542
9393,7,7,0.998683512210846
9394,8,8,0.997672975063324
9395,1,1,0.9998252987861633
9396,0,0,0.9999922513961792
9397,9,9,0.9999192953109741
9398,5,5,0.9999861717224121
9399,7,7,0.9998675584793091
9400,5,5,0.9998986721038818
9401,1,1,0.9999382495880127
9402,8,8,0.999993085861206
9403,6,6,0.9999995231628418
9404,9,9,0.9999507665634155
9405,0,0,0.9999524354934692
9406,4,4,0.9999971389770508
9407,1,1,0.999885082244873
9408,9,9,0.9999955892562866
9409,3,3,0.9999991655349731
9410,8,8,0.9998658895492554
9411,4,4,0.9997864365577698
9412,4,4,0.9999997615814209
9413,7,7,0.9999673366546631
9414,0,0,0.9999991655349731
9415,1,1,0.9996693134307861
9416,9,9,0.9999717473983765
9417,2,2,0.9999954700469971
9418,8,8,0.9999721050262451
9419,7,7,0.9998142123222351
9420,8,8,0.9999986886978149
9421,2,2,0.9965360164642334
9422,5,5,0.9892522692680359
9423,9,9,0.999693751335144
9424,6,6,0.9999967813491821
9425,0,0,0.9994897842407227
9426,6,6,0.9957346320152283
9427,5,5,0.9984777569770813
9428,5,5,0.9999603033065796
9429,3,3,0.9999990463256836
9430,3,3,0.9999911785125732
9431,3,3,0.9999998807907104
9432,9,9,0.9999969005584717
9433,8,8,0.9969056248664856
9434,1,1,0.999950647354126
9435,1,1,0.9999712705612183
9436,0,0,0.9999781847000122
9437,6,6,0.9999858140945435
9438,1,1,0.9999773502349854
9439,0,0,0.999984622001648
9440,0,0,0.9999978542327881
9441,6,6,0.9997196793556213
9442,2,2,0.9999368190765381
9443,1,1,0.9999316930770874
9444,1,1,0.9998288154602051
9445,3,3,1.0
9446,2,2,0.932052731513977
9447,7,7,0.9995880722999573
9448,7,7,0.9998868703842163
9449,8,8,0.9999796152114868
9450,8,8,0.9999009370803833
9451,7,7,0.9999107122421265
9452,8,8,0.9999637603759766
9453,4,4,0.9999985694885254
9454,6,6,0.9999929666519165
9455,0,0,0.9999799728393555
9456,2,2,0.9976111650466919
9457,0,0,0.9999979734420776
9458,7,7,0.9991796612739563
9459,0,0,0.9999992847442627
9460,3,3,1.0
9461,6,6,0.9999876022338867
9462,8,8,0.9999990463256836
9463,7,7,0.9937521815299988
9464,1,1,0.9998855590820312
9465,5,5,0.9989031553268433
9466,9,9,0.999946117401123
9467,9,9,0.9999618530273438
9468,3,3,0.9999996423721313
9469,7,7,0.9992702603340149
9470,2,2,0.9999822378158569
9471,4,4,0.9988131523132324
9472,9,9,0.9999933242797852
9473,4,4,0.999996542930603
9474,3,3,0.9987061023712158
9475,6,6,0.9999974966049194
9476,2,2,0.9999996423721313
9477,2,2,0.9876998662948608
9478,5,5,0.9952255487442017
9479,3,3,0.9999792575836182
9480,2,2,0.9999998807907104
9481,5,5,0.9999977350234985
9482,5,5,0.9999475479125977
9483,9,9,0.9998544454574585
9484,4,4,0.9999953508377075
9485,1,1,0.9999592304229736
9486,7,7,0.9999195337295532
9487,2,2,0.9999890327453613
9488,0,0,0.9998074173927307
9489,1,1,0.9999598264694214
9490,2,2,0.9999788999557495
9491,3,3,0.9998339414596558
9492,4,4,0.9914085268974304
9493,5,5,0.9999276399612427
9494,6,6,0.9996024966239929
9495,7,7,0.9999099969863892
9496,8,8,0.9999583959579468
9497,9,9,0.9891157746315002
9498,0,0,0.9999954700469971
9499,1,1,0.9999499320983887
9500,2,2,0.9860775470733643
9501,3,3,0.9999575614929199
9502,4,4,0.9998656511306763
9503,5,5,0.9993643164634705
9504,6,6,0.9999918937683105
9505,7,7,0.7272611260414124
9506,8,8,0.9999929666519165
9507,9,9,0.999674916267395
9508,0,0,0.9990789890289307
9509,1,1,0.9999725818634033
9510,2,2,0.9999672174453735
9511,3,3,0.9999866485595703
9512,4,4,0.9999533891677856
9513,5,5,0.9940306544303894
9514,6,6,0.9998821020126343
9515,7,7,0.9993335604667664
9516,8,8,0.9999997615814209
9517,9,9,0.9984270334243774
9518,1,1,0.9997592568397522
9519,0,0,0.9999908208847046
9520,1,1,0.9999279975891113
9521,2,2,0.999976634979248
9522,7,7,0.9867396354675293
9523,5,5,0.9998202919960022
9524,3,3,0.9999948740005493
9525,4,4,1.0
9526,4,4,0.9999055862426758
9527,0,0,0.9964938759803772
9528,0,0,0.9999998807907104
9529,6,6,0.9999961853027344
9530,9,9,0.7734560370445251
9531,6,6,0.9999396800994873
9532,6,6,0.9999281167984009
9533,5,5,0.9997801184654236
9534,7,7,0.9980485439300537
9535,2,2,0.9999873638153076
9536,3,3,0.9994995594024658
9537,4,4,0.999964714050293
9538,4,4,0.9939561486244202
9539,9,9,0.9985519051551819
9540,1,8,0.7612090110778809
9541,4,4,0.9999336004257202
9542,0,0,0.9943572878837585
9543,7,7,0.9998642206192017
9544,9,9,0.9989590644836426
9545,5,5,0.9999796152114868
9546,7,7,0.999776303768158
9547,2,2,0.9999996423721313
9548,3,3,0.9999997615814209
9549,1,1,0.9990744590759277
9550,4,4,0.9999982118606567
9551,4,4,0.9999957084655762
9552,0,0,0.9996945858001709
9553,9,9,0.9990463852882385
9554,9,9,0.9836971163749695
9555,6,6,0.999995231628418
9556,1,1,0.9996836185455322
9557,8,8,0.9999873638153076
9558,3,3,0.9999985694885254
9559,3,3,0.9999998807907104
9560,7,7,0.9995879530906677
9561,3,3,1.0
9562,9,9,0.9972707629203796
9563,8,8,0.9999939203262329
9564,8,8,0.9999207258224487
9565,4,4,0.999990701675415
9566,7,7,0.9999620914459229
9567,7,7,0.9998791217803955
9568,6,6,0.999984622001648
9569,2,2,0.9998831748962402
9570,1,1,0.9999403953552246
9571,9,9,0.9962849617004395
9572,8,8,0.9999768733978271
9573,7,7,0.9999861717224121
9574,8,8,0.999996542930603
9575,8,8,0.9999760389328003
9576,7,7,0.9933024644851685
9577,2,2,0.9999992847442627
9578,2,2,0.9999895095825195
9579,3,3,0.9999945163726807
9580,9,9,0.9997792840003967
9581,3,3,1.0
9582,3,3,0.999997615814209
9583,5,5,0.9998897314071655
9584,5,5,0.9999973773956299
9585,0,0,0.9999628067016602
9586,7,7,0.9997696280479431
9587,9,9,0.8438583016395569
9588,5,5,0.9999364614486694
9589,6,6,0.9999946355819702
9590,5,5,0.9999998807907104
9591,1,1,0.9999631643295288
9592,4,4,0.9999911785125732
9593,1,1,0.9999829530715942
9594,1,1,0.993953287601471
9595,2,2,0.9995570778846741
9596,8,8,0.9993742108345032
9597,2,2,0.9999983310699463
9598,6,6,0.9999926090240479
9599,1,1,0.9989773035049438
9600,5,5,0.9999982118606567
9601,0,0,0.9999945163726807
9602,1,1,0.9998576641082764
9603,2,2,0.9999982118606567
9604,3,3,0.9999998807907104
9605,4,4,0.9999991655349731
9606,5,5,0.9990614056587219
9607,6,6,0.9974321722984314
9608,7,7,0.9999449253082275
9609,8,8,0.9999979734420776
9610,9,9,0.9992902278900146
9611,0,0,0.9999995231628418
9612,1,1,0.9705734252929688
9613,2,2,0.9789842963218689
9614,3,3,0.9995161294937134
9615,4,4,0.9999855756759644
9616,5,5,0.9999991655349731
9617,6,6,0.997469425201416
9618,7,7,0.9993621706962585
9619,8,8,0.9999903440475464
9620,9,9,0.9887263178825378
9621,0,0,0.9999125003814697
9622,1,1,0.9992251396179199
9623,2,2,0.9998868703842163
9624,3,3,0.9999957084655762
9625,4,4,0.9974082112312317
9626,5,5,0.9998577833175659
9627,6,6,0.9943496584892273
9628,7,7,0.9980288147926331
9629,8,8,0.9994267225265503
9630,8,8,0.9999171495437622
9631,0,0,0.9998612403869629
9632,6,6,0.9993599057197571
9633,0,0,0.9998487234115601
9634,0,8,0.664793848991394
9635,2,2,0.9999998807907104
9636,3,3,0.9774266481399536
9637,7,7,0.9995812773704529
9638,9,9,0.695534348487854
9639,4,4,0.9998794794082642
9640,7,7,0.9996592998504639
9641,1,1,0.9986394047737122
9642,9,9,0.587506115436554
9643,1,1,0.9635590314865112
9644,7,7,0.9981545805931091
9645,1,1,0.9983429908752441
9646,4,4,0.9999518394470215
9647,0,0,0.9999927282333374
9648,0,0,0.9999970197677612
9649,1,1,0.9975264668464661
9650,7,7,0.9999058246612549
9651,5,5,0.9987754225730896
9652,7,7,0.9586304426193237
9653,1,1,0.9994476437568665
9654,3,3,0.999839186668396
9655,3,3,0.9012175798416138
9656,3,3,0.9987784028053284
9657,1,1,0.9991036057472229
9658,6,6,0.9995297193527222
9659,9,9,0.9998898506164551
9660,7,7,0.9990480542182922
9661,1,1,0.9985692501068115
9662,3,3,0.9999898672103882
9663,0,0,0.9989006519317627
9664,2,7,0.8942797780036926
9665,6,6,0.9998685121536255
9666,0,0,0.987694501876831
9667,8,8,0.9999945163726807
9668,9,9,0.9999499320983887
9669,4,4,0.8634557127952576
9670,3,3,0.9999967813491821
9671,5,5,0.9999949932098389
9672,4,4,0.9996204376220703
9673,8,8,0.9999381303787231
9674,1,1,0.9997664093971252
9675,5,5,0.9999871253967285
9676,9,9,0.9986931681632996
9677,0,0,0.8571780920028687
9678,6,6,0.9997696280479431
9679,6,2,0.834260106086731
9680,3,3,0.9999973773956299
9681,8,8,0.9999927282333374
9682,1,1,0.9995937943458557
9683,4,4,0.9998670816421509
9684,7,7,0.9994630217552185
9685,5,5,0.9999953508377075
9686,2,2,0.9999758005142212
9687,0,0,0.9994893074035645
9688,0,0,0.9998031258583069
9689,1,1,0.999647855758667
9690,7,7,0.9999144077301025
9691,8,8,0.9997619986534119
9692,9,9,0.8297017216682434
9693,6,6,0.9918751120567322
9694,8,8,0.9978991746902466
9695,8,8,0.995230495929718
9696,2,2,0.999381422996521
9697,3,3,0.9999854564666748
9698,6,6,0.9177109003067017
9699,1,1,0.994411051273346
9700,2,2,0.8757580518722534
9701,9,9,0.8935300707817078
9702,5,5,0.999997615814209
9703,2,2,0.9995939135551453
9704,0,0,0.9999008178710938
9705,1,1,0.9999924898147583
9706,2,2,0.9979676604270935
9707,3,3,1.0
9708,4,4,0.9998015761375427
9709,5,5,0.9994068145751953
9710,6,6,0.9996980428695679
9711,7,7,0.989797055721283
9712,8,8,0.9967047572135925
9713,9,9,0.9990829229354858
9714,0,0,0.9979099631309509
9715,1,1,0.9999673366546631
9716,2,2,0.9979749321937561
9717,3,3,0.9999995231628418
9718,4,4,0.9999986886978149
9719,5,5,0.9906168580055237
9720,6,6,0.999723494052887
9721,7,7,0.9817618131637573
9722,8,8,0.9999897480010986
9723,9,9,0.9999428987503052
9724,0,0,0.9999934434890747
9725,1,1,0.9997206330299377
9726,2,2,0.9942051768302917
9727,3,3,0.9999985694885254
9728,4,4,0.9998685121536255
9729,5,6,0.9935581088066101
9730,6,6,0.9960755705833435
9731,7,7,0.9930098056793213
9732,8,8,0.9998747110366821
9733,9,9,0.9959931373596191
9734,7,7,0.9994434714317322
9735,4,4,0.9956687688827515
9736,6,6,0.9981127977371216
9737,1,1,0.9999734163284302
9738,4,4,0.9984338879585266
9739,0,0,0.9972473978996277
9740,9,9,0.9835045337677002
9741,9,9,0.9486803412437439
9742,3,3,0.999460756778717
9743,7,7,0.9945093989372253
9744,8,8,0.9989874958992004
9745,4,2,0.5277164578437805
9746,7,7,0.9976344108581543
9747,5,5,0.9999068975448608
9748,8,8,0.999981164932251
9749,5,5,0.8416310548782349
9750,3,3,0.9999734163284302
9751,2,2,0.8616440296173096
9752,2,2,0.9181497097015381
9753,0,0,0.9997416138648987
9754,5,5,0.971184492111206
9755,8,8,0.9992638230323792
9756,6,6,0.9997910857200623
9757,0,0,0.9997856020927429
9758,3,3,0.9998307228088379
9759,8,8,0.9999748468399048
9760,1,1,0.9998328685760498
9761,0,0,0.999607503414154
9762,3,3,0.9574929475784302
9763,0,0,0.9943732023239136
9764,4,4,0.9972251653671265
9765,7,7,0.9996868371963501
9766,4,4,0.9999949932098389
9767,9,9,0.9998956918716431
9768,2,0,0.5710861682891846
9769,9,9,0.9999645948410034
9770,5,0,0.8013087511062622
9771,7,7,0.9991932511329651
9772,1,1,0.9999748468399048
9773,7,7,0.9993922710418701
9774,1,1,0.9998594522476196
9775,6,6,0.9999346733093262
9776,6,6,0.9995998740196228
9777,5,5,0.7132744789123535
9778,6,6,0.9990206956863403
9779,2,2,0.6608742475509644
9780,8,8,0.9999134540557861
9781,7,7,0.8771093487739563
9782,6,6,0.9664862751960754
9783,4,4,0.9992527365684509
9784,9,9,0.9997190833091736
9785,9,9,0.9999657869338989
9786,5,5,0.9998866319656372
9787,3,3,0.9997428059577942
9788,7,7,0.9952211976051331
9789,4,4,0.9914247989654541
9790,3,3,0.9997171759605408
9791,0,0,0.9998651742935181
9792,4,4,0.5770928263664246
9793,6,6,0.987881064414978
9794,6,6,0.9998936653137207
9795,1,1,0.9845684766769409
9796,1,1,0.9997687935829163
9797,3,3,0.9999444484710693
9798,2,2,0.9995125532150269
9799,1,1,0.999774158000946
9800,0,0,0.9531315565109253
9801,0,0,0.9999998807907104
9802,1,1,0.9999765157699585
9803,2,2,0.9999822378158569
9804,3,3,0.9990290403366089
9805,4,4,1.0
9806,7,7,0.9999872446060181
9807,8,8,0.9999948740005493
9808,9,9,0.9957497119903564
9809,0,0,0.9994176626205444
9810,1,1,0.9999620914459229
9811,2,8,0.9175378084182739
9812,3,3,0.9999871253967285
9813,4,4,0.9998723268508911
9814,5,5,0.9999653100967407
9815,6,6,0.9992988109588623
9816,7,7,0.9997738003730774
9817,8,8,0.9996505975723267
9818,0,0,0.9996997117996216
9819,1,1,0.999947190284729
9820,2,2,0.999809205532074
9821,3,3,0.9999998807907104
9822,4,4,0.9999995231628418
9823,7,7,0.9999827146530151
9824,8,8,0.9999585151672363
9825,9,9,0.9999712705612183
9826,0,0,0.996896505355835
9827,8,8,0.9997866749763489
9828,3,3,0.995353102684021
9829,9,9,0.9977796673774719
9830,5,5,0.999947190284729
9831,5,5,0.9973226189613342
9832,2,2,0.9799807667732239
9833,6,6,0.9970592260360718
9834,8,8,0.9942235350608826
9835,4,4,0.9999741315841675
9836,1,1,0.9999740123748779
9837,7,7,0.9999516010284424
9838,1,1,0.9999346733093262
9839,2,2,0.6000921130180359
9840,3,3,0.979286789894104
9841,5,5,0.9993802309036255
9842,6,6,0.9991413354873657
9843,9,9,0.9991025924682617
9844,1,1,0.9999648332595825
9845,1,1,0.9999308586120605
9846,1,1,0.9998853206634521
9847,2,2,0.9983401298522949
9848,1,1,0.9999855756759644
9849,2,2,0.9997592568397522
9850,0,0,0.9832815527915955
9851,7,7,0.999981164932251
9852,7,7,0.9996429681777954
9853,5,5,0.9999159574508667
9854,8,8,0.9984868764877319
9855,2,2,0.9989572763442993
9856,9,9,0.8538290858268738
9857,8,8,0.9983093738555908
9858,6,6,0.9679686427116394
9859,7,7,0.9999539852142334
9860,3,3,0.9994390606880188
9861,4,4,0.9999957084655762
9862,6,6,0.993335485458374
9863,8,8,0.9971531629562378
9864,7,7,0.9997923970222473
9865,0,0,0.9994766116142273
9866,4,4,0.9999915361404419
9867,2,2,0.9416582584381104
9868,7,7,0.9999340772628784
9869,7,7,0.9999853372573853
9870,5,5,0.9997766613960266
9871,4,4,0.9999971389770508
9872,3,3,0.9999977350234985
9873,4,4,0.9998776912689209
9874,2,2,0.9953551292419434
9875,8,8,0.9978615641593933
9876,1,1,0.9999452829360962
9877,5,5,0.9999954700469971
9878,1,1,0.9999599456787109
9879,0,0,0.7157553434371948
9880,2,2,0.9997736811637878
9881,3,3,0.9958064556121826
9882,3,3,0.9913966059684753
9883,5,5,0.9922119379043579
9884,7,7,0.9976262450218201
9885,0,0,0.999527096748352
9886,6,6,0.9990066885948181
9887,8,8,0.9985015392303467
9888,6,0,0.7070558071136475
9889,3,3,0.9999980926513672
9890,9,9,0.9901081323623657
9891,9,9,0.9877445101737976
9892,8,8,0.8479709029197693
9893,2,2,0.5744698643684387
9894,7,7,0.9989312291145325
9895,7,7,0.9999262094497681
9896,1,1,0.9999665021896362
9897,0,0,0.9999977350234985
9898,1,1,0.9999927282333374
9899,7,7,0.9996935129165649
9900,8,8,0.9995348453521729
9901,9,9,0.9982749223709106
9902,0,0,0.9952160120010376
9903,1,1,0.9995905756950378
9904,2,2,0.7235007882118225
9905,3,3,0.9924039244651794
9906,4,4,0.9979133009910583
9907,5,5,0.9999738931655884
9908,6,6,0.9992664456367493
9909,7,7,0.9991982579231262
9910,8,8,0.9997801184654236
9911,0,0,0.9999338388442993
9912,1,1,0.9990919828414917
9913,2,2,0.996870219707489
9914,3,3,0.9997729659080505
9915,4,4,0.9999152421951294
9916,7,7,0.9974402189254761
9917,8,8,0.999995231628418
9918,9,9,0.9998241066932678
9919,7,7,0.9966097474098206
9920,8,8,0.9999973773956299
9921,6,6,0.9996002316474915
9922,4,4,0.8159461617469788
9923,1,1,0.9999701976776123
9924,9,9,0.9903637766838074
9925,3,3,0.9993582367897034
9926,8,8,0.9983564019203186
9927,4,4,0.9996954202651978
9928,4,4,0.9997627139091492
9929,7,7,0.9999755620956421
9930,0,0,0.999988317489624
9931,1,1,0.9999291896820068
9932,9,9,0.997681736946106
9933,2,2,0.9999988079071045
9934,8,8,0.999982476234436
9935,7,7,0.9997392296791077
9936,8,8,0.9998250603675842
9937,2,2,0.9996767044067383
9938,6,6,0.9998472929000854
9939,0,0,0.9999043941497803
9940,6,6,0.9927765130996704
9941,5,5,0.9774691462516785
9942,3,3,0.9999679327011108
9943,3,3,0.9995864033699036
9944,3,3,0.9927686452865601
9945,9,9,0.9956628680229187
9946,1,1,0.9999486207962036
9947,4,4,0.9923364520072937
9948,0,0,0.9998911619186401
9949,6,6,0.9998084902763367
9950,1,1,0.9999663829803467
9951,0,0,0.9995336532592773
9952,0,0,0.9999997615814209
9953,6,6,0.9965963959693909
9954,2,2,0.9996410608291626
9955,1,1,0.9991374015808105
9956,1,1,0.999845027923584
9957,7,7,0.9993410706520081
9958,7,7,0.9998289346694946
9959,8,8,0.9906919598579407
9960,4,4,0.9999773502349854
9961,6,6,0.9998718500137329
9962,0,0,0.9999898672103882
9963,7,7,0.9998449087142944
9964,0,0,0.9998879432678223
9965,3,3,0.9999361038208008
9966,6,6,0.9999077320098877
9967,8,8,0.9999880790710449
9968,7,7,0.9996991157531738
9969,1,1,0.9999021291732788
9970,5,5,0.9951242804527283
9971,2,2,0.9982272982597351
9972,4,4,0.9999980926513672
9973,9,9,0.9998408555984497
9974,4,4,0.999925971031189
9975,3,3,0.9927478432655334
9976,6,6,0.8344663381576538
9977,4,4,0.9999052286148071
9978,1,1,0.99973064661026
9979,7,7,0.9999258518218994
9980,2,2,0.9994198083877563
9981,6,6,0.9995800852775574
9982,5,6,0.49812108278274536
9983,0,0,1.0
9984,1,1,0.999868631362915
9985,2,2,0.9983300566673279
9986,3,3,0.9999678134918213
9987,4,4,0.9999996423721313
9988,5,5,0.999998927116394
9989,6,6,0.9999558925628662
9990,7,7,0.9999557733535767
9991,8,8,0.999909520149231
9992,9,9,0.9988915324211121
9993,0,0,0.9999275207519531
9994,1,1,0.9999359846115112
9995,2,2,0.9999995231628418
9996,3,3,0.999964714050293
9997,4,4,0.9999922513961792
9998,5,5,0.9992011189460754
9999,6,6,0.9999865293502808
